underlying,option_style,contract_symbol,option_type,quote_date,underlying_price,strike,expiry_date,risk_free_rate,dividend_yield,vendor_implied_volatility,market_option_price,bid,ask,bid_ask_spread,volume,open_interest,data_source,implied_volatility,iv_solvable
AAPL,american,AAPL260814C00240000,call,2026-08-13,302.25,240.0,2026-08-14,0.03707000017166138,0.0034436388,1.0000000000000003e-05,73.35,0.0,0.0,0.0,32.0,0.0,yahoo,,False
AAPL,american,AAPL260814C00260000,call,2026-08-13,302.25,260.0,2026-08-14,0.03707000017166138,0.0034436388,1.0000000000000003e-05,53.18,0.0,0.0,0.0,6.0,0.0,yahoo,4.609426997905279,True
AAPL,american,AAPL260814C00270000,call,2026-08-13,302.25,270.0,2026-08-14,0.03707000017166138,0.0034436388,1.0000000000000003e-05,37.46,0.0,0.0,0.0,51.0,0.0,yahoo,2.775287521701519,True
AAPL,american,AAPL260814C00292500,call,2026-08-13,302.25,292.5,2026-08-14,0.03707000017166138,0.0034436388,1.0000000000000003e-05,9.95,0.0,0.0,0.0,550.0,0.0,yahoo,0.4099662546170886,True
AAPL,american,AAPL260814C00295000,call,2026-08-13,302.25,295.0,2026-08-14,0.03707000017166138,0.0034436388,1.0000000000000003e-05,7.6,0.0,0.0,0.0,7154.0,0.0,yahoo,0.3821528381824295,True
AAPL,american,AAPL260814C00297500,call,2026-08-13,302.25,297.5,2026-08-14,0.03707000017166138,0.0034436388,1.0000000000000003e-05,5.35,0.0,0.0,0.0,1442.0,0.0,yahoo,0.3475204622519328,True
AAPL,american,AAPL260814C00300000,call,2026-08-13,302.25,300.0,2026-08-14,0.03707000017166138,0.0034436388,1.0000000000000003e-05,3.7,0.0,0.0,0.0,10905.0,0.0,yahoo,0.38016742716169494,True
AAPL,american,AAPL260814C00302500,call,2026-08-13,302.25,302.5,2026-08-14,0.03707000017166138,0.0034436388,0.0039162109375,2.2,0.0,0.0,0.0,34975.0,0.0,yahoo,0.3655926329830668,True
AAPL,american,AAPL260814C00305000,call,2026-08-13,302.25,305.0,2026-08-14,0.03707000017166138,0.0034436388,0.0312596875,1.2,0.0,0.0,0.0,38387.0,0.0,yahoo,0.3643131520530025,True
AAPL,american,AAPL260814C00307500,call,2026-08-13,302.25,307.5,2026-08-14,0.03707000017166138,0.0034436388,0.062509375,0.64,0.0,0.0,0.0,16705.0,0.0,yahoo,0.37687108151945375,True
AAPL,american,AAPL260814C00310000,call,2026-08-13,302.25,310.0,2026-08-14,0.03707000017166138,0.0034436388,0.062509375,0.33,0.0,0.0,0.0,20000.0,0.0,yahoo,0.3915242114009337,True
AAPL,american,AAPL260814C00312500,call,2026-08-13,302.25,312.5,2026-08-14,0.03707000017166138,0.0034436388,0.12500875,0.18,0.0,0.0,0.0,14609.0,0.0,yahoo,0.41400262613147903,True
AAPL,american,AAPL260814C00315000,call,2026-08-13,302.25,315.0,2026-08-14,0.03707000017166138,0.0034436388,0.12500875,0.11,0.0,0.0,0.0,8726.0,0.0,yahoo,0.44475809366160174,True
AAPL,american,AAPL260814C00317500,call,2026-08-13,302.25,317.5,2026-08-14,0.03707000017166138,0.0034436388,0.12500875,0.06,0.0,0.0,0.0,3069.0,0.0,yahoo,0.46406432147434984,True
AAPL,american,AAPL260814C00320000,call,2026-08-13,302.25,320.0,2026-08-14,0.03707000017166138,0.0034436388,0.12500875,0.04,0.0,0.0,0.0,10574.0,0.0,yahoo,0.4960398357470712,True
AAPL,american,AAPL260814C00322500,call,2026-08-13,302.25,322.5,2026-08-14,0.03707000017166138,0.0034436388,0.2500075,0.03,0.0,0.0,0.0,1546.0,0.0,yahoo,0.5337204435033153,True
AAPL,american,AAPL260814C00325000,call,2026-08-13,302.25,325.0,2026-08-14,0.03707000017166138,0.0034436388,0.2500075,0.02,0.0,0.0,0.0,2999.0,0.0,yahoo,0.560252156698534,True
AAPL,american,AAPL260814C00327500,call,2026-08-13,302.25,327.5,2026-08-14,0.03707000017166138,0.0034436388,0.2500075,0.03,0.0,0.0,0.0,1712.0,0.0,yahoo,0.6421240134500495,True
AAPL,american,AAPL260814C00332500,call,2026-08-13,302.25,332.5,2026-08-14,0.03707000017166138,0.0034436388,0.2500075,0.02,0.0,0.0,0.0,117.0,0.0,yahoo,0.7131670480037126,True
AAPL,american,AAPL260814C00335000,call,2026-08-13,302.25,335.0,2026-08-14,0.03707000017166138,0.0034436388,0.2500075,0.02,0.0,0.0,0.0,97.0,0.0,yahoo,0.7628118699485549,True
AAPL,american,AAPL260814C00340000,call,2026-08-13,302.25,340.0,2026-08-14,0.03707000017166138,0.0034436388,0.2500075,0.04,0.0,0.0,0.0,1633.0,0.0,yahoo,0.9300021201346319,True
AAPL,american,AAPL260814C00342500,call,2026-08-13,302.25,342.5,2026-08-14,0.03707000017166138,0.0034436388,0.2500075,0.02,0.0,0.0,0.0,16.0,0.0,yahoo,0.9065763631136406,True
AAPL,american,AAPL260814C00347500,call,2026-08-13,302.25,347.5,2026-08-14,0.03707000017166138,0.0034436388,0.500005,0.02,0.0,0.0,0.0,5.0,0.0,yahoo,0.9997986839298404,True
AAPL,american,AAPL260814C00352500,call,2026-08-13,302.25,352.5,2026-08-14,0.03707000017166138,0.0034436388,0.500005,0.03,0.0,0.0,0.0,5.0,0.0,yahoo,1.1381400624219933,True
AAPL,american,AAPL260814C00357500,call,2026-08-13,302.25,357.5,2026-08-14,0.03707000017166138,0.0034436388,0.500005,0.02,0.0,0.0,0.0,33.0,0.0,yahoo,1.178720869386983,True
AAPL,american,AAPL260814C00362500,call,2026-08-13,302.25,362.5,2026-08-14,0.03707000017166138,0.0034436388,0.500005,0.05,0.0,0.0,0.0,11.0,0.0,yahoo,1.3955824775920551,True
AAPL,american,AAPL260814P00240000,put,2026-08-13,302.25,240.0,2026-08-14,0.03707000017166138,0.0034436388,0.500005,0.02,0.0,0.0,0.0,67.0,0.0,yahoo,1.601982127739747,True
AAPL,american,AAPL260814P00260000,put,2026-08-13,302.25,260.0,2026-08-14,0.03707000017166138,0.0034436388,0.500005,0.02,0.0,0.0,0.0,376.0,0.0,yahoo,1.0876872976003344,True
AAPL,american,AAPL260814P00265000,put,2026-08-13,302.25,265.0,2026-08-14,0.03707000017166138,0.0034436388,0.500005,0.06,0.0,0.0,0.0,49.0,0.0,yahoo,1.0954662441571148,True
AAPL,american,AAPL260814P00270000,put,2026-08-13,302.25,270.0,2026-08-14,0.03707000017166138,0.0034436388,0.2500075,0.04,0.0,0.0,0.0,770.0,0.0,yahoo,0.9092793026180458,True
AAPL,american,AAPL260814P00275000,put,2026-08-13,302.25,275.0,2026-08-14,0.03707000017166138,0.0034436388,0.2500075,0.03,0.0,0.0,0.0,1381.0,0.0,yahoo,0.7509111977537042,True
AAPL,american,AAPL260814P00277500,put,2026-08-13,302.25,277.5,2026-08-14,0.03707000017166138,0.0034436388,0.2500075,0.05,0.0,0.0,0.0,26.0,0.0,yahoo,0.7337086046843886,True
AAPL,american,AAPL260814P00280000,put,2026-08-13,302.25,280.0,2026-08-14,0.03707000017166138,0.0034436388,0.2500075,0.04,0.0,0.0,0.0,2255.0,0.0,yahoo,0.646412760202425,True
AAPL,american,AAPL260814P00282500,put,2026-08-13,302.25,282.5,2026-08-14,0.03707000017166138,0.0034436388,0.2500075,0.08,0.0,0.0,0.0,705.0,0.0,yahoo,0.6416632402866683,True
AAPL,american,AAPL260814P00285000,put,2026-08-13,302.25,285.0,2026-08-14,0.03707000017166138,0.0034436388,0.12500875,0.07,0.0,0.0,0.0,1626.0,0.0,yahoo,0.5582480240592252,True
AAPL,american,AAPL260814P00287500,put,2026-08-13,302.25,287.5,2026-08-14,0.03707000017166138,0.0034436388,0.12500875,0.1,0.0,0.0,0.0,841.0,0.0,yahoo,0.5173104856386107,True
AAPL,american,AAPL260814P00290000,put,2026-08-13,302.25,290.0,2026-08-14,0.03707000017166138,0.0034436388,0.12500875,0.13,0.0,0.0,0.0,3941.0,0.0,yahoo,0.4650153804700725,True
AAPL,american,AAPL260814P00292500,put,2026-08-13,302.25,292.5,2026-08-14,0.03707000017166138,0.0034436388,0.12500875,0.22,0.0,0.0,0.0,2726.0,0.0,yahoo,0.4327681138864505,True
AAPL,american,AAPL260814P00295000,put,2026-08-13,302.25,295.0,2026-08-14,0.03707000017166138,0.0034436388,0.062509375,0.38,0.0,0.0,0.0,8997.0,0.0,yahoo,0.40097324192716954,True
AAPL,american,AAPL260814P00297500,put,2026-08-13,302.25,297.5,2026-08-14,0.03707000017166138,0.0034436388,0.062509375,0.74,0.0,0.0,0.0,11292.0,0.0,yahoo,0.38525049107235204,True
AAPL,american,AAPL260814P00300000,put,2026-08-13,302.25,300.0,2026-08-14,0.03707000017166138,0.0034436388,0.0312596875,1.34,0.0,0.0,0.0,29792.0,0.0,yahoo,0.36583662576413306,True
AAPL,american,AAPL260814P00302500,put,2026-08-13,302.25,302.5,2026-08-14,0.03707000017166138,0.0034436388,1.0000000000000003e-05,2.37,0.0,0.0,0.0,10230.0,0.0,yahoo,0.3571309418337818,True
AAPL,american,AAPL260814P00305000,put,2026-08-13,302.25,305.0,2026-08-14,0.03707000017166138,0.0034436388,1.0000000000000003e-05,4.0,0.0,0.0,0.0,14495.0,0.0,yahoo,0.37775971374851725,True
AAPL,american,AAPL260814P00307500,put,2026-08-13,302.25,307.5,2026-08-14,0.03707000017166138,0.0034436388,1.0000000000000003e-05,6.35,0.0,0.0,0.0,6244.0,0.0,yahoo,0.47920974373964903,True
AAPL,american,AAPL260814P00310000,put,2026-08-13,302.25,310.0,2026-08-14,0.03707000017166138,0.0034436388,1.0000000000000003e-05,8.0,0.0,0.0,0.0,1080.0,0.0,yahoo,0.37118048104896534,True
AAPL,american,AAPL260814P00312500,put,2026-08-13,302.25,312.5,2026-08-14,0.03707000017166138,0.0034436388,1.0000000000000003e-05,10.95,0.0,0.0,0.0,688.0,0.0,yahoo,0.6018011306751011,True
AAPL,american,AAPL260814P00315000,put,2026-08-13,302.25,315.0,2026-08-14,0.03707000017166138,0.0034436388,1.0000000000000003e-05,14.0,0.0,0.0,0.0,286.0,0.0,yahoo,0.8407375262965485,True
AAPL,american,AAPL260814P00317500,put,2026-08-13,302.25,317.5,2026-08-14,0.03707000017166138,0.0034436388,1.0000000000000003e-05,16.65,0.0,0.0,0.0,252.0,0.0,yahoo,0.977906712076989,True
AAPL,american,AAPL260814P00320000,put,2026-08-13,302.25,320.0,2026-08-14,0.03707000017166138,0.0034436388,1.0000000000000003e-05,18.55,0.0,0.0,0.0,305.0,0.0,yahoo,0.9055624625881262,True
AAPL,american,AAPL260814P00322500,put,2026-08-13,302.25,322.5,2026-08-14,0.03707000017166138,0.0034436388,1.0000000000000003e-05,21.02,0.0,0.0,0.0,6.0,0.0,yahoo,0.9820475900387308,True
AAPL,american,AAPL260814P00325000,put,2026-08-13,302.25,325.0,2026-08-14,0.03707000017166138,0.0034436388,1.0000000000000003e-05,23.54,0.0,0.0,0.0,267.0,0.0,yahoo,1.0715821811595632,True
AAPL,american,AAPL260817C00292500,call,2026-08-13,302.25,292.5,2026-08-17,0.03707000017166138,0.0034436388,1.0000000000000003e-05,10.45,0.0,0.0,0.0,31.0,0.0,yahoo,0.28460600082944987,True
AAPL,american,AAPL260817C00295000,call,2026-08-13,302.25,295.0,2026-08-17,0.03707000017166138,0.0034436388,1.0000000000000003e-05,7.99,0.0,0.0,0.0,74.0,0.0,yahoo,0.23795428675242553,True
AAPL,american,AAPL260817C00297500,call,2026-08-13,302.25,297.5,2026-08-17,0.03707000017166138,0.0034436388,1.0000000000000003e-05,6.0,0.0,0.0,0.0,4181.0,0.0,yahoo,0.23614253138261082,True
AAPL,american,AAPL260817C00300000,call,2026-08-13,302.25,300.0,2026-08-17,0.03707000017166138,0.0034436388,1.0000000000000003e-05,4.28,0.0,0.0,0.0,654.0,0.0,yahoo,0.23459159760858486,True
AAPL,american,AAPL260817C00302500,call,2026-08-13,302.25,302.5,2026-08-17,0.03707000017166138,0.0034436388,0.00196310546875,2.73,0.0,0.0,0.0,4525.0,0.0,yahoo,0.22157867057066252,True
AAPL,american,AAPL260817C00305000,call,2026-08-13,302.25,305.0,2026-08-17,0.03707000017166138,0.0034436388,0.015634843750000002,1.83,0.0,0.0,0.0,5176.0,0.0,yahoo,0.23381398863359615,True
AAPL,american,AAPL260817C00307500,call,2026-08-13,302.25,307.5,2026-08-17,0.03707000017166138,0.0034436388,0.0312596875,1.15,0.0,0.0,0.0,2014.0,0.0,yahoo,0.23999026841026694,True
AAPL,american,AAPL260817C00310000,call,2026-08-13,302.25,310.0,2026-08-17,0.03707000017166138,0.0034436388,0.062509375,0.66,0.0,0.0,0.0,2799.0,0.0,yahoo,0.24140065159877455,True
AAPL,american,AAPL260817C00312500,call,2026-08-13,302.25,312.5,2026-08-17,0.03707000017166138,0.0034436388,0.062509375,0.4,0.0,0.0,0.0,753.0,0.0,yahoo,0.25033813942614686,True
AAPL,american,AAPL260817C00315000,call,2026-08-13,302.25,315.0,2026-08-17,0.03707000017166138,0.0034436388,0.062509375,0.25,0.0,0.0,0.0,1491.0,0.0,yahoo,0.261649870408413,True
AAPL,american,AAPL260817C00317500,call,2026-08-13,302.25,317.5,2026-08-17,0.03707000017166138,0.0034436388,0.12500875,0.15,0.0,0.0,0.0,143.0,0.0,yahoo,0.2702465708259604,True
AAPL,american,AAPL260817C00320000,call,2026-08-13,302.25,320.0,2026-08-17,0.03707000017166138,0.0034436388,0.12500875,0.11,0.0,0.0,0.0,681.0,0.0,yahoo,0.2886750894789951,True
AAPL,american,AAPL260817C00322500,call,2026-08-13,302.25,322.5,2026-08-17,0.03707000017166138,0.0034436388,0.12500875,0.07,0.0,0.0,0.0,165.0,0.0,yahoo,0.298866664340776,True
AAPL,american,AAPL260817C00325000,call,2026-08-13,302.25,325.0,2026-08-17,0.03707000017166138,0.0034436388,0.12500875,0.05,0.0,0.0,0.0,491.0,0.0,yahoo,0.3134469158169013,True
AAPL,american,AAPL260817C00327500,call,2026-08-13,302.25,327.5,2026-08-17,0.03707000017166138,0.0034436388,0.12500875,0.08,0.0,0.0,0.0,13.0,0.0,yahoo,0.3651805010461554,True
AAPL,american,AAPL260817C00330000,call,2026-08-13,302.25,330.0,2026-08-17,0.03707000017166138,0.0034436388,0.12500875,0.03,0.0,0.0,0.0,239.0,0.0,yahoo,0.3468173114258796,True
AAPL,american,AAPL260817C00332500,call,2026-08-13,302.25,332.5,2026-08-17,0.03707000017166138,0.0034436388,0.12500875,0.07,0.0,0.0,0.0,9.0,0.0,yahoo,0.4153036737549113,True
AAPL,american,AAPL260817C00335000,call,2026-08-13,302.25,335.0,2026-08-17,0.03707000017166138,0.0034436388,0.2500075,0.02,0.0,0.0,0.0,10.0,0.0,yahoo,0.38057022625770803,True
AAPL,american,AAPL260817C00340000,call,2026-08-13,302.25,340.0,2026-08-17,0.03707000017166138,0.0034436388,0.2500075,0.06,0.0,0.0,0.0,7.0,0.0,yahoo,0.48775402586216554,True
AAPL,american,AAPL260817P00250000,put,2026-08-13,302.25,250.0,2026-08-17,0.03707000017166138,0.0034436388,0.2500075,0.35,0.0,0.0,0.0,32.0,0.0,yahoo,0.9796948207308567,True
AAPL,american,AAPL260817P00265000,put,2026-08-13,302.25,265.0,2026-08-17,0.03707000017166138,0.0034436388,0.2500075,0.04,0.0,0.0,0.0,12.0,0.0,yahoo,0.5219989187352219,True
AAPL,american,AAPL260817P00275000,put,2026-08-13,302.25,275.0,2026-08-17,0.03707000017166138,0.0034436388,0.12500875,0.07,0.0,0.0,0.0,82.0,0.0,yahoo,0.42059943524534676,True
AAPL,american,AAPL260817P00280000,put,2026-08-13,302.25,280.0,2026-08-17,0.03707000017166138,0.0034436388,0.12500875,0.06,0.0,0.0,0.0,39.0,0.0,yahoo,0.34280231917653975,True
AAPL,american,AAPL260817P00285000,put,2026-08-13,302.25,285.0,2026-08-17,0.03707000017166138,0.0034436388,0.12500875,0.12,0.0,0.0,0.0,63.0,0.0,yahoo,0.3062417715898534,True
AAPL,american,AAPL260817P00287500,put,2026-08-13,302.25,287.5,2026-08-17,0.03707000017166138,0.0034436388,0.12500875,0.16,0.0,0.0,0.0,251.0,0.0,yahoo,0.2833599789761339,True
AAPL,american,AAPL260817P00290000,put,2026-08-13,302.25,290.0,2026-08-17,0.03707000017166138,0.0034436388,0.062509375,0.28,0.0,0.0,0.0,969.0,0.0,yahoo,0.27520075234709557,True
AAPL,american,AAPL260817P00292500,put,2026-08-13,302.25,292.5,2026-08-17,0.03707000017166138,0.0034436388,0.062509375,0.43,0.0,0.0,0.0,776.0,0.0,yahoo,0.258631759720327,True
AAPL,american,AAPL260817P00295000,put,2026-08-13,302.25,295.0,2026-08-17,0.03707000017166138,0.0034436388,0.062509375,0.72,0.0,0.0,0.0,2646.0,0.0,yahoo,0.249008250774884,True
AAPL,american,AAPL260817P00297500,put,2026-08-13,302.25,297.5,2026-08-17,0.03707000017166138,0.0034436388,0.0312596875,1.25,0.0,0.0,0.0,750.0,0.0,yahoo,0.24670496587160762,True
AAPL,american,AAPL260817P00300000,put,2026-08-13,302.25,300.0,2026-08-17,0.03707000017166138,0.0034436388,0.015634843750000002,1.98,0.0,0.0,0.0,3338.0,0.0,yahoo,0.23937547309105417,True
AAPL,american,AAPL260817P00302500,put,2026-08-13,302.25,302.5,2026-08-17,0.03707000017166138,0.0034436388,1.0000000000000003e-05,3.13,0.0,0.0,0.0,871.0,0.0,yahoo,0.24180864629781443,True
AAPL,american,AAPL260817P00305000,put,2026-08-13,302.25,305.0,2026-08-17,0.03707000017166138,0.0034436388,1.0000000000000003e-05,4.85,0.0,0.0,0.0,382.0,0.0,yahoo,0.26480157616197597,True
AAPL,american,AAPL260817P00307500,put,2026-08-13,302.25,307.5,2026-08-17,0.03707000017166138,0.0034436388,1.0000000000000003e-05,7.0,0.0,0.0,0.0,135.0,0.0,yahoo,0.30588004840024197,True
AAPL,american,AAPL260817P00310000,put,2026-08-13,302.25,310.0,2026-08-17,0.03707000017166138,0.0034436388,1.0000000000000003e-05,9.0,0.0,0.0,0.0,72.0,0.0,yahoo,0.31891519546954267,True
AAPL,american,AAPL260817P00312500,put,2026-08-13,302.25,312.5,2026-08-17,0.03707000017166138,0.0034436388,1.0000000000000003e-05,10.45,0.0,0.0,0.0,11.0,0.0,yahoo,0.22738458126908528,True
AAPL,american,AAPL260817P00315000,put,2026-08-13,302.25,315.0,2026-08-17,0.03707000017166138,0.0034436388,1.0000000000000003e-05,13.8,0.0,0.0,0.0,119.0,0.0,yahoo,0.4030012068241192,True
AAPL,american,AAPL260817P00320000,put,2026-08-13,302.25,320.0,2026-08-17,0.03707000017166138,0.0034436388,1.0000000000000003e-05,18.7,0.0,0.0,0.0,113.0,0.0,yahoo,0.4842087141867668,True
AAPL,american,AAPL260819C00280000,call,2026-08-13,302.25,280.0,2026-08-19,0.03707000017166138,0.0034436388,1.0000000000000003e-05,27.48,0.0,0.0,0.0,44.0,0.0,yahoo,0.9010558380037166,True
AAPL,american,AAPL260819C00295000,call,2026-08-13,302.25,295.0,2026-08-19,0.03707000017166138,0.0034436388,1.0000000000000003e-05,8.2,0.0,0.0,0.0,53.0,0.0,yahoo,0.21138967945625822,True
AAPL,american,AAPL260819C00297500,call,2026-08-13,302.25,297.5,2026-08-19,0.03707000017166138,0.0034436388,1.0000000000000003e-05,6.6,0.0,0.0,0.0,10.0,0.0,yahoo,0.23645662758490224,True
AAPL,american,AAPL260819C00300000,call,2026-08-13,302.25,300.0,2026-08-19,0.03707000017166138,0.0034436388,1.0000000000000003e-05,5.05,0.0,0.0,0.0,553.0,0.0,yahoo,0.24140061040894412,True
AAPL,american,AAPL260819C00302500,call,2026-08-13,302.25,302.5,2026-08-19,0.03707000017166138,0.0034436388,0.00196310546875,3.55,0.0,0.0,0.0,1402.0,0.0,yahoo,0.23220326778909928,True
AAPL,american,AAPL260819C00305000,call,2026-08-13,302.25,305.0,2026-08-19,0.03707000017166138,0.0034436388,0.015634843750000002,2.52,0.0,0.0,0.0,1448.0,0.0,yahoo,0.23611930558184221,True
AAPL,american,AAPL260819C00307500,call,2026-08-13,302.25,307.5,2026-08-19,0.03707000017166138,0.0034436388,0.0312596875,1.61,0.0,0.0,0.0,630.0,0.0,yahoo,0.23040200351684165,True
AAPL,american,AAPL260819C00310000,call,2026-08-13,302.25,310.0,2026-08-19,0.03707000017166138,0.0034436388,0.0312596875,1.1,0.0,0.0,0.0,1639.0,0.0,yahoo,0.23799339132541303,True
AAPL,american,AAPL260819C00312500,call,2026-08-13,302.25,312.5,2026-08-19,0.03707000017166138,0.0034436388,0.062509375,0.74,0.0,0.0,0.0,337.0,0.0,yahoo,0.24519167758963054,True
AAPL,american,AAPL260819C00315000,call,2026-08-13,302.25,315.0,2026-08-19,0.03707000017166138,0.0034436388,0.062509375,0.5,0.0,0.0,0.0,852.0,0.0,yahoo,0.2531544503356835,True
AAPL,american,AAPL260819C00317500,call,2026-08-13,302.25,317.5,2026-08-19,0.03707000017166138,0.0034436388,0.062509375,0.25,0.0,0.0,0.0,444.0,0.0,yahoo,0.24405086593543224,True
AAPL,american,AAPL260819C00320000,call,2026-08-13,302.25,320.0,2026-08-19,0.03707000017166138,0.0034436388,0.12500875,0.2,0.0,0.0,0.0,514.0,0.0,yahoo,0.26239796637140694,True
AAPL,american,AAPL260819C00322500,call,2026-08-13,302.25,322.5,2026-08-19,0.03707000017166138,0.0034436388,0.12500875,0.14,0.0,0.0,0.0,20.0,0.0,yahoo,0.2724053040288075,True
AAPL,american,AAPL260819C00325000,call,2026-08-13,302.25,325.0,2026-08-19,0.03707000017166138,0.0034436388,0.12500875,0.11,0.0,0.0,0.0,90.0,0.0,yahoo,0.2874455472338818,True
AAPL,american,AAPL260819C00327500,call,2026-08-13,302.25,327.5,2026-08-19,0.03707000017166138,0.0034436388,0.12500875,0.08,0.0,0.0,0.0,6.0,0.0,yahoo,0.29758634118827776,True
AAPL,american,AAPL260819C00330000,call,2026-08-13,302.25,330.0,2026-08-19,0.03707000017166138,0.0034436388,0.12500875,0.05,0.0,0.0,0.0,79.0,0.0,yahoo,0.30123200170657155,True
AAPL,american,AAPL260819C00332500,call,2026-08-13,302.25,332.5,2026-08-19,0.03707000017166138,0.0034436388,0.12500875,0.05,0.0,0.0,0.0,22.0,0.0,yahoo,0.3236136299811658,True
AAPL,american,AAPL260819C00335000,call,2026-08-13,302.25,335.0,2026-08-19,0.03707000017166138,0.0034436388,0.12500875,0.02,0.0,0.0,0.0,12.0,0.0,yahoo,0.310285344281019,True
AAPL,american,AAPL260819C00337500,call,2026-08-13,302.25,337.5,2026-08-19,0.03707000017166138,0.0034436388,0.12500875,0.04,0.0,0.0,0.0,21.0,0.0,yahoo,0.35741478517546577,True
AAPL,american,AAPL260819C00340000,call,2026-08-13,302.25,340.0,2026-08-19,0.03707000017166138,0.0034436388,0.2500075,0.05,0.0,0.0,0.0,11.0,0.0,yahoo,0.38852428521057664,True
AAPL,american,AAPL260819C00342500,call,2026-08-13,302.25,342.5,2026-08-19,0.03707000017166138,0.0034436388,0.2500075,0.04,0.0,0.0,0.0,9.0,0.0,yahoo,0.39866593138812834,True
AAPL,american,AAPL260819C00360000,call,2026-08-13,302.25,360.0,2026-08-19,0.03707000017166138,0.0034436388,0.2500075,0.25,0.0,0.0,0.0,35.0,0.0,yahoo,0.6826102230748974,True
AAPL,american,AAPL260819P00270000,put,2026-08-13,302.25,270.0,2026-08-19,0.03707000017166138,0.0034436388,0.12500875,0.05,0.0,0.0,0.0,11.0,0.0,yahoo,0.38315531262895614,True
AAPL,american,AAPL260819P00280000,put,2026-08-13,302.25,280.0,2026-08-19,0.03707000017166138,0.0034436388,0.12500875,0.14,0.0,0.0,0.0,68.0,0.0,yahoo,0.3201429944799872,True
AAPL,american,AAPL260819P00285000,put,2026-08-13,302.25,285.0,2026-08-19,0.03707000017166138,0.0034436388,0.12500875,0.24,0.0,0.0,0.0,185.0,0.0,yahoo,0.28614656039502356,True
AAPL,american,AAPL260819P00287500,put,2026-08-13,302.25,287.5,2026-08-19,0.03707000017166138,0.0034436388,0.062509375,0.39,0.0,0.0,0.0,56.0,0.0,yahoo,0.28160674982678363,True
AAPL,american,AAPL260819P00290000,put,2026-08-13,302.25,290.0,2026-08-19,0.03707000017166138,0.0034436388,0.062509375,0.54,0.0,0.0,0.0,225.0,0.0,yahoo,0.2668098383748507,True
AAPL,american,AAPL260819P00292500,put,2026-08-13,302.25,292.5,2026-08-19,0.03707000017166138,0.0034436388,0.062509375,0.87,0.0,0.0,0.0,160.0,0.0,yahoo,0.264682726082113,True
AAPL,american,AAPL260819P00295000,put,2026-08-13,302.25,295.0,2026-08-19,0.03707000017166138,0.0034436388,0.0312596875,1.26,0.0,0.0,0.0,430.0,0.0,yahoo,0.2548244350948306,True
AAPL,american,AAPL260819P00297500,put,2026-08-13,302.25,297.5,2026-08-19,0.03707000017166138,0.0034436388,0.0312596875,1.89,0.0,0.0,0.0,214.0,0.0,yahoo,0.2513419325057134,True
AAPL,american,AAPL260819P00300000,put,2026-08-13,302.25,300.0,2026-08-19,0.03707000017166138,0.0034436388,0.015634843750000002,2.73,0.0,0.0,0.0,835.0,0.0,yahoo,0.24739593261572834,True
AAPL,american,AAPL260819P00302500,put,2026-08-13,302.25,302.5,2026-08-19,0.03707000017166138,0.0034436388,1.0000000000000003e-05,4.1,0.0,0.0,0.0,442.0,0.0,yahoo,0.26182538039164155,True
AAPL,american,AAPL260819P00305000,put,2026-08-13,302.25,305.0,2026-08-19,0.03707000017166138,0.0034436388,1.0000000000000003e-05,5.5,0.0,0.0,0.0,211.0,0.0,yahoo,0.26201430695231875,True
AAPL,american,AAPL260819P00307500,put,2026-08-13,302.25,307.5,2026-08-19,0.03707000017166138,0.0034436388,1.0000000000000003e-05,6.92,0.0,0.0,0.0,103.0,0.0,yahoo,0.24612464809466675,True
AAPL,american,AAPL260819P00310000,put,2026-08-13,302.25,310.0,2026-08-19,0.03707000017166138,0.0034436388,1.0000000000000003e-05,8.92,0.0,0.0,0.0,16.0,0.0,yahoo,0.25645882223334127,True
AAPL,american,AAPL260819P00312500,put,2026-08-13,302.25,312.5,2026-08-19,0.03707000017166138,0.0034436388,1.0000000000000003e-05,11.44,0.0,0.0,0.0,5.0,0.0,yahoo,0.3034766204103465,True
AAPL,american,AAPL260819P00315000,put,2026-08-13,302.25,315.0,2026-08-19,0.03707000017166138,0.0034436388,1.0000000000000003e-05,13.86,0.0,0.0,0.0,220.0,0.0,yahoo,0.33845008266449317,True
AAPL,american,AAPL260819P00317500,put,2026-08-13,302.25,317.5,2026-08-19,0.03707000017166138,0.0034436388,1.0000000000000003e-05,16.22,0.0,0.0,0.0,204.0,0.0,yahoo,0.36390721393510295,True
AAPL,american,AAPL260821C00185000,call,2026-08-13,302.25,185.0,2026-08-21,0.03707000017166138,0.0034436388,1.0000000000000003e-05,122.17,0.0,0.0,0.0,11.0,0.0,yahoo,2.6811235149753485,True
AAPL,american,AAPL260821C00220000,call,2026-08-13,302.25,220.0,2026-08-21,0.03707000017166138,0.0034436388,1.0000000000000003e-05,83.33,0.0,0.0,0.0,35.0,0.0,yahoo,1.277509827115234,True
AAPL,american,AAPL260821C00265000,call,2026-08-13,302.25,265.0,2026-08-21,0.03707000017166138,0.0034436388,1.0000000000000003e-05,37.5,0.0,0.0,0.0,6.0,0.0,yahoo,0.3869373148206028,True
AAPL,american,AAPL260821C00270000,call,2026-08-13,302.25,270.0,2026-08-21,0.03707000017166138,0.0034436388,1.0000000000000003e-05,32.52,0.0,0.0,0.0,300.0,0.0,yahoo,0.3498244181704321,True
AAPL,american,AAPL260821C00280000,call,2026-08-13,302.25,280.0,2026-08-21,0.03707000017166138,0.0034436388,1.0000000000000003e-05,22.9,0.0,0.0,0.0,455.0,0.0,yahoo,0.34883389450398056,True
AAPL,american,AAPL260821C00285000,call,2026-08-13,302.25,285.0,2026-08-21,0.03707000017166138,0.0034436388,1.0000000000000003e-05,17.74,0.0,0.0,0.0,404.0,0.0,yahoo,0.2568362796038834,True
AAPL,american,AAPL260821C00290000,call,2026-08-13,302.25,290.0,2026-08-21,0.03707000017166138,0.0034436388,1.0000000000000003e-05,13.09,0.0,0.0,0.0,168.0,0.0,yahoo,0.24229238330879432,True
AAPL,american,AAPL260821C00295000,call,2026-08-13,302.25,295.0,2026-08-21,0.03707000017166138,0.0034436388,1.0000000000000003e-05,9.03,0.0,0.0,0.0,670.0,0.0,yahoo,0.24413072202873887,True
AAPL,american,AAPL260821C00300000,call,2026-08-13,302.25,300.0,2026-08-21,0.03707000017166138,0.0034436388,1.0000000000000003e-05,5.75,0.0,0.0,0.0,4238.0,0.0,yahoo,0.24771728236249185,True
AAPL,american,AAPL260821C00305000,call,2026-08-13,302.25,305.0,2026-08-21,0.03707000017166138,0.0034436388,0.015634843750000002,3.26,0.0,0.0,0.0,7524.0,0.0,yahoo,0.24588641368948275,True
AAPL,american,AAPL260821C00307500,call,2026-08-13,302.25,307.5,2026-08-21,0.03707000017166138,0.0034436388,0.0312596875,2.3,0.0,0.0,0.0,4402.0,0.0,yahoo,0.2421026286652065,True
AAPL,american,AAPL260821C00310000,call,2026-08-13,302.25,310.0,2026-08-21,0.03707000017166138,0.0034436388,0.0312596875,1.63,0.0,0.0,0.0,14708.0,0.0,yahoo,0.24387634065169056,True
AAPL,american,AAPL260821C00312500,call,2026-08-13,302.25,312.5,2026-08-21,0.03707000017166138,0.0034436388,0.062509375,1.08,0.0,0.0,0.0,2361.0,0.0,yahoo,0.241540977666902,True
AAPL,american,AAPL260821C00315000,call,2026-08-13,302.25,315.0,2026-08-21,0.03707000017166138,0.0034436388,0.062509375,0.79,0.0,0.0,0.0,5532.0,0.0,yahoo,0.2500553949735816,True
AAPL,american,AAPL260821C00317500,call,2026-08-13,302.25,317.5,2026-08-21,0.03707000017166138,0.0034436388,0.062509375,0.52,0.0,0.0,0.0,1624.0,0.0,yahoo,0.25123143126994923,True
AAPL,american,AAPL260821C00320000,call,2026-08-13,302.25,320.0,2026-08-21,0.03707000017166138,0.0034436388,0.062509375,0.4,0.0,0.0,0.0,8987.0,0.0,yahoo,0.2629739019674539,True
AAPL,american,AAPL260821C00322500,call,2026-08-13,302.25,322.5,2026-08-21,0.03707000017166138,0.0034436388,0.12500875,0.3,0.0,0.0,0.0,361.0,0.0,yahoo,0.27268949953331934,True
AAPL,american,AAPL260821C00325000,call,2026-08-13,302.25,325.0,2026-08-21,0.03707000017166138,0.0034436388,0.12500875,0.21,0.0,0.0,0.0,6781.0,0.0,yahoo,0.2778327928870174,True
AAPL,american,AAPL260821C00327500,call,2026-08-13,302.25,327.5,2026-08-21,0.03707000017166138,0.0034436388,0.12500875,0.16,0.0,0.0,0.0,342.0,0.0,yahoo,0.28748944510522023,True
AAPL,american,AAPL260821C00330000,call,2026-08-13,302.25,330.0,2026-08-21,0.03707000017166138,0.0034436388,0.12500875,0.13,0.0,0.0,0.0,3467.0,0.0,yahoo,0.29946117679360124,True
AAPL,american,AAPL260821C00332500,call,2026-08-13,302.25,332.5,2026-08-21,0.03707000017166138,0.0034436388,0.12500875,0.09,0.0,0.0,0.0,330.0,0.0,yahoo,0.3034251594034722,True
AAPL,american,AAPL260821C00335000,call,2026-08-13,302.25,335.0,2026-08-21,0.03707000017166138,0.0034436388,0.12500875,0.08,0.0,0.0,0.0,3929.0,0.0,yahoo,0.31824802292326254,True
AAPL,american,AAPL260821C00337500,call,2026-08-13,302.25,337.5,2026-08-21,0.03707000017166138,0.0034436388,0.12500875,0.06,0.0,0.0,0.0,217.0,0.0,yahoo,0.32508622297381295,True
AAPL,american,AAPL260821C00340000,call,2026-08-13,302.25,340.0,2026-08-21,0.03707000017166138,0.0034436388,0.12500875,0.06,0.0,0.0,0.0,451.0,0.0,yahoo,0.34401933128476364,True
AAPL,american,AAPL260821C00342500,call,2026-08-13,302.25,342.5,2026-08-21,0.03707000017166138,0.0034436388,0.12500875,0.05,0.0,0.0,0.0,35.0,0.0,yahoo,0.35423161311621587,True
AAPL,american,AAPL260821C00345000,call,2026-08-13,302.25,345.0,2026-08-21,0.03707000017166138,0.0034436388,0.12500875,0.03,0.0,0.0,0.0,417.0,0.0,yahoo,0.3506142128832129,True
AAPL,american,AAPL260821C00347500,call,2026-08-13,302.25,347.5,2026-08-21,0.03707000017166138,0.0034436388,0.2500075,0.04,0.0,0.0,0.0,18.0,0.0,yahoo,0.37978122294200695,True
AAPL,american,AAPL260821C00350000,call,2026-08-13,302.25,350.0,2026-08-21,0.03707000017166138,0.0034436388,0.2500075,0.03,0.0,0.0,0.0,2499.0,0.0,yahoo,0.3843621723478744,True
AAPL,american,AAPL260821C00352500,call,2026-08-13,302.25,352.5,2026-08-21,0.03707000017166138,0.0034436388,0.2500075,0.04,0.0,0.0,0.0,175.0,0.0,yahoo,0.4140999484378396,True
AAPL,american,AAPL260821C00355000,call,2026-08-13,302.25,355.0,2026-08-21,0.03707000017166138,0.0034436388,0.2500075,0.02,0.0,0.0,0.0,205.0,0.0,yahoo,0.39975976768841676,True
AAPL,american,AAPL260821C00360000,call,2026-08-13,302.25,360.0,2026-08-21,0.03707000017166138,0.0034436388,0.2500075,0.02,0.0,0.0,0.0,159.0,0.0,yahoo,0.430743201217687,True
AAPL,american,AAPL260821C00395000,call,2026-08-13,302.25,395.0,2026-08-21,0.03707000017166138,0.0034436388,0.2500075,0.03,0.0,0.0,0.0,22.0,0.0,yahoo,0.656051483216162,True
AAPL,american,AAPL260821C00405000,call,2026-08-13,302.25,405.0,2026-08-21,0.03707000017166138,0.0034436388,0.500005,0.06,0.0,0.0,0.0,19.0,0.0,yahoo,0.7630897135409789,True
AAPL,american,AAPL260821C00415000,call,2026-08-13,302.25,415.0,2026-08-21,0.03707000017166138,0.0034436388,0.500005,0.08,0.0,0.0,0.0,43.0,0.0,yahoo,0.8442228516776512,True
AAPL,american,AAPL260821P00185000,put,2026-08-13,302.25,185.0,2026-08-21,0.03707000017166138,0.0034436388,0.500005,0.02,0.0,0.0,0.0,88.0,0.0,yahoo,1.1380099838069704,True
AAPL,american,AAPL260821P00205000,put,2026-08-13,302.25,205.0,2026-08-21,0.03707000017166138,0.0034436388,0.500005,0.02,0.0,0.0,0.0,46.0,0.0,yahoo,0.916288587738081,True
AAPL,american,AAPL260821P00215000,put,2026-08-13,302.25,215.0,2026-08-21,0.03707000017166138,0.0034436388,0.500005,0.02,0.0,0.0,0.0,8.0,0.0,yahoo,0.8113736570708282,True
AAPL,american,AAPL260821P00220000,put,2026-08-13,302.25,220.0,2026-08-21,0.03707000017166138,0.0034436388,0.500005,0.02,0.0,0.0,0.0,44.0,0.0,yahoo,0.7607615064840453,True
AAPL,american,AAPL260821P00225000,put,2026-08-13,302.25,225.0,2026-08-21,0.03707000017166138,0.0034436388,0.500005,0.02,0.0,0.0,0.0,25.0,0.0,yahoo,0.7113074574597473,True
AAPL,american,AAPL260821P00230000,put,2026-08-13,302.25,230.0,2026-08-21,0.03707000017166138,0.0034436388,0.2500075,0.02,0.0,0.0,0.0,13.0,0.0,yahoo,0.6629616162424091,True
AAPL,american,AAPL260821P00235000,put,2026-08-13,302.25,235.0,2026-08-21,0.03707000017166138,0.0034436388,0.2500075,0.02,0.0,0.0,0.0,15.0,0.0,yahoo,0.6151046009271222,True
AAPL,american,AAPL260821P00240000,put,2026-08-13,302.25,240.0,2026-08-21,0.03707000017166138,0.0034436388,0.2500075,0.02,0.0,0.0,0.0,32.0,0.0,yahoo,0.5677354271499563,True
AAPL,american,AAPL260821P00245000,put,2026-08-13,302.25,245.0,2026-08-21,0.03707000017166138,0.0034436388,0.2500075,0.02,0.0,0.0,0.0,109.0,0.0,yahoo,0.5213664094305431,True
AAPL,american,AAPL260821P00250000,put,2026-08-13,302.25,250.0,2026-08-21,0.03707000017166138,0.0034436388,0.2500075,0.04,0.0,0.0,0.0,127.0,0.0,yahoo,0.5126768716695339,True
AAPL,american,AAPL260821P00255000,put,2026-08-13,302.25,255.0,2026-08-21,0.03707000017166138,0.0034436388,0.2500075,0.03,0.0,0.0,0.0,125.0,0.0,yahoo,0.44950183008014055,True
AAPL,american,AAPL260821P00260000,put,2026-08-13,302.25,260.0,2026-08-21,0.03707000017166138,0.0034436388,0.2500075,0.06,0.0,0.0,0.0,19.0,0.0,yahoo,0.43822731517599206,True
AAPL,american,AAPL260821P00265000,put,2026-08-13,302.25,265.0,2026-08-21,0.03707000017166138,0.0034436388,0.12500875,0.07,0.0,0.0,0.0,17.0,0.0,yahoo,0.3972398439064849,True
AAPL,american,AAPL260821P00270000,put,2026-08-13,302.25,270.0,2026-08-21,0.03707000017166138,0.0034436388,0.12500875,0.1,0.0,0.0,0.0,431.0,0.0,yahoo,0.3654604198090264,True
AAPL,american,AAPL260821P00275000,put,2026-08-13,302.25,275.0,2026-08-21,0.03707000017166138,0.0034436388,0.12500875,0.16,0.0,0.0,0.0,929.0,0.0,yahoo,0.3388958954142556,True
AAPL,american,AAPL260821P00280000,put,2026-08-13,302.25,280.0,2026-08-21,0.03707000017166138,0.0034436388,0.12500875,0.24,0.0,0.0,0.0,2024.0,0.0,yahoo,0.30644108029223177,True
AAPL,american,AAPL260821P00285000,put,2026-08-13,302.25,285.0,2026-08-21,0.03707000017166138,0.0034436388,0.062509375,0.43,0.0,0.0,0.0,2639.0,0.0,yahoo,0.2827360889252554,True
AAPL,american,AAPL260821P00290000,put,2026-08-13,302.25,290.0,2026-08-21,0.03707000017166138,0.0034436388,0.062509375,0.82,0.0,0.0,0.0,1601.0,0.0,yahoo,0.26292706351667067,True
AAPL,american,AAPL260821P00295000,put,2026-08-13,302.25,295.0,2026-08-21,0.03707000017166138,0.0034436388,0.0312596875,1.65,0.0,0.0,0.0,3197.0,0.0,yahoo,0.25011843368581693,True
AAPL,american,AAPL260821P00300000,put,2026-08-13,302.25,300.0,2026-08-21,0.03707000017166138,0.0034436388,0.015634843750000002,3.25,0.0,0.0,0.0,3769.0,0.0,yahoo,0.24552822721080164,True
AAPL,american,AAPL260821P00305000,put,2026-08-13,302.25,305.0,2026-08-21,0.03707000017166138,0.0034436388,1.0000000000000003e-05,5.75,0.0,0.0,0.0,1239.0,0.0,yahoo,0.2428226497667865,True
AAPL,american,AAPL260821P00307500,put,2026-08-13,302.25,307.5,2026-08-21,0.03707000017166138,0.0034436388,1.0000000000000003e-05,7.68,0.0,0.0,0.0,285.0,0.0,yahoo,0.26263359278197285,True
AAPL,american,AAPL260821P00310000,put,2026-08-13,302.25,310.0,2026-08-21,0.03707000017166138,0.0034436388,1.0000000000000003e-05,9.77,0.0,0.0,0.0,544.0,0.0,yahoo,0.2835408898137558,True
AAPL,american,AAPL260821P00312500,put,2026-08-13,302.25,312.5,2026-08-21,0.03707000017166138,0.0034436388,1.0000000000000003e-05,11.77,0.0,0.0,0.0,90.0,0.0,yahoo,0.2907348607174908,True
AAPL,american,AAPL260821P00315000,put,2026-08-13,302.25,315.0,2026-08-21,0.03707000017166138,0.0034436388,1.0000000000000003e-05,13.93,0.0,0.0,0.0,280.0,0.0,yahoo,0.3020078548616057,True
AAPL,american,AAPL260821P00317500,put,2026-08-13,302.25,317.5,2026-08-21,0.03707000017166138,0.0034436388,1.0000000000000003e-05,16.74,0.0,0.0,0.0,10.0,0.0,yahoo,0.3643169590015493,True
AAPL,american,AAPL260821P00320000,put,2026-08-13,302.25,320.0,2026-08-21,0.03707000017166138,0.0034436388,1.0000000000000003e-05,18.58,0.0,0.0,0.0,88.0,0.0,yahoo,0.33727430819452814,True
AAPL,american,AAPL260821P00325000,put,2026-08-13,302.25,325.0,2026-08-21,0.03707000017166138,0.0034436388,1.0000000000000003e-05,23.63,0.0,0.0,0.0,745.0,0.0,yahoo,0.40486878931399795,True
AAPL,american,AAPL260821P00327500,put,2026-08-13,302.25,327.5,2026-08-21,0.03707000017166138,0.0034436388,1.0000000000000003e-05,25.7,0.0,0.0,0.0,395.0,0.0,yahoo,0.3772975173844637,True
AAPL,american,AAPL260821P00330000,put,2026-08-13,302.25,330.0,2026-08-21,0.03707000017166138,0.0034436388,1.0000000000000003e-05,28.3,0.0,0.0,0.0,93.0,0.0,yahoo,0.4196500415706396,True
AAPL,american,AAPL260821P00335000,put,2026-08-13,302.25,335.0,2026-08-21,0.03707000017166138,0.0034436388,1.0000000000000003e-05,34.02,0.0,0.0,0.0,40.0,0.0,yahoo,0.5680348940130278,True
AAPL,american,AAPL260821P00355000,put,2026-08-13,302.25,355.0,2026-08-21,0.03707000017166138,0.0034436388,1.0000000000000003e-05,54.3,0.0,0.0,0.0,8.0,0.0,yahoo,0.8212060599061585,True
AAPL,american,AAPL260828C00215000,call,2026-08-13,302.25,215.0,2026-08-28,0.03707000017166138,0.0034436388,1.0000000000000003e-05,88.47,0.0,0.0,0.0,5.0,0.0,yahoo,0.993410055359855,True
AAPL,american,AAPL260828C00220000,call,2026-08-13,302.25,220.0,2026-08-28,0.03707000017166138,0.0034436388,1.0000000000000003e-05,82.95,0.0,0.0,0.0,6.0,0.0,yahoo,0.8072586198358144,True
AAPL,american,AAPL260828C00240000,call,2026-08-13,302.25,240.0,2026-08-28,0.03707000017166138,0.0034436388,1.0000000000000003e-05,73.15,0.0,0.0,0.0,50.0,0.0,yahoo,1.508869396722288,True
AAPL,american,AAPL260828C00260000,call,2026-08-13,302.25,260.0,2026-08-28,0.03707000017166138,0.0034436388,1.0000000000000003e-05,43.5,0.0,0.0,0.0,12.0,0.0,yahoo,0.5085418833948058,True
AAPL,american,AAPL260828C00265000,call,2026-08-13,302.25,265.0,2026-08-28,0.03707000017166138,0.0034436388,1.0000000000000003e-05,38.55,0.0,0.0,0.0,10.0,0.0,yahoo,0.46304414792846227,True
AAPL,american,AAPL260828C00275000,call,2026-08-13,302.25,275.0,2026-08-28,0.03707000017166138,0.0034436388,1.0000000000000003e-05,27.67,0.0,0.0,0.0,70.0,0.0,yahoo,0.20582193075865662,True
AAPL,american,AAPL260828C00280000,call,2026-08-13,302.25,280.0,2026-08-28,0.03707000017166138,0.0034436388,1.0000000000000003e-05,22.65,0.0,0.0,0.0,27.0,0.0,yahoo,0.1521037282960627,True
AAPL,american,AAPL260828C00285000,call,2026-08-13,302.25,285.0,2026-08-28,0.03707000017166138,0.0034436388,1.0000000000000003e-05,17.8,0.0,0.0,0.0,14.0,0.0,yahoo,0.16880139694402146,True
AAPL,american,AAPL260828C00290000,call,2026-08-13,302.25,290.0,2026-08-28,0.03707000017166138,0.0034436388,1.0000000000000003e-05,13.62,0.0,0.0,0.0,5.0,0.0,yahoo,0.20520586947202651,True
AAPL,american,AAPL260828C00295000,call,2026-08-13,302.25,295.0,2026-08-28,0.03707000017166138,0.0034436388,1.0000000000000003e-05,9.85,0.0,0.0,0.0,43.0,0.0,yahoo,0.21297987762192638,True
AAPL,american,AAPL260828C00300000,call,2026-08-13,302.25,300.0,2026-08-28,0.03707000017166138,0.0034436388,1.0000000000000003e-05,7.25,0.0,0.0,0.0,837.0,0.0,yahoo,0.23918816793129472,True
AAPL,american,AAPL260828C00305000,call,2026-08-13,302.25,305.0,2026-08-28,0.03707000017166138,0.0034436388,0.015634843750000002,4.6,0.0,0.0,0.0,1795.0,0.0,yahoo,0.23187591416466363,True
AAPL,american,AAPL260828C00310000,call,2026-08-13,302.25,310.0,2026-08-28,0.03707000017166138,0.0034436388,0.0312596875,2.78,0.0,0.0,0.0,1985.0,0.0,yahoo,0.23092107255669697,True
AAPL,american,AAPL260828C00315000,call,2026-08-13,302.25,315.0,2026-08-28,0.03707000017166138,0.0034436388,0.062509375,1.65,0.0,0.0,0.0,2107.0,0.0,yahoo,0.23499654242829665,True
AAPL,american,AAPL260828C00320000,call,2026-08-13,302.25,320.0,2026-08-28,0.03707000017166138,0.0034436388,0.062509375,0.9,0.0,0.0,0.0,1743.0,0.0,yahoo,0.2361675530627543,True
AAPL,american,AAPL260828C00325000,call,2026-08-13,302.25,325.0,2026-08-28,0.03707000017166138,0.0034436388,0.062509375,0.53,0.0,0.0,0.0,848.0,0.0,yahoo,0.2450413537956204,True
AAPL,american,AAPL260828C00330000,call,2026-08-13,302.25,330.0,2026-08-28,0.03707000017166138,0.0034436388,0.12500875,0.32,0.0,0.0,0.0,1941.0,0.0,yahoo,0.2554039900979742,True
AAPL,american,AAPL260828C00335000,call,2026-08-13,302.25,335.0,2026-08-28,0.03707000017166138,0.0034436388,0.12500875,0.19,0.0,0.0,0.0,388.0,0.0,yahoo,0.26408440551399204,True
AAPL,american,AAPL260828C00340000,call,2026-08-13,302.25,340.0,2026-08-28,0.03707000017166138,0.0034436388,0.12500875,0.13,0.0,0.0,0.0,993.0,0.0,yahoo,0.27846265057813485,True
AAPL,american,AAPL260828C00345000,call,2026-08-13,302.25,345.0,2026-08-28,0.03707000017166138,0.0034436388,0.12500875,0.07,0.0,0.0,0.0,61.0,0.0,yahoo,0.2824740735156184,True
AAPL,american,AAPL260828C00350000,call,2026-08-13,302.25,350.0,2026-08-28,0.03707000017166138,0.0034436388,0.12500875,0.05,0.0,0.0,0.0,177.0,0.0,yahoo,0.29641823794117295,True
AAPL,american,AAPL260828C00355000,call,2026-08-13,302.25,355.0,2026-08-28,0.03707000017166138,0.0034436388,0.12500875,0.04,0.0,0.0,0.0,1025.0,0.0,yahoo,0.3133201758138926,True
AAPL,american,AAPL260828C00360000,call,2026-08-13,302.25,360.0,2026-08-28,0.03707000017166138,0.0034436388,0.12500875,0.04,0.0,0.0,0.0,30.0,0.0,yahoo,0.3372833940922253,True
AAPL,american,AAPL260828C00365000,call,2026-08-13,302.25,365.0,2026-08-28,0.03707000017166138,0.0034436388,0.2500075,0.02,0.0,0.0,0.0,71.0,0.0,yahoo,0.3359544436644944,True
AAPL,american,AAPL260828C00385000,call,2026-08-13,302.25,385.0,2026-08-28,0.03707000017166138,0.0034436388,0.2500075,0.04,0.0,0.0,0.0,5.0,0.0,yahoo,0.44995666067373874,True
AAPL,american,AAPL260828C00390000,call,2026-08-13,302.25,390.0,2026-08-28,0.03707000017166138,0.0034436388,0.2500075,0.02,0.0,0.0,0.0,6.0,0.0,yahoo,0.4403204353573217,True
AAPL,american,AAPL260828C00405000,call,2026-08-13,302.25,405.0,2026-08-28,0.03707000017166138,0.0034436388,0.2500075,0.03,0.0,0.0,0.0,15.0,0.0,yahoo,0.5178563661992875,True
AAPL,american,AAPL260828P00205000,put,2026-08-13,302.25,205.0,2026-08-28,0.03707000017166138,0.0034436388,0.500005,0.04,0.0,0.0,0.0,6.0,0.0,yahoo,0.7165088443396294,True
AAPL,american,AAPL260828P00215000,put,2026-08-13,302.25,215.0,2026-08-28,0.03707000017166138,0.0034436388,0.2500075,0.1,0.0,0.0,0.0,16.0,0.0,yahoo,0.7045186174761253,True
AAPL,american,AAPL260828P00220000,put,2026-08-13,302.25,220.0,2026-08-28,0.03707000017166138,0.0034436388,0.2500075,0.18,0.0,0.0,0.0,23.0,0.0,yahoo,0.7142472299063872,True
AAPL,american,AAPL260828P00240000,put,2026-08-13,302.25,240.0,2026-08-28,0.03707000017166138,0.0034436388,0.2500075,0.02,0.0,0.0,0.0,11.0,0.0,yahoo,0.41561757962408075,True
AAPL,american,AAPL260828P00250000,put,2026-08-13,302.25,250.0,2026-08-28,0.03707000017166138,0.0034436388,0.2500075,0.07,0.0,0.0,0.0,326.0,0.0,yahoo,0.4012956088193944,True
AAPL,american,AAPL260828P00255000,put,2026-08-13,302.25,255.0,2026-08-28,0.03707000017166138,0.0034436388,0.12500875,0.1,0.0,0.0,0.0,51.0,0.0,yahoo,0.38148357425189483,True
AAPL,american,AAPL260828P00260000,put,2026-08-13,302.25,260.0,2026-08-28,0.03707000017166138,0.0034436388,0.12500875,0.13,0.0,0.0,0.0,114.0,0.0,yahoo,0.3566055761015904,True
AAPL,american,AAPL260828P00265000,put,2026-08-13,302.25,265.0,2026-08-28,0.03707000017166138,0.0034436388,0.12500875,0.18,0.0,0.0,0.0,67.0,0.0,yahoo,0.33419408028721437,True
AAPL,american,AAPL260828P00270000,put,2026-08-13,302.25,270.0,2026-08-28,0.03707000017166138,0.0034436388,0.12500875,0.23,0.0,0.0,0.0,203.0,0.0,yahoo,0.3065314287251424,True
AAPL,american,AAPL260828P00275000,put,2026-08-13,302.25,275.0,2026-08-28,0.03707000017166138,0.0034436388,0.12500875,0.36,0.0,0.0,0.0,83.0,0.0,yahoo,0.2891653629938286,True
AAPL,american,AAPL260828P00280000,put,2026-08-13,302.25,280.0,2026-08-28,0.03707000017166138,0.0034436388,0.062509375,0.62,0.0,0.0,0.0,305.0,0.0,yahoo,0.27726630584342343,True
AAPL,american,AAPL260828P00285000,put,2026-08-13,302.25,285.0,2026-08-28,0.03707000017166138,0.0034436388,0.062509375,0.98,0.0,0.0,0.0,150.0,0.0,yahoo,0.25996514517903674,True
AAPL,american,AAPL260828P00290000,put,2026-08-13,302.25,290.0,2026-08-28,0.03707000017166138,0.0034436388,0.062509375,1.64,0.0,0.0,0.0,1131.0,0.0,yahoo,0.24805773869012823,True
AAPL,american,AAPL260828P00295000,put,2026-08-13,302.25,295.0,2026-08-28,0.03707000017166138,0.0034436388,0.0312596875,2.76,0.0,0.0,0.0,510.0,0.0,yahoo,0.23990275460806312,True
AAPL,american,AAPL260828P00300000,put,2026-08-13,302.25,300.0,2026-08-28,0.03707000017166138,0.0034436388,0.007822421875,4.7,0.0,0.0,0.0,986.0,0.0,yahoo,0.2431282554701772,True
AAPL,american,AAPL260828P00305000,put,2026-08-13,302.25,305.0,2026-08-28,0.03707000017166138,0.0034436388,1.0000000000000003e-05,7.35,0.0,0.0,0.0,398.0,0.0,yahoo,0.24797977453730055,True
AAPL,american,AAPL260828P00310000,put,2026-08-13,302.25,310.0,2026-08-28,0.03707000017166138,0.0034436388,1.0000000000000003e-05,10.44,0.0,0.0,0.0,55.0,0.0,yahoo,0.24370548801902442,True
AAPL,american,AAPL260828P00315000,put,2026-08-13,302.25,315.0,2026-08-28,0.03707000017166138,0.0034436388,1.0000000000000003e-05,14.47,0.0,0.0,0.0,26.0,0.0,yahoo,0.2584584652100951,True
AAPL,american,AAPL260828P00330000,put,2026-08-13,302.25,330.0,2026-08-28,0.03707000017166138,0.0034436388,1.0000000000000003e-05,29.06,0.0,0.0,0.0,41.0,0.0,yahoo,0.38379416873895156,True
AAPL,american,AAPL260828P00335000,put,2026-08-13,302.25,335.0,2026-08-28,0.03707000017166138,0.0034436388,1.0000000000000003e-05,33.04,0.0,0.0,0.0,21.0,0.0,yahoo,0.32431424846774043,True
AAPL,american,AAPL260828P00350000,put,2026-08-13,302.25,350.0,2026-08-28,0.03707000017166138,0.0034436388,1.0000000000000003e-05,48.18,0.0,0.0,0.0,8.0,0.0,yahoo,0.45198804285824423,True
AAPL,american,AAPL260904C00250000,call,2026-08-13,302.25,250.0,2026-09-04,0.03707000017166138,0.0034436388,1.0000000000000003e-05,52.95,0.0,0.0,0.0,90.0,0.0,yahoo,0.38547284127047926,True
AAPL,american,AAPL260904C00255000,call,2026-08-13,302.25,255.0,2026-09-04,0.03707000017166138,0.0034436388,1.0000000000000003e-05,47.9,0.0,0.0,0.0,82.0,0.0,yahoo,0.332715032647722,True
AAPL,american,AAPL260904C00260000,call,2026-08-13,302.25,260.0,2026-09-04,0.03707000017166138,0.0034436388,1.0000000000000003e-05,42.79,0.0,0.0,0.0,153.0,0.0,yahoo,0.23756270453807915,True
AAPL,american,AAPL260904C00265000,call,2026-08-13,302.25,265.0,2026-09-04,0.03707000017166138,0.0034436388,1.0000000000000003e-05,37.94,0.0,0.0,0.0,53.0,0.0,yahoo,0.27256064211057085,True
AAPL,american,AAPL260904C00275000,call,2026-08-13,302.25,275.0,2026-09-04,0.03707000017166138,0.0034436388,1.0000000000000003e-05,27.92,0.0,0.0,0.0,27.0,0.0,yahoo,0.1969311710841052,True
AAPL,american,AAPL260904C00280000,call,2026-08-13,302.25,280.0,2026-09-04,0.03707000017166138,0.0034436388,1.0000000000000003e-05,24.0,0.0,0.0,0.0,5.0,0.0,yahoo,0.2749828934936286,True
AAPL,american,AAPL260904C00290000,call,2026-08-13,302.25,290.0,2026-09-04,0.03707000017166138,0.0034436388,1.0000000000000003e-05,16.05,0.0,0.0,0.0,25.0,0.0,yahoo,0.27824142015176,True
AAPL,american,AAPL260904C00295000,call,2026-08-13,302.25,295.0,2026-09-04,0.03707000017166138,0.0034436388,1.0000000000000003e-05,11.3,0.0,0.0,0.0,53.0,0.0,yahoo,0.2278336713058799,True
AAPL,american,AAPL260904C00300000,call,2026-08-13,302.25,300.0,2026-09-04,0.03707000017166138,0.0034436388,1.0000000000000003e-05,8.35,0.0,0.0,0.0,280.0,0.0,yahoo,0.23166629598944447,True
AAPL,american,AAPL260904C00305000,call,2026-08-13,302.25,305.0,2026-09-04,0.03707000017166138,0.0034436388,0.007822421875,5.92,0.0,0.0,0.0,675.0,0.0,yahoo,0.23343567821911426,True
AAPL,american,AAPL260904C00310000,call,2026-08-13,302.25,310.0,2026-09-04,0.03707000017166138,0.0034436388,0.0312596875,3.99,0.0,0.0,0.0,1116.0,0.0,yahoo,0.23321116230117012,True
AAPL,american,AAPL260904C00315000,call,2026-08-13,302.25,315.0,2026-09-04,0.03707000017166138,0.0034436388,0.0312596875,2.52,0.0,0.0,0.0,880.0,0.0,yahoo,0.23071744404401714,True
AAPL,american,AAPL260904C00320000,call,2026-08-13,302.25,320.0,2026-09-04,0.03707000017166138,0.0034436388,0.062509375,1.59,0.0,0.0,0.0,609.0,0.0,yahoo,0.23305600740486845,True
AAPL,american,AAPL260904C00325000,call,2026-08-13,302.25,325.0,2026-09-04,0.03707000017166138,0.0034436388,0.062509375,1.0,0.0,0.0,0.0,844.0,0.0,yahoo,0.237394976993643,True
AAPL,american,AAPL260904C00330000,call,2026-08-13,302.25,330.0,2026-09-04,0.03707000017166138,0.0034436388,0.062509375,0.62,0.0,0.0,0.0,736.0,0.0,yahoo,0.241732460042404,True
AAPL,american,AAPL260904C00335000,call,2026-08-13,302.25,335.0,2026-09-04,0.03707000017166138,0.0034436388,0.062509375,0.4,0.0,0.0,0.0,316.0,0.0,yahoo,0.24895838719046345,True
AAPL,american,AAPL260904C00340000,call,2026-08-13,302.25,340.0,2026-09-04,0.03707000017166138,0.0034436388,0.12500875,0.28,0.0,0.0,0.0,511.0,0.0,yahoo,0.2595560876232501,True
AAPL,american,AAPL260904C00345000,call,2026-08-13,302.25,345.0,2026-09-04,0.03707000017166138,0.0034436388,0.12500875,0.18,0.0,0.0,0.0,181.0,0.0,yahoo,0.2657738584925053,True
AAPL,american,AAPL260904C00350000,call,2026-08-13,302.25,350.0,2026-09-04,0.03707000017166138,0.0034436388,0.12500875,0.13,0.0,0.0,0.0,121.0,0.0,yahoo,0.27645464273721,True
AAPL,american,AAPL260904C00355000,call,2026-08-13,302.25,355.0,2026-09-04,0.03707000017166138,0.0034436388,0.12500875,0.1,0.0,0.0,0.0,66.0,0.0,yahoo,0.28854777203349197,True
AAPL,american,AAPL260904C00360000,call,2026-08-13,302.25,360.0,2026-09-04,0.03707000017166138,0.0034436388,0.12500875,0.06,0.0,0.0,0.0,19.0,0.0,yahoo,0.29093363987007187,True
AAPL,american,AAPL260904C00365000,call,2026-08-13,302.25,365.0,2026-09-04,0.03707000017166138,0.0034436388,0.12500875,0.04,0.0,0.0,0.0,31.0,0.0,yahoo,0.29717567926641864,True
AAPL,american,AAPL260904C00390000,call,2026-08-13,302.25,390.0,2026-09-04,0.03707000017166138,0.0034436388,0.2500075,0.04,0.0,0.0,0.0,13.0,0.0,yahoo,0.38839689688882,True
AAPL,american,AAPL260904C00400000,call,2026-08-13,302.25,400.0,2026-09-04,0.03707000017166138,0.0034436388,0.2500075,0.03,0.0,0.0,0.0,70.0,0.0,yahoo,0.4106246247221951,True
AAPL,american,AAPL260904P00200000,put,2026-08-13,302.25,200.0,2026-09-04,0.03707000017166138,0.0034436388,0.2500075,0.02,0.0,0.0,0.0,21.0,0.0,yahoo,0.5865247477146169,True
AAPL,american,AAPL260904P00220000,put,2026-08-13,302.25,220.0,2026-09-04,0.03707000017166138,0.0034436388,0.2500075,0.04,0.0,0.0,0.0,5.0,0.0,yahoo,0.49339450444857663,True
AAPL,american,AAPL260904P00235000,put,2026-08-13,302.25,235.0,2026-09-04,0.03707000017166138,0.0034436388,0.2500075,0.14,0.0,0.0,0.0,10.0,0.0,yahoo,0.465452427453997,True
AAPL,american,AAPL260904P00260000,put,2026-08-13,302.25,260.0,2026-09-04,0.03707000017166138,0.0034436388,0.12500875,0.24,0.0,0.0,0.0,16.0,0.0,yahoo,0.32541079793958694,True
AAPL,american,AAPL260904P00265000,put,2026-08-13,302.25,265.0,2026-09-04,0.03707000017166138,0.0034436388,0.12500875,0.33,0.0,0.0,0.0,87.0,0.0,yahoo,0.307542879746511,True
AAPL,american,AAPL260904P00270000,put,2026-08-13,302.25,270.0,2026-09-04,0.03707000017166138,0.0034436388,0.12500875,0.46,0.0,0.0,0.0,83.0,0.0,yahoo,0.2902096212075566,True
AAPL,american,AAPL260904P00275000,put,2026-08-13,302.25,275.0,2026-09-04,0.03707000017166138,0.0034436388,0.062509375,0.65,0.0,0.0,0.0,37.0,0.0,yahoo,0.27308721369971506,True
AAPL,american,AAPL260904P00280000,put,2026-08-13,302.25,280.0,2026-09-04,0.03707000017166138,0.0034436388,0.062509375,1.03,0.0,0.0,0.0,80.0,0.0,yahoo,0.26359627254632706,True
AAPL,american,AAPL260904P00285000,put,2026-08-13,302.25,285.0,2026-09-04,0.03707000017166138,0.0034436388,0.062509375,1.53,0.0,0.0,0.0,243.0,0.0,yahoo,0.24985878089283484,True
AAPL,american,AAPL260904P00290000,put,2026-08-13,302.25,290.0,2026-09-04,0.03707000017166138,0.0034436388,0.0312596875,2.4,0.0,0.0,0.0,584.0,0.0,yahoo,0.2422963103365826,True
AAPL,american,AAPL260904P00295000,put,2026-08-13,302.25,295.0,2026-09-04,0.03707000017166138,0.0034436388,0.0312596875,4.0,0.0,0.0,0.0,164.0,0.0,yahoo,0.24770002274776626,True
AAPL,american,AAPL260904P00300000,put,2026-08-13,302.25,300.0,2026-09-04,0.03707000017166138,0.0034436388,0.007822421875,6.0,0.0,0.0,0.0,368.0,0.0,yahoo,0.2480445706515897,True
AAPL,american,AAPL260904P00305000,put,2026-08-13,302.25,305.0,2026-09-04,0.03707000017166138,0.0034436388,1.0000000000000003e-05,8.28,0.0,0.0,0.0,194.0,0.0,yahoo,0.23944120385549644,True
AAPL,american,AAPL260904P00310000,put,2026-08-13,302.25,310.0,2026-09-04,0.03707000017166138,0.0034436388,1.0000000000000003e-05,11.42,0.0,0.0,0.0,27.0,0.0,yahoo,0.2414757485797694,True
AAPL,american,AAPL260904P00315000,put,2026-08-13,302.25,315.0,2026-09-04,0.03707000017166138,0.0034436388,1.0000000000000003e-05,15.35,0.0,0.0,0.0,63.0,0.0,yahoo,0.25582794576868845,True
AAPL,american,AAPL260904P00320000,put,2026-08-13,302.25,320.0,2026-09-04,0.03707000017166138,0.0034436388,1.0000000000000003e-05,19.49,0.0,0.0,0.0,158.0,0.0,yahoo,0.2654187240923158,True
AAPL,american,AAPL260911C00260000,call,2026-08-13,302.25,260.0,2026-09-11,0.03707000017166138,0.0034436388,1.0000000000000003e-05,43.02,0.0,0.0,0.0,6.0,0.0,yahoo,0.24455679422585075,True
AAPL,american,AAPL260911C00265000,call,2026-08-13,302.25,265.0,2026-09-11,0.03707000017166138,0.0034436388,1.0000000000000003e-05,38.21,0.0,0.0,0.0,6.0,0.0,yahoo,0.25845078793874976,True
AAPL,american,AAPL260911C00275000,call,2026-08-13,302.25,275.0,2026-09-11,0.03707000017166138,0.0034436388,1.0000000000000003e-05,28.25,0.0,0.0,0.0,6.0,0.0,yahoo,0.19920589665563548,True
AAPL,american,AAPL260911C00280000,call,2026-08-13,302.25,280.0,2026-09-11,0.03707000017166138,0.0034436388,1.0000000000000003e-05,23.85,0.0,0.0,0.0,15.0,0.0,yahoo,0.21981134239739783,True
AAPL,american,AAPL260911C00285000,call,2026-08-13,302.25,285.0,2026-09-11,0.03707000017166138,0.0034436388,1.0000000000000003e-05,20.0,0.0,0.0,0.0,21.0,0.0,yahoo,0.24148146772015108,True
AAPL,american,AAPL260911C00290000,call,2026-08-13,302.25,290.0,2026-09-11,0.03707000017166138,0.0034436388,1.0000000000000003e-05,16.65,0.0,0.0,0.0,28.0,0.0,yahoo,0.25930751746959046,True
AAPL,american,AAPL260911C00300000,call,2026-08-13,302.25,300.0,2026-09-11,0.03707000017166138,0.0034436388,1.0000000000000003e-05,9.43,0.0,0.0,0.0,455.0,0.0,yahoo,0.23100431233386864,True
AAPL,american,AAPL260911C00305000,call,2026-08-13,302.25,305.0,2026-09-11,0.03707000017166138,0.0034436388,0.007822421875,7.2,0.0,0.0,0.0,1599.0,0.0,yahoo,0.2384650264650583,True
AAPL,american,AAPL260911C00310000,call,2026-08-13,302.25,310.0,2026-09-11,0.03707000017166138,0.0034436388,0.015634843750000002,5.05,0.0,0.0,0.0,780.0,0.0,yahoo,0.23395249081163155,True
AAPL,american,AAPL260911C00315000,call,2026-08-13,302.25,315.0,2026-09-11,0.03707000017166138,0.0034436388,0.0312596875,3.45,0.0,0.0,0.0,321.0,0.0,yahoo,0.23218095171832445,True
AAPL,american,AAPL260911C00320000,call,2026-08-13,302.25,320.0,2026-09-11,0.03707000017166138,0.0034436388,0.0312596875,2.4,0.0,0.0,0.0,1015.0,0.0,yahoo,0.23569995753892029,True
AAPL,american,AAPL260911C00325000,call,2026-08-13,302.25,325.0,2026-09-11,0.03707000017166138,0.0034436388,0.062509375,1.6,0.0,0.0,0.0,419.0,0.0,yahoo,0.2374257704574169,True
AAPL,american,AAPL260911C00330000,call,2026-08-13,302.25,330.0,2026-09-11,0.03707000017166138,0.0034436388,0.062509375,1.05,0.0,0.0,0.0,661.0,0.0,yahoo,0.23941395336058494,True
AAPL,american,AAPL260911C00335000,call,2026-08-13,302.25,335.0,2026-09-11,0.03707000017166138,0.0034436388,0.062509375,0.7,0.0,0.0,0.0,127.0,0.0,yahoo,0.2435805327828318,True
AAPL,american,AAPL260911C00340000,call,2026-08-13,302.25,340.0,2026-09-11,0.03707000017166138,0.0034436388,0.062509375,0.49,0.0,0.0,0.0,241.0,0.0,yahoo,0.2504928171418674,True
AAPL,american,AAPL260911C00345000,call,2026-08-13,302.25,345.0,2026-09-11,0.03707000017166138,0.0034436388,0.12500875,0.32,0.0,0.0,0.0,103.0,0.0,yahoo,0.2539316944864692,True
AAPL,american,AAPL260911C00350000,call,2026-08-13,302.25,350.0,2026-09-11,0.03707000017166138,0.0034436388,0.12500875,0.25,0.0,0.0,0.0,131.0,0.0,yahoo,0.26537645619321415,True
AAPL,american,AAPL260911C00355000,call,2026-08-13,302.25,355.0,2026-09-11,0.03707000017166138,0.0034436388,0.12500875,0.23,0.0,0.0,0.0,33.0,0.0,yahoo,0.28274985205919206,True
AAPL,american,AAPL260911C00360000,call,2026-08-13,302.25,360.0,2026-09-11,0.03707000017166138,0.0034436388,0.12500875,0.12,0.0,0.0,0.0,16.0,0.0,yahoo,0.2761051747446193,True
AAPL,american,AAPL260911C00365000,call,2026-08-13,302.25,365.0,2026-09-11,0.03707000017166138,0.0034436388,0.12500875,0.18,0.0,0.0,0.0,6.0,0.0,yahoo,0.3121167128909882,True
AAPL,american,AAPL260911C00370000,call,2026-08-13,302.25,370.0,2026-09-11,0.03707000017166138,0.0034436388,0.12500875,0.07,0.0,0.0,0.0,5.0,0.0,yahoo,0.2925121653852751,True
AAPL,american,AAPL260911C00375000,call,2026-08-13,302.25,375.0,2026-09-11,0.03707000017166138,0.0034436388,0.12500875,0.08,0.0,0.0,0.0,11.0,0.0,yahoo,0.3146351155505445,True
AAPL,american,AAPL260911C00380000,call,2026-08-13,302.25,380.0,2026-09-11,0.03707000017166138,0.0034436388,0.12500875,0.06,0.0,0.0,0.0,8.0,0.0,yahoo,0.32050242719594935,True
AAPL,american,AAPL260911C00385000,call,2026-08-13,302.25,385.0,2026-09-11,0.03707000017166138,0.0034436388,0.12500875,0.04,0.0,0.0,0.0,6.0,0.0,yahoo,0.3221632815198829,True
AAPL,american,AAPL260911C00390000,call,2026-08-13,302.25,390.0,2026-09-11,0.03707000017166138,0.0034436388,0.12500875,0.03,0.0,0.0,0.0,24.0,0.0,yahoo,0.3277490462967657,True
AAPL,american,AAPL260911C00405000,call,2026-08-13,302.25,405.0,2026-09-11,0.03707000017166138,0.0034436388,0.2500075,0.09,0.0,0.0,0.0,14.0,0.0,yahoo,0.4168793306490516,True
AAPL,american,AAPL260911C00410000,call,2026-08-13,302.25,410.0,2026-09-11,0.03707000017166138,0.0034436388,0.2500075,0.12,0.0,0.0,0.0,24.0,0.0,yahoo,0.4472738854287641,True
AAPL,american,AAPL260911P00215000,put,2026-08-13,302.25,215.0,2026-09-11,0.03707000017166138,0.0034436388,0.2500075,0.05,0.0,0.0,0.0,7.0,0.0,yahoo,0.4696622792267324,True
AAPL,american,AAPL260911P00220000,put,2026-08-13,302.25,220.0,2026-09-11,0.03707000017166138,0.0034436388,0.2500075,0.06,0.0,0.0,0.0,41.0,0.0,yahoo,0.4502278233577147,True
AAPL,american,AAPL260911P00240000,put,2026-08-13,302.25,240.0,2026-09-11,0.03707000017166138,0.0034436388,0.12500875,0.17,0.0,0.0,0.0,36.0,0.0,yahoo,0.38693119376968954,True
AAPL,american,AAPL260911P00245000,put,2026-08-13,302.25,245.0,2026-09-11,0.03707000017166138,0.0034436388,0.12500875,0.2,0.0,0.0,0.0,61.0,0.0,yahoo,0.3656873875954848,True
AAPL,american,AAPL260911P00250000,put,2026-08-13,302.25,250.0,2026-09-11,0.03707000017166138,0.0034436388,0.12500875,0.22,0.0,0.0,0.0,99.0,0.0,yahoo,0.3405811181640505,True
AAPL,american,AAPL260911P00255000,put,2026-08-13,302.25,255.0,2026-09-11,0.03707000017166138,0.0034436388,0.12500875,0.26,0.0,0.0,0.0,162.0,0.0,yahoo,0.31882979301305947,True
AAPL,american,AAPL260911P00260000,put,2026-08-13,302.25,260.0,2026-09-11,0.03707000017166138,0.0034436388,0.12500875,0.38,0.0,0.0,0.0,25.0,0.0,yahoo,0.30813506567049204,True
AAPL,american,AAPL260911P00265000,put,2026-08-13,302.25,265.0,2026-09-11,0.03707000017166138,0.0034436388,0.12500875,0.52,0.0,0.0,0.0,125.0,0.0,yahoo,0.29391195748052285,True
AAPL,american,AAPL260911P00270000,put,2026-08-13,302.25,270.0,2026-09-11,0.03707000017166138,0.0034436388,0.062509375,0.75,0.0,0.0,0.0,54.0,0.0,yahoo,0.28288265169171983,True
AAPL,american,AAPL260911P00275000,put,2026-08-13,302.25,275.0,2026-09-11,0.03707000017166138,0.0034436388,0.062509375,1.04,0.0,0.0,0.0,152.0,0.0,yahoo,0.2693162372664906,True
AAPL,american,AAPL260911P00280000,put,2026-08-13,302.25,280.0,2026-09-11,0.03707000017166138,0.0034436388,0.062509375,1.51,0.0,0.0,0.0,152.0,0.0,yahoo,0.2591094872200165,True
AAPL,american,AAPL260911P00285000,put,2026-08-13,302.25,285.0,2026-09-11,0.03707000017166138,0.0034436388,0.062509375,2.08,0.0,0.0,0.0,212.0,0.0,yahoo,0.2448947812599373,True
AAPL,american,AAPL260911P00290000,put,2026-08-13,302.25,290.0,2026-09-11,0.03707000017166138,0.0034436388,0.0312596875,3.3,0.0,0.0,0.0,208.0,0.0,yahoo,0.2466694992689491,True
AAPL,american,AAPL260911P00295000,put,2026-08-13,302.25,295.0,2026-09-11,0.03707000017166138,0.0034436388,0.015634843750000002,4.83,0.0,0.0,0.0,100.0,0.0,yahoo,0.24473060058933233,True
AAPL,american,AAPL260911P00300000,put,2026-08-13,302.25,300.0,2026-09-11,0.03707000017166138,0.0034436388,0.007822421875,6.63,0.0,0.0,0.0,148.0,0.0,yahoo,0.2371866729293738,True
AAPL,american,AAPL260911P00305000,put,2026-08-13,302.25,305.0,2026-09-11,0.03707000017166138,0.0034436388,1.0000000000000003e-05,9.25,0.0,0.0,0.0,277.0,0.0,yahoo,0.2398670275643441,True
AAPL,american,AAPL260911P00310000,put,2026-08-13,302.25,310.0,2026-09-11,0.03707000017166138,0.0034436388,1.0000000000000003e-05,12.1,0.0,0.0,0.0,45.0,0.0,yahoo,0.2348467157720033,True
AAPL,american,AAPL260911P00320000,put,2026-08-13,302.25,320.0,2026-09-11,0.03707000017166138,0.0034436388,1.0000000000000003e-05,19.82,0.0,0.0,0.0,26.0,0.0,yahoo,0.24932656410674642,True
AAPL,american,AAPL260911P00325000,put,2026-08-13,302.25,325.0,2026-09-11,0.03707000017166138,0.0034436388,1.0000000000000003e-05,24.04,0.0,0.0,0.0,25.0,0.0,yahoo,0.25246597404034643,True
AAPL,american,AAPL260918C00185000,call,2026-08-13,302.25,185.0,2026-09-18,0.03707000017166138,0.0034436388,1.0000000000000003e-05,122.1,0.0,0.0,0.0,11.0,0.0,yahoo,1.2299342010842989,True
AAPL,american,AAPL260918C00190000,call,2026-08-13,302.25,190.0,2026-09-18,0.03707000017166138,0.0034436388,1.0000000000000003e-05,118.2,0.0,0.0,0.0,22.0,0.0,yahoo,1.2545569829707286,True
AAPL,american,AAPL260918C00200000,call,2026-08-13,302.25,200.0,2026-09-18,0.03707000017166138,0.0034436388,1.0000000000000003e-05,103.83,0.0,0.0,0.0,7.0,0.0,yahoo,0.7595335630452588,True
AAPL,american,AAPL260918C00210000,call,2026-08-13,302.25,210.0,2026-09-18,0.03707000017166138,0.0034436388,1.0000000000000003e-05,93.87,0.0,0.0,0.0,5.0,0.0,yahoo,0.6842342221452463,True
AAPL,american,AAPL260918C00220000,call,2026-08-13,302.25,220.0,2026-09-18,0.03707000017166138,0.0034436388,1.0000000000000003e-05,83.6,0.0,0.0,0.0,31.0,0.0,yahoo,0.5676241941911127,True
AAPL,american,AAPL260918C00260000,call,2026-08-13,302.25,260.0,2026-09-18,0.03707000017166138,0.0034436388,1.0000000000000003e-05,44.0,0.0,0.0,0.0,14.0,0.0,yahoo,0.33227596166162066,True
AAPL,american,AAPL260918C00265000,call,2026-08-13,302.25,265.0,2026-09-18,0.03707000017166138,0.0034436388,1.0000000000000003e-05,38.69,0.0,0.0,0.0,21.0,0.0,yahoo,0.2706401866701758,True
AAPL,american,AAPL260918C00270000,call,2026-08-13,302.25,270.0,2026-09-18,0.03707000017166138,0.0034436388,1.0000000000000003e-05,34.15,0.0,0.0,0.0,41.0,0.0,yahoo,0.2749252074704307,True
AAPL,american,AAPL260918C00275000,call,2026-08-13,302.25,275.0,2026-09-18,0.03707000017166138,0.0034436388,1.0000000000000003e-05,29.55,0.0,0.0,0.0,60.0,0.0,yahoo,0.2642216492767024,True
AAPL,american,AAPL260918C00280000,call,2026-08-13,302.25,280.0,2026-09-18,0.03707000017166138,0.0034436388,1.0000000000000003e-05,24.63,0.0,0.0,0.0,223.0,0.0,yahoo,0.23174622684038737,True
AAPL,american,AAPL260918C00285000,call,2026-08-13,302.25,285.0,2026-09-18,0.03707000017166138,0.0034436388,1.0000000000000003e-05,20.5,0.0,0.0,0.0,216.0,0.0,yahoo,0.23111847864763577,True
AAPL,american,AAPL260918C00290000,call,2026-08-13,302.25,290.0,2026-09-18,0.03707000017166138,0.0034436388,1.0000000000000003e-05,16.95,0.0,0.0,0.0,101.0,0.0,yahoo,0.23824199906149823,True
AAPL,american,AAPL260918C00295000,call,2026-08-13,302.25,295.0,2026-09-18,0.03707000017166138,0.0034436388,1.0000000000000003e-05,13.75,0.0,0.0,0.0,228.0,0.0,yahoo,0.2423151037043672,True
AAPL,american,AAPL260918C00300000,call,2026-08-13,302.25,300.0,2026-09-18,0.03707000017166138,0.0034436388,1.0000000000000003e-05,10.73,0.0,0.0,0.0,2911.0,0.0,yahoo,0.23954296181653875,True
AAPL,american,AAPL260918C00305000,call,2026-08-13,302.25,305.0,2026-09-18,0.03707000017166138,0.0034436388,0.007822421875,8.15,0.0,0.0,0.0,2541.0,0.0,yahoo,0.23683346305692682,True
AAPL,american,AAPL260918C00310000,call,2026-08-13,302.25,310.0,2026-09-18,0.03707000017166138,0.0034436388,0.015634843750000002,6.1,0.0,0.0,0.0,4665.0,0.0,yahoo,0.23691789904524937,True
AAPL,american,AAPL260918C00315000,call,2026-08-13,302.25,315.0,2026-09-18,0.03707000017166138,0.0034436388,0.0312596875,4.3,0.0,0.0,0.0,2786.0,0.0,yahoo,0.23225157153683484,True
AAPL,american,AAPL260918C00320000,call,2026-08-13,302.25,320.0,2026-09-18,0.03707000017166138,0.0034436388,0.0312596875,3.15,0.0,0.0,0.0,13637.0,0.0,yahoo,0.23599994178684303,True
AAPL,american,AAPL260918C00325000,call,2026-08-13,302.25,325.0,2026-09-18,0.03707000017166138,0.0034436388,0.062509375,2.09,0.0,0.0,0.0,1320.0,0.0,yahoo,0.23231171084393798,True
AAPL,american,AAPL260918C00330000,call,2026-08-13,302.25,330.0,2026-09-18,0.03707000017166138,0.0034436388,0.062509375,1.47,0.0,0.0,0.0,2595.0,0.0,yahoo,0.23558285126643347,True
AAPL,american,AAPL260918C00335000,call,2026-08-13,302.25,335.0,2026-09-18,0.03707000017166138,0.0034436388,0.062509375,1.05,0.0,0.0,0.0,2006.0,0.0,yahoo,0.240531417112614,True
AAPL,american,AAPL260918C00340000,call,2026-08-13,302.25,340.0,2026-09-18,0.03707000017166138,0.0034436388,0.062509375,0.74,0.0,0.0,0.0,2782.0,0.0,yahoo,0.24486174275845876,True
AAPL,american,AAPL260918C00345000,call,2026-08-13,302.25,345.0,2026-09-18,0.03707000017166138,0.0034436388,0.062509375,0.51,0.0,0.0,0.0,331.0,0.0,yahoo,0.2481877254948151,True
AAPL,american,AAPL260918C00350000,call,2026-08-13,302.25,350.0,2026-09-18,0.03707000017166138,0.0034436388,0.12500875,0.38,0.0,0.0,0.0,4919.0,0.0,yahoo,0.2550028315007592,True
AAPL,american,AAPL260918C00355000,call,2026-08-13,302.25,355.0,2026-09-18,0.03707000017166138,0.0034436388,0.12500875,0.29,0.0,0.0,0.0,191.0,0.0,yahoo,0.26273930077670704,True
AAPL,american,AAPL260918C00360000,call,2026-08-13,302.25,360.0,2026-09-18,0.03707000017166138,0.0034436388,0.12500875,0.21,0.0,0.0,0.0,618.0,0.0,yahoo,0.2677117354363254,True
AAPL,american,AAPL260918C00365000,call,2026-08-13,302.25,365.0,2026-09-18,0.03707000017166138,0.0034436388,0.12500875,0.16,0.0,0.0,0.0,42.0,0.0,yahoo,0.2743917437780308,True
AAPL,american,AAPL260918C00370000,call,2026-08-13,302.25,370.0,2026-09-18,0.03707000017166138,0.0034436388,0.12500875,0.12,0.0,0.0,0.0,158.0,0.0,yahoo,0.2801971948660101,True
AAPL,american,AAPL260918C00375000,call,2026-08-13,302.25,375.0,2026-09-18,0.03707000017166138,0.0034436388,0.12500875,0.09,0.0,0.0,0.0,49.0,0.0,yahoo,0.28577452374846274,True
AAPL,american,AAPL260918C00380000,call,2026-08-13,302.25,380.0,2026-09-18,0.03707000017166138,0.0034436388,0.12500875,0.08,0.0,0.0,0.0,39.0,0.0,yahoo,0.29670196020995165,True
AAPL,american,AAPL260918C00390000,call,2026-08-13,302.25,390.0,2026-09-18,0.03707000017166138,0.0034436388,0.12500875,0.05,0.0,0.0,0.0,9.0,0.0,yahoo,0.30937791978362594,True
AAPL,american,AAPL260918C00395000,call,2026-08-13,302.25,395.0,2026-09-18,0.03707000017166138,0.0034436388,0.12500875,0.02,0.0,0.0,0.0,12.0,0.0,yahoo,0.29490195729080515,True
AAPL,american,AAPL260918C00400000,call,2026-08-13,302.25,400.0,2026-09-18,0.03707000017166138,0.0034436388,0.12500875,0.06,0.0,0.0,0.0,608.0,0.0,yahoo,0.3435089097932985,True
AAPL,american,AAPL260918C00405000,call,2026-08-13,302.25,405.0,2026-09-18,0.03707000017166138,0.0034436388,0.2500075,0.02,0.0,0.0,0.0,20.0,0.0,yahoo,0.31970080109839655,True
AAPL,american,AAPL260918C00410000,call,2026-08-13,302.25,410.0,2026-09-18,0.03707000017166138,0.0034436388,0.2500075,0.02,0.0,0.0,0.0,40.0,0.0,yahoo,0.3318581766972934,True
AAPL,american,AAPL260918P00190000,put,2026-08-13,302.25,190.0,2026-09-18,0.03707000017166138,0.0034436388,0.2500075,0.07,0.0,0.0,0.0,17.0,0.0,yahoo,0.579709469616042,True
AAPL,american,AAPL260918P00195000,put,2026-08-13,302.25,195.0,2026-09-18,0.03707000017166138,0.0034436388,0.2500075,0.06,0.0,0.0,0.0,13.0,0.0,yahoo,0.5411917582626257,True
AAPL,american,AAPL260918P00200000,put,2026-08-13,302.25,200.0,2026-09-18,0.03707000017166138,0.0034436388,0.2500075,0.04,0.0,0.0,0.0,14.0,0.0,yahoo,0.4914753783011038,True
AAPL,american,AAPL260918P00205000,put,2026-08-13,302.25,205.0,2026-09-18,0.03707000017166138,0.0034436388,0.2500075,0.04,0.0,0.0,0.0,29.0,0.0,yahoo,0.4644164073787553,True
AAPL,american,AAPL260918P00210000,put,2026-08-13,302.25,210.0,2026-09-18,0.03707000017166138,0.0034436388,0.2500075,0.07,0.0,0.0,0.0,20.0,0.0,yahoo,0.4655139071338016,True
AAPL,american,AAPL260918P00215000,put,2026-08-13,302.25,215.0,2026-09-18,0.03707000017166138,0.0034436388,0.2500075,0.08,0.0,0.0,0.0,13.0,0.0,yahoo,0.4451302872731675,True
AAPL,american,AAPL260918P00220000,put,2026-08-13,302.25,220.0,2026-09-18,0.03707000017166138,0.0034436388,0.2500075,0.1,0.0,0.0,0.0,5.0,0.0,yahoo,0.4294934000099314,True
AAPL,american,AAPL260918P00225000,put,2026-08-13,302.25,225.0,2026-09-18,0.03707000017166138,0.0034436388,0.2500075,0.1,0.0,0.0,0.0,10.0,0.0,yahoo,0.4026493622257937,True
AAPL,american,AAPL260918P00230000,put,2026-08-13,302.25,230.0,2026-09-18,0.03707000017166138,0.0034436388,0.12500875,0.15,0.0,0.0,0.0,68.0,0.0,yahoo,0.39620992557164314,True
AAPL,american,AAPL260918P00235000,put,2026-08-13,302.25,235.0,2026-09-18,0.03707000017166138,0.0034436388,0.12500875,0.16,0.0,0.0,0.0,29.0,0.0,yahoo,0.37250040676575275,True
AAPL,american,AAPL260918P00240000,put,2026-08-13,302.25,240.0,2026-09-18,0.03707000017166138,0.0034436388,0.12500875,0.17,0.0,0.0,0.0,38.0,0.0,yahoo,0.34808007773109917,True
AAPL,american,AAPL260918P00245000,put,2026-08-13,302.25,245.0,2026-09-18,0.03707000017166138,0.0034436388,0.12500875,0.26,0.0,0.0,0.0,14.0,0.0,yahoo,0.34270007156624005,True
AAPL,american,AAPL260918P00250000,put,2026-08-13,302.25,250.0,2026-09-18,0.03707000017166138,0.0034436388,0.12500875,0.34,0.0,0.0,0.0,144.0,0.0,yahoo,0.32900194421609635,True
AAPL,american,AAPL260918P00255000,put,2026-08-13,302.25,255.0,2026-09-18,0.03707000017166138,0.0034436388,0.12500875,0.43,0.0,0.0,0.0,64.0,0.0,yahoo,0.31340949557484743,True
AAPL,american,AAPL260918P00260000,put,2026-08-13,302.25,260.0,2026-09-18,0.03707000017166138,0.0034436388,0.12500875,0.55,0.0,0.0,0.0,267.0,0.0,yahoo,0.2983258522549944,True
AAPL,american,AAPL260918P00265000,put,2026-08-13,302.25,265.0,2026-09-18,0.03707000017166138,0.0034436388,0.062509375,0.74,0.0,0.0,0.0,1150.0,0.0,yahoo,0.285665836572059,True
AAPL,american,AAPL260918P00270000,put,2026-08-13,302.25,270.0,2026-09-18,0.03707000017166138,0.0034436388,0.062509375,0.97,0.0,0.0,0.0,1280.0,0.0,yahoo,0.27142075604029137,True
AAPL,american,AAPL260918P00275000,put,2026-08-13,302.25,275.0,2026-09-18,0.03707000017166138,0.0034436388,0.062509375,1.38,0.0,0.0,0.0,486.0,0.0,yahoo,0.26285035027808806,True
AAPL,american,AAPL260918P00280000,put,2026-08-13,302.25,280.0,2026-09-18,0.03707000017166138,0.0034436388,0.062509375,1.96,0.0,0.0,0.0,933.0,0.0,yahoo,0.25494344509016503,True
AAPL,american,AAPL260918P00285000,put,2026-08-13,302.25,285.0,2026-09-18,0.03707000017166138,0.0034436388,0.0312596875,2.77,0.0,0.0,0.0,1252.0,0.0,yahoo,0.2478842702056804,True
AAPL,american,AAPL260918P00290000,put,2026-08-13,302.25,290.0,2026-09-18,0.03707000017166138,0.0034436388,0.0312596875,4.03,0.0,0.0,0.0,1297.0,0.0,yahoo,0.2467339772689325,True
AAPL,american,AAPL260918P00295000,put,2026-08-13,302.25,295.0,2026-09-18,0.03707000017166138,0.0034436388,0.015634843750000002,5.4,0.0,0.0,0.0,539.0,0.0,yahoo,0.23764742934633876,True
AAPL,american,AAPL260918P00300000,put,2026-08-13,302.25,300.0,2026-09-18,0.03707000017166138,0.0034436388,0.007822421875,7.35,0.0,0.0,0.0,1683.0,0.0,yahoo,0.23429363607312917,True
AAPL,american,AAPL260918P00305000,put,2026-08-13,302.25,305.0,2026-09-18,0.03707000017166138,0.0034436388,1.0000000000000003e-05,9.73,0.0,0.0,0.0,347.0,0.0,yahoo,0.2303665090221756,True
AAPL,american,AAPL260918P00310000,put,2026-08-13,302.25,310.0,2026-09-18,0.03707000017166138,0.0034436388,1.0000000000000003e-05,13.3,0.0,0.0,0.0,284.0,0.0,yahoo,0.24671654970396062,True
AAPL,american,AAPL260918P00315000,put,2026-08-13,302.25,315.0,2026-09-18,0.03707000017166138,0.0034436388,1.0000000000000003e-05,16.45,0.0,0.0,0.0,96.0,0.0,yahoo,0.24069364263834298,True
AAPL,american,AAPL260918P00320000,put,2026-08-13,302.25,320.0,2026-09-18,0.03707000017166138,0.0034436388,1.0000000000000003e-05,20.6,0.0,0.0,0.0,68.0,0.0,yahoo,0.2544739309044639,True
AAPL,american,AAPL260918P00325000,put,2026-08-13,302.25,325.0,2026-09-18,0.03707000017166138,0.0034436388,1.0000000000000003e-05,24.23,0.0,0.0,0.0,186.0,0.0,yahoo,0.23925351675959916,True
AAPL,american,AAPL260918P00330000,put,2026-08-13,302.25,330.0,2026-09-18,0.03707000017166138,0.0034436388,1.0000000000000003e-05,28.92,0.0,0.0,0.0,164.0,0.0,yahoo,0.2566907615873058,True
AAPL,american,AAPL260918P00335000,put,2026-08-13,302.25,335.0,2026-09-18,0.03707000017166138,0.0034436388,1.0000000000000003e-05,33.75,0.0,0.0,0.0,19.0,0.0,yahoo,0.2771629827742,True
AAPL,american,AAPL260918P00340000,put,2026-08-13,302.25,340.0,2026-09-18,0.03707000017166138,0.0034436388,1.0000000000000003e-05,38.42,0.0,0.0,0.0,14.0,0.0,yahoo,0.28461642811771287,True
AAPL,american,AAPL260918P00345000,put,2026-08-13,302.25,345.0,2026-09-18,0.03707000017166138,0.0034436388,1.0000000000000003e-05,43.55,0.0,0.0,0.0,43.0,0.0,yahoo,0.3190676164677048,True
AAPL,american,AAPL260918P00370000,put,2026-08-13,302.25,370.0,2026-09-18,0.03707000017166138,0.0034436388,1.0000000000000003e-05,69.3,0.0,0.0,0.0,43.0,0.0,yahoo,0.48916211165752554,True
AAPL,american,AAPL260918P00375000,put,2026-08-13,302.25,375.0,2026-09-18,0.03707000017166138,0.0034436388,1.0000000000000003e-05,73.95,0.0,0.0,0.0,81.0,0.0,yahoo,0.48984646325926157,True
AAPL,american,AAPL260918P00420000,put,2026-08-13,302.25,420.0,2026-09-18,0.03707000017166138,0.0034436388,1.922180564880371,157.425,155.9,158.95,3.049999999999983,5.0,0.0,yahoo,1.9751641504054465,True
AAPL,american,AAPL260925C00255000,call,2026-08-13,302.25,255.0,2026-09-25,0.03707000017166138,0.0034436388,1.0000000000000003e-05,48.85,0.0,0.0,0.0,81.0,0.0,yahoo,0.3083536450135651,True
AAPL,american,AAPL260925C00290000,call,2026-08-13,302.25,290.0,2026-09-25,0.03707000017166138,0.0034436388,1.0000000000000003e-05,17.85,0.0,0.0,0.0,9.0,0.0,yahoo,0.24034770471496977,True
AAPL,american,AAPL260925C00295000,call,2026-08-13,302.25,295.0,2026-09-25,0.03707000017166138,0.0034436388,1.0000000000000003e-05,14.4,0.0,0.0,0.0,13.0,0.0,yahoo,0.23564470631499118,True
AAPL,american,AAPL260925C00300000,call,2026-08-13,302.25,300.0,2026-09-25,0.03707000017166138,0.0034436388,1.0000000000000003e-05,11.43,0.0,0.0,0.0,306.0,0.0,yahoo,0.23389272117783402,True
AAPL,american,AAPL260925C00305000,call,2026-08-13,302.25,305.0,2026-09-25,0.03707000017166138,0.0034436388,0.007822421875,9.15,0.0,0.0,0.0,257.0,0.0,yahoo,0.23877231882201436,True
AAPL,american,AAPL260925C00310000,call,2026-08-13,302.25,310.0,2026-09-25,0.03707000017166138,0.0034436388,0.015634843750000002,6.7,0.0,0.0,0.0,135.0,0.0,yahoo,0.22979801849576628,True
AAPL,american,AAPL260925C00315000,call,2026-08-13,302.25,315.0,2026-09-25,0.03707000017166138,0.0034436388,0.0312596875,5.1,0.0,0.0,0.0,174.0,0.0,yahoo,0.23239917133976357,True
AAPL,american,AAPL260925C00320000,call,2026-08-13,302.25,320.0,2026-09-25,0.03707000017166138,0.0034436388,0.0312596875,3.69,0.0,0.0,0.0,222.0,0.0,yahoo,0.23090426283866144,True
AAPL,american,AAPL260925C00325000,call,2026-08-13,302.25,325.0,2026-09-25,0.03707000017166138,0.0034436388,0.062509375,2.8,0.0,0.0,0.0,242.0,0.0,yahoo,0.23618021317928029,True
AAPL,american,AAPL260925C00330000,call,2026-08-13,302.25,330.0,2026-09-25,0.03707000017166138,0.0034436388,0.062509375,1.95,0.0,0.0,0.0,509.0,0.0,yahoo,0.23461304330602825,True
AAPL,american,AAPL260925C00335000,call,2026-08-13,302.25,335.0,2026-09-25,0.03707000017166138,0.0034436388,0.062509375,1.41,0.0,0.0,0.0,526.0,0.0,yahoo,0.23752589311952615,True
AAPL,american,AAPL260925C00340000,call,2026-08-13,302.25,340.0,2026-09-25,0.03707000017166138,0.0034436388,0.062509375,1.03,0.0,0.0,0.0,258.0,0.0,yahoo,0.24143621785116776,True
AAPL,american,AAPL260925C00345000,call,2026-08-13,302.25,345.0,2026-09-25,0.03707000017166138,0.0034436388,0.062509375,0.73,0.0,0.0,0.0,50.0,0.0,yahoo,0.24373647170664098,True
AAPL,american,AAPL260925C00350000,call,2026-08-13,302.25,350.0,2026-09-25,0.03707000017166138,0.0034436388,0.062509375,0.57,0.0,0.0,0.0,169.0,0.0,yahoo,0.251479894328419,True
AAPL,american,AAPL260925C00355000,call,2026-08-13,302.25,355.0,2026-09-25,0.03707000017166138,0.0034436388,0.12500875,0.53,0.0,0.0,0.0,72.0,0.0,yahoo,0.26689941189386424,True
AAPL,american,AAPL260925C00375000,call,2026-08-13,302.25,375.0,2026-09-25,0.03707000017166138,0.0034436388,0.12500875,0.24,0.0,0.0,0.0,51.0,0.0,yahoo,0.2978698901618113,True
AAPL,american,AAPL260925P00250000,put,2026-08-13,302.25,250.0,2026-09-25,0.03707000017166138,0.0034436388,0.12500875,0.43,0.0,0.0,0.0,143.0,0.0,yahoo,0.3146586540482425,True
AAPL,american,AAPL260925P00260000,put,2026-08-13,302.25,260.0,2026-09-25,0.03707000017166138,0.0034436388,0.12500875,0.7,0.0,0.0,0.0,56.0,0.0,yahoo,0.2880081601682214,True
AAPL,american,AAPL260925P00265000,put,2026-08-13,302.25,265.0,2026-09-25,0.03707000017166138,0.0034436388,0.062509375,0.97,0.0,0.0,0.0,74.0,0.0,yahoo,0.27948444421752144,True
AAPL,american,AAPL260925P00270000,put,2026-08-13,302.25,270.0,2026-09-25,0.03707000017166138,0.0034436388,0.062509375,1.31,0.0,0.0,0.0,85.0,0.0,yahoo,0.26978175093111445,True
AAPL,american,AAPL260925P00275000,put,2026-08-13,302.25,275.0,2026-09-25,0.03707000017166138,0.0034436388,0.062509375,1.86,0.0,0.0,0.0,125.0,0.0,yahoo,0.26460435183231185,True
AAPL,american,AAPL260925P00280000,put,2026-08-13,302.25,280.0,2026-09-25,0.03707000017166138,0.0034436388,0.062509375,2.48,0.0,0.0,0.0,147.0,0.0,yahoo,0.2550952518166293,True
AAPL,american,AAPL260925P00285000,put,2026-08-13,302.25,285.0,2026-09-25,0.03707000017166138,0.0034436388,0.0312596875,3.46,0.0,0.0,0.0,173.0,0.0,yahoo,0.251046702287871,True
AAPL,american,AAPL260925P00290000,put,2026-08-13,302.25,290.0,2026-09-25,0.03707000017166138,0.0034436388,0.0312596875,4.81,0.0,0.0,0.0,151.0,0.0,yahoo,0.24944846085392028,True
AAPL,american,AAPL260925P00295000,put,2026-08-13,302.25,295.0,2026-09-25,0.03707000017166138,0.0034436388,0.015634843750000002,6.38,0.0,0.0,0.0,142.0,0.0,yahoo,0.24464837465151712,True
AAPL,american,AAPL260925P00300000,put,2026-08-13,302.25,300.0,2026-09-25,0.03707000017166138,0.0034436388,0.007822421875,8.3,0.0,0.0,0.0,163.0,0.0,yahoo,0.23965134873953298,True
AAPL,american,AAPL260925P00305000,put,2026-08-13,302.25,305.0,2026-09-25,0.03707000017166138,0.0034436388,1.0000000000000003e-05,10.7,0.0,0.0,0.0,237.0,0.0,yahoo,0.23646728119354934,True
AAPL,american,AAPL260925P00310000,put,2026-08-13,302.25,310.0,2026-09-25,0.03707000017166138,0.0034436388,1.0000000000000003e-05,13.94,0.0,0.0,0.0,8.0,0.0,yahoo,0.24416422839698584,True
AAPL,american,AAPL260925P00325000,put,2026-08-13,302.25,325.0,2026-09-25,0.03707000017166138,0.0034436388,1.0000000000000003e-05,24.84,0.0,0.0,0.0,37.0,0.0,yahoo,0.24472266159316977,True
AAPL,american,AAPL261016C00185000,call,2026-08-13,302.25,185.0,2026-10-16,0.03707000017166138,0.0034436388,1.0000000000000003e-05,122.99,0.0,0.0,0.0,26.0,0.0,yahoo,0.9519711330685262,True
AAPL,american,AAPL261016C00195000,call,2026-08-13,302.25,195.0,2026-10-16,0.03707000017166138,0.0034436388,1.0000000000000003e-05,108.76,0.0,0.0,0.0,200.0,0.0,yahoo,0.5259068243409243,True
AAPL,american,AAPL261016C00215000,call,2026-08-13,302.25,215.0,2026-10-16,0.03707000017166138,0.0034436388,1.0000000000000003e-05,88.89,0.0,0.0,0.0,122.0,0.0,yahoo,0.4233084010224908,True
AAPL,american,AAPL261016C00220000,call,2026-08-13,302.25,220.0,2026-10-16,0.03707000017166138,0.0034436388,1.0000000000000003e-05,85.23,0.0,0.0,0.0,15.0,0.0,yahoo,0.523681312067359,True
AAPL,american,AAPL261016C00230000,call,2026-08-13,302.25,230.0,2026-10-16,0.03707000017166138,0.0034436388,1.0000000000000003e-05,74.59,0.0,0.0,0.0,10.0,0.0,yahoo,0.41404368567779903,True
AAPL,american,AAPL261016C00245000,call,2026-08-13,302.25,245.0,2026-10-16,0.03707000017166138,0.0034436388,1.0000000000000003e-05,64.41,0.0,0.0,0.0,72.0,0.0,yahoo,0.5473879584069244,True
AAPL,american,AAPL261016C00250000,call,2026-08-13,302.25,250.0,2026-10-16,0.03707000017166138,0.0034436388,1.0000000000000003e-05,54.82,0.0,0.0,0.0,254.0,0.0,yahoo,0.3175188391322546,True
AAPL,american,AAPL261016C00255000,call,2026-08-13,302.25,255.0,2026-10-16,0.03707000017166138,0.0034436388,1.0000000000000003e-05,49.74,0.0,0.0,0.0,55.0,0.0,yahoo,0.2848325855215692,True
AAPL,american,AAPL261016C00260000,call,2026-08-13,302.25,260.0,2026-10-16,0.03707000017166138,0.0034436388,1.0000000000000003e-05,45.25,0.0,0.0,0.0,48.0,0.0,yahoo,0.28604342989372716,True
AAPL,american,AAPL261016C00275000,call,2026-08-13,302.25,275.0,2026-10-16,0.03707000017166138,0.0034436388,1.0000000000000003e-05,31.5,0.0,0.0,0.0,6.0,0.0,yahoo,0.24819731548822008,True
AAPL,american,AAPL261016C00280000,call,2026-08-13,302.25,280.0,2026-10-16,0.03707000017166138,0.0034436388,1.0000000000000003e-05,27.6,0.0,0.0,0.0,90.0,0.0,yahoo,0.2496507615617236,True
AAPL,american,AAPL261016C00285000,call,2026-08-13,302.25,285.0,2026-10-16,0.03707000017166138,0.0034436388,1.0000000000000003e-05,23.4,0.0,0.0,0.0,30.0,0.0,yahoo,0.2366842630896553,True
AAPL,american,AAPL261016C00290000,call,2026-08-13,302.25,290.0,2026-10-16,0.03707000017166138,0.0034436388,1.0000000000000003e-05,20.35,0.0,0.0,0.0,110.0,0.0,yahoo,0.245935071863262,True
AAPL,american,AAPL261016C00295000,call,2026-08-13,302.25,295.0,2026-10-16,0.03707000017166138,0.0034436388,1.0000000000000003e-05,17.0,0.0,0.0,0.0,78.0,0.0,yahoo,0.2410070846940268,True
AAPL,american,AAPL261016C00300000,call,2026-08-13,302.25,300.0,2026-10-16,0.03707000017166138,0.0034436388,1.0000000000000003e-05,14.45,0.0,0.0,0.0,3261.0,0.0,yahoo,0.2462790560593934,True
AAPL,american,AAPL261016C00305000,call,2026-08-13,302.25,305.0,2026-10-16,0.03707000017166138,0.0034436388,0.007822421875,11.8,0.0,0.0,0.0,2628.0,0.0,yahoo,0.24304020194032858,True
AAPL,american,AAPL261016C00310000,call,2026-08-13,302.25,310.0,2026-10-16,0.03707000017166138,0.0034436388,0.015634843750000002,9.4,0.0,0.0,0.0,1103.0,0.0,yahoo,0.23819798466717207,True
AAPL,american,AAPL261016C00315000,call,2026-08-13,302.25,315.0,2026-10-16,0.03707000017166138,0.0034436388,0.0312596875,7.44,0.0,0.0,0.0,1120.0,0.0,yahoo,0.23587129379021188,True
AAPL,american,AAPL261016C00320000,call,2026-08-13,302.25,320.0,2026-10-16,0.03707000017166138,0.0034436388,0.0312596875,6.0,0.0,0.0,0.0,1824.0,0.0,yahoo,0.23839912407908193,True
AAPL,american,AAPL261016C00325000,call,2026-08-13,302.25,325.0,2026-10-16,0.03707000017166138,0.0034436388,0.0312596875,4.53,0.0,0.0,0.0,1216.0,0.0,yahoo,0.23430276166094843,True
AAPL,american,AAPL261016C00330000,call,2026-08-13,302.25,330.0,2026-10-16,0.03707000017166138,0.0034436388,0.062509375,3.65,0.0,0.0,0.0,1280.0,0.0,yahoo,0.2387602442613682,True
AAPL,american,AAPL261016C00335000,call,2026-08-13,302.25,335.0,2026-10-16,0.03707000017166138,0.0034436388,0.062509375,2.73,0.0,0.0,0.0,522.0,0.0,yahoo,0.23677587833096947,True
AAPL,american,AAPL261016C00340000,call,2026-08-13,302.25,340.0,2026-10-16,0.03707000017166138,0.0034436388,0.062509375,2.09,0.0,0.0,0.0,643.0,0.0,yahoo,0.23801557514870847,True
AAPL,american,AAPL261016C00345000,call,2026-08-13,302.25,345.0,2026-10-16,0.03707000017166138,0.0034436388,0.062509375,1.59,0.0,0.0,0.0,234.0,0.0,yahoo,0.23926208447276703,True
AAPL,american,AAPL261016C00350000,call,2026-08-13,302.25,350.0,2026-10-16,0.03707000017166138,0.0034436388,0.062509375,1.24,0.0,0.0,0.0,752.0,0.0,yahoo,0.24248657804800508,True
AAPL,american,AAPL261016C00355000,call,2026-08-13,302.25,355.0,2026-10-16,0.03707000017166138,0.0034436388,0.062509375,0.98,0.0,0.0,0.0,136.0,0.0,yahoo,0.2462958771094633,True
AAPL,american,AAPL261016C00360000,call,2026-08-13,302.25,360.0,2026-10-16,0.03707000017166138,0.0034436388,0.062509375,0.77,0.0,0.0,0.0,738.0,0.0,yahoo,0.2498251160584603,True
AAPL,american,AAPL261016C00365000,call,2026-08-13,302.25,365.0,2026-10-16,0.03707000017166138,0.0034436388,0.12500875,0.6,0.0,0.0,0.0,58.0,0.0,yahoo,0.25297751422293985,True
AAPL,american,AAPL261016C00370000,call,2026-08-13,302.25,370.0,2026-10-16,0.03707000017166138,0.0034436388,0.12500875,0.48,0.0,0.0,0.0,80.0,0.0,yahoo,0.25722667007455036,True
AAPL,american,AAPL261016C00375000,call,2026-08-13,302.25,375.0,2026-10-16,0.03707000017166138,0.0034436388,0.12500875,0.37,0.0,0.0,0.0,12.0,0.0,yahoo,0.2594590731018818,True
AAPL,american,AAPL261016C00380000,call,2026-08-13,302.25,380.0,2026-10-16,0.03707000017166138,0.0034436388,0.12500875,0.3,0.0,0.0,0.0,106.0,0.0,yahoo,0.26390766308054264,True
AAPL,american,AAPL261016C00385000,call,2026-08-13,302.25,385.0,2026-10-16,0.03707000017166138,0.0034436388,0.12500875,0.23,0.0,0.0,0.0,11.0,0.0,yahoo,0.26585719789621426,True
AAPL,american,AAPL261016C00390000,call,2026-08-13,302.25,390.0,2026-10-16,0.03707000017166138,0.0034436388,0.12500875,0.22,0.0,0.0,0.0,23.0,0.0,yahoo,0.2762086983494363,True
AAPL,american,AAPL261016C00395000,call,2026-08-13,302.25,395.0,2026-10-16,0.03707000017166138,0.0034436388,0.12500875,0.2,0.0,0.0,0.0,6.0,0.0,yahoo,0.2844118185472728,True
AAPL,american,AAPL261016C00400000,call,2026-08-13,302.25,400.0,2026-10-16,0.03707000017166138,0.0034436388,0.12500875,0.13,0.0,0.0,0.0,508.0,0.0,yahoo,0.27962166296814805,True
AAPL,american,AAPL261016C00410000,call,2026-08-13,302.25,410.0,2026-10-16,0.03707000017166138,0.0034436388,0.12500875,0.08,0.0,0.0,0.0,45.0,0.0,yahoo,0.2842581675880107,True
AAPL,american,AAPL261016C00415000,call,2026-08-13,302.25,415.0,2026-10-16,0.03707000017166138,0.0034436388,0.12500875,0.09,0.0,0.0,0.0,6.0,0.0,yahoo,0.29822321723993694,True
AAPL,american,AAPL261016P00200000,put,2026-08-13,302.25,200.0,2026-10-16,0.03707000017166138,0.0034436388,0.2500075,0.09,0.0,0.0,0.0,6.0,0.0,yahoo,0.40457710954787884,True
AAPL,american,AAPL261016P00220000,put,2026-08-13,302.25,220.0,2026-10-16,0.03707000017166138,0.0034436388,0.12500875,0.24,0.0,0.0,0.0,13.0,0.0,yahoo,0.3645642179289091,True
AAPL,american,AAPL261016P00235000,put,2026-08-13,302.25,235.0,2026-10-16,0.03707000017166138,0.0034436388,0.12500875,0.42,0.0,0.0,0.0,15.0,0.0,yahoo,0.3266043781293545,True
AAPL,american,AAPL261016P00240000,put,2026-08-13,302.25,240.0,2026-10-16,0.03707000017166138,0.0034436388,0.12500875,0.52,0.0,0.0,0.0,32.0,0.0,yahoo,0.3154879704364954,True
AAPL,american,AAPL261016P00245000,put,2026-08-13,302.25,245.0,2026-10-16,0.03707000017166138,0.0034436388,0.12500875,0.67,0.0,0.0,0.0,11.0,0.0,yahoo,0.30684994193131265,True
AAPL,american,AAPL261016P00250000,put,2026-08-13,302.25,250.0,2026-10-16,0.03707000017166138,0.0034436388,0.12500875,0.85,0.0,0.0,0.0,289.0,0.0,yahoo,0.2975592864642166,True
AAPL,american,AAPL261016P00255000,put,2026-08-13,302.25,255.0,2026-10-16,0.03707000017166138,0.0034436388,0.062509375,1.11,0.0,0.0,0.0,241.0,0.0,yahoo,0.2899291400386752,True
AAPL,american,AAPL261016P00260000,put,2026-08-13,302.25,260.0,2026-10-16,0.03707000017166138,0.0034436388,0.062509375,1.38,0.0,0.0,0.0,60.0,0.0,yahoo,0.27936506574512027,True
AAPL,american,AAPL261016P00265000,put,2026-08-13,302.25,265.0,2026-10-16,0.03707000017166138,0.0034436388,0.062509375,1.79,0.0,0.0,0.0,53.0,0.0,yahoo,0.27220798703972654,True
AAPL,american,AAPL261016P00270000,put,2026-08-13,302.25,270.0,2026-10-16,0.03707000017166138,0.0034436388,0.062509375,2.32,0.0,0.0,0.0,222.0,0.0,yahoo,0.2652075827183071,True
AAPL,american,AAPL261016P00275000,put,2026-08-13,302.25,275.0,2026-10-16,0.03707000017166138,0.0034436388,0.062509375,3.15,0.0,0.0,0.0,236.0,0.0,yahoo,0.26350374034124113,True
AAPL,american,AAPL261016P00280000,put,2026-08-13,302.25,280.0,2026-10-16,0.03707000017166138,0.0034436388,0.0312596875,3.87,0.0,0.0,0.0,255.0,0.0,yahoo,0.25312103617870985,True
AAPL,american,AAPL261016P00285000,put,2026-08-13,302.25,285.0,2026-10-16,0.03707000017166138,0.0034436388,0.0312596875,5.05,0.0,0.0,0.0,219.0,0.0,yahoo,0.24975852303760399,True
AAPL,american,AAPL261016P00290000,put,2026-08-13,302.25,290.0,2026-10-16,0.03707000017166138,0.0034436388,0.0312596875,6.5,0.0,0.0,0.0,275.0,0.0,yahoo,0.24673384614292948,True
AAPL,american,AAPL261016P00295000,put,2026-08-13,302.25,295.0,2026-10-16,0.03707000017166138,0.0034436388,0.015634843750000002,8.2,0.0,0.0,0.0,173.0,0.0,yahoo,0.2429872628119249,True
AAPL,american,AAPL261016P00300000,put,2026-08-13,302.25,300.0,2026-10-16,0.03707000017166138,0.0034436388,0.0039162109375,10.13,0.0,0.0,0.0,1828.0,0.0,yahoo,0.23774778669449897,True
AAPL,american,AAPL261016P00305000,put,2026-08-13,302.25,305.0,2026-10-16,0.03707000017166138,0.0034436388,1.0000000000000003e-05,12.57,0.0,0.0,0.0,338.0,0.0,yahoo,0.23622812897612025,True
AAPL,american,AAPL261016P00310000,put,2026-08-13,302.25,310.0,2026-10-16,0.03707000017166138,0.0034436388,1.0000000000000003e-05,15.48,0.0,0.0,0.0,88.0,0.0,yahoo,0.237226684112364,True
AAPL,american,AAPL261016P00315000,put,2026-08-13,302.25,315.0,2026-10-16,0.03707000017166138,0.0034436388,1.0000000000000003e-05,18.7,0.0,0.0,0.0,18.0,0.0,yahoo,0.23800928613436884,True
AAPL,american,AAPL261016P00320000,put,2026-08-13,302.25,320.0,2026-10-16,0.03707000017166138,0.0034436388,1.0000000000000003e-05,22.35,0.0,0.0,0.0,32.0,0.0,yahoo,0.24188641649576906,True
AAPL,american,AAPL261016P00325000,put,2026-08-13,302.25,325.0,2026-10-16,0.03707000017166138,0.0034436388,1.0000000000000003e-05,25.9,0.0,0.0,0.0,26.0,0.0,yahoo,0.2371014164605908,True
AAPL,american,AAPL261016P00330000,put,2026-08-13,302.25,330.0,2026-10-16,0.03707000017166138,0.0034436388,1.0000000000000003e-05,29.6,0.0,0.0,0.0,38.0,0.0,yahoo,0.2276751971497226,True
AAPL,american,AAPL261016P00340000,put,2026-08-13,302.25,340.0,2026-10-16,0.03707000017166138,0.0034436388,1.0000000000000003e-05,38.5,0.0,0.0,0.0,6.0,0.0,yahoo,0.23315502607378405,True
AAPL,american,AAPL261016P00350000,put,2026-08-13,302.25,350.0,2026-10-16,0.03707000017166138,0.0034436388,1.0000000000000003e-05,48.5,0.0,0.0,0.0,8.0,0.0,yahoo,0.2732787005866363,True
AAPL,american,AAPL261120C00185000,call,2026-08-13,302.25,185.0,2026-11-20,0.03707000017166138,0.0034436388,1.0000000000000003e-05,149.76,0.0,0.0,0.0,499.0,0.0,yahoo,1.5832298639486853,True
AAPL,american,AAPL261120C00215000,call,2026-08-13,302.25,215.0,2026-11-20,0.03707000017166138,0.0034436388,1.0000000000000003e-05,95.55,0.0,0.0,0.0,6.0,0.0,yahoo,0.6426348615014656,True
AAPL,american,AAPL261120C00220000,call,2026-08-13,302.25,220.0,2026-11-20,0.03707000017166138,0.0034436388,1.0000000000000003e-05,85.88,0.0,0.0,0.0,234.0,0.0,yahoo,0.42310347280303245,True
AAPL,american,AAPL261120C00225000,call,2026-08-13,302.25,225.0,2026-11-20,0.03707000017166138,0.0034436388,1.0000000000000003e-05,81.13,0.0,0.0,0.0,234.0,0.0,yahoo,0.40979650165510845,True
AAPL,american,AAPL261120C00245000,call,2026-08-13,302.25,245.0,2026-11-20,0.03707000017166138,0.0034436388,1.0000000000000003e-05,61.45,0.0,0.0,0.0,44.0,0.0,yahoo,0.3221764843021734,True
AAPL,american,AAPL261120C00250000,call,2026-08-13,302.25,250.0,2026-11-20,0.03707000017166138,0.0034436388,1.0000000000000003e-05,56.14,0.0,0.0,0.0,16.0,0.0,yahoo,0.2840531941793488,True
AAPL,american,AAPL261120C00255000,call,2026-08-13,302.25,255.0,2026-11-20,0.03707000017166138,0.0034436388,1.0000000000000003e-05,52.05,0.0,0.0,0.0,10.0,0.0,yahoo,0.294389653539882,True
AAPL,american,AAPL261120C00260000,call,2026-08-13,302.25,260.0,2026-11-20,0.03707000017166138,0.0034436388,1.0000000000000003e-05,48.0,0.0,0.0,0.0,29.0,0.0,yahoo,0.2988078280108497,True
AAPL,american,AAPL261120C00265000,call,2026-08-13,302.25,265.0,2026-11-20,0.03707000017166138,0.0034436388,1.0000000000000003e-05,46.7,0.0,0.0,0.0,12.0,0.0,yahoo,0.36399090317644084,True
AAPL,american,AAPL261120C00270000,call,2026-08-13,302.25,270.0,2026-11-20,0.03707000017166138,0.0034436388,1.0000000000000003e-05,39.25,0.0,0.0,0.0,41.0,0.0,yahoo,0.27798079619374993,True
AAPL,american,AAPL261120C00275000,call,2026-08-13,302.25,275.0,2026-11-20,0.03707000017166138,0.0034436388,1.0000000000000003e-05,35.05,0.0,0.0,0.0,34.0,0.0,yahoo,0.2683056258630279,True
AAPL,american,AAPL261120C00280000,call,2026-08-13,302.25,280.0,2026-11-20,0.03707000017166138,0.0034436388,1.0000000000000003e-05,32.03,0.0,0.0,0.0,111.0,0.0,yahoo,0.2800628031112869,True
AAPL,american,AAPL261120C00290000,call,2026-08-13,302.25,290.0,2026-11-20,0.03707000017166138,0.0034436388,1.0000000000000003e-05,24.88,0.0,0.0,0.0,135.0,0.0,yahoo,0.2679015067996538,True
AAPL,american,AAPL261120C00295000,call,2026-08-13,302.25,295.0,2026-11-20,0.03707000017166138,0.0034436388,1.0000000000000003e-05,21.93,0.0,0.0,0.0,33.0,0.0,yahoo,0.2676756690437203,True
AAPL,american,AAPL261120C00300000,call,2026-08-13,302.25,300.0,2026-11-20,0.03707000017166138,0.0034436388,1.0000000000000003e-05,19.12,0.0,0.0,0.0,274.0,0.0,yahoo,0.26553775622513837,True
AAPL,american,AAPL261120C00305000,call,2026-08-13,302.25,305.0,2026-11-20,0.03707000017166138,0.0034436388,0.0039162109375,16.2,0.0,0.0,0.0,405.0,0.0,yahoo,0.2581987635401336,True
AAPL,american,AAPL261120C00310000,call,2026-08-13,302.25,310.0,2026-11-20,0.03707000017166138,0.0034436388,0.015634843750000002,14.0,0.0,0.0,0.0,299.0,0.0,yahoo,0.2586865224907717,True
AAPL,american,AAPL261120C00315000,call,2026-08-13,302.25,315.0,2026-11-20,0.03707000017166138,0.0034436388,0.015634843750000002,11.9,0.0,0.0,0.0,290.0,0.0,yahoo,0.25678321025227013,True
AAPL,american,AAPL261120C00320000,call,2026-08-13,302.25,320.0,2026-11-20,0.03707000017166138,0.0034436388,0.0312596875,10.1,0.0,0.0,0.0,431.0,0.0,yahoo,0.25632249468674734,True
AAPL,american,AAPL261120C00325000,call,2026-08-13,302.25,325.0,2026-11-20,0.03707000017166138,0.0034436388,0.0312596875,8.5,0.0,0.0,0.0,589.0,0.0,yahoo,0.2556491309357627,True
AAPL,american,AAPL261120C00330000,call,2026-08-13,302.25,330.0,2026-11-20,0.03707000017166138,0.0034436388,0.0312596875,7.1,0.0,0.0,0.0,275.0,0.0,yahoo,0.25470829749187096,True
AAPL,american,AAPL261120C00335000,call,2026-08-13,302.25,335.0,2026-11-20,0.03707000017166138,0.0034436388,0.0312596875,5.85,0.0,0.0,0.0,258.0,0.0,yahoo,0.2532487014805891,True
AAPL,american,AAPL261120C00340000,call,2026-08-13,302.25,340.0,2026-11-20,0.03707000017166138,0.0034436388,0.062509375,4.79,0.0,0.0,0.0,281.0,0.0,yahoo,0.2522268939814691,True
AAPL,american,AAPL261120C00345000,call,2026-08-13,302.25,345.0,2026-11-20,0.03707000017166138,0.0034436388,0.062509375,3.95,0.0,0.0,0.0,153.0,0.0,yahoo,0.25228139017793005,True
AAPL,american,AAPL261120C00350000,call,2026-08-13,302.25,350.0,2026-11-20,0.03707000017166138,0.0034436388,0.062509375,3.27,0.0,0.0,0.0,472.0,0.0,yahoo,0.2532253578280114,True
AAPL,american,AAPL261120C00355000,call,2026-08-13,302.25,355.0,2026-11-20,0.03707000017166138,0.0034436388,0.062509375,2.75,0.0,0.0,0.0,100.0,0.0,yahoo,0.25570593562113714,True
AAPL,american,AAPL261120C00360000,call,2026-08-13,302.25,360.0,2026-11-20,0.03707000017166138,0.0034436388,0.062509375,2.25,0.0,0.0,0.0,171.0,0.0,yahoo,0.25624416356787616,True
AAPL,american,AAPL261120C00365000,call,2026-08-13,302.25,365.0,2026-11-20,0.03707000017166138,0.0034436388,0.062509375,1.85,0.0,0.0,0.0,1222.0,0.0,yahoo,0.2573845875450217,True
AAPL,american,AAPL261120C00370000,call,2026-08-13,302.25,370.0,2026-11-20,0.03707000017166138,0.0034436388,0.062509375,1.49,0.0,0.0,0.0,256.0,0.0,yahoo,0.257454740718378,True
AAPL,american,AAPL261120C00375000,call,2026-08-13,302.25,375.0,2026-11-20,0.03707000017166138,0.0034436388,0.062509375,1.24,0.0,0.0,0.0,248.0,0.0,yahoo,0.25957002092424136,True
AAPL,american,AAPL261120C00380000,call,2026-08-13,302.25,380.0,2026-11-20,0.03707000017166138,0.0034436388,0.062509375,0.99,0.0,0.0,0.0,104.0,0.0,yahoo,0.25953817807345375,True
AAPL,american,AAPL261120C00390000,call,2026-08-13,302.25,390.0,2026-11-20,0.03707000017166138,0.0034436388,0.12500875,0.7,0.0,0.0,0.0,35.0,0.0,yahoo,0.26473451633581263,True
AAPL,american,AAPL261120C00400000,call,2026-08-13,302.25,400.0,2026-11-20,0.03707000017166138,0.0034436388,0.12500875,0.47,0.0,0.0,0.0,912.0,0.0,yahoo,0.26742979022681335,True
AAPL,american,AAPL261120C00410000,call,2026-08-13,302.25,410.0,2026-11-20,0.03707000017166138,0.0034436388,0.12500875,0.33,0.0,0.0,0.0,34.0,0.0,yahoo,0.2722032193094213,True
AAPL,american,AAPL261120C00420000,call,2026-08-13,302.25,420.0,2026-11-20,0.03707000017166138,0.0034436388,0.12500875,0.23,0.0,0.0,0.0,40.0,0.0,yahoo,0.2759587392965747,True
AAPL,american,AAPL261120P00190000,put,2026-08-13,302.25,190.0,2026-11-20,0.03707000017166138,0.0034436388,0.12500875,0.22,0.0,0.0,0.0,6.0,0.0,yahoo,0.40603828792317637,True
AAPL,american,AAPL261120P00200000,put,2026-08-13,302.25,200.0,2026-11-20,0.03707000017166138,0.0034436388,0.12500875,0.31,0.0,0.0,0.0,7.0,0.0,yahoo,0.3848915491353126,True
AAPL,american,AAPL261120P00225000,put,2026-08-13,302.25,225.0,2026-11-20,0.03707000017166138,0.0034436388,0.12500875,0.77,0.0,0.0,0.0,8.0,0.0,yahoo,0.337214594815207,True
AAPL,american,AAPL261120P00230000,put,2026-08-13,302.25,230.0,2026-11-20,0.03707000017166138,0.0034436388,0.12500875,0.98,0.0,0.0,0.0,17.0,0.0,yahoo,0.33212441330761316,True
AAPL,american,AAPL261120P00235000,put,2026-08-13,302.25,235.0,2026-11-20,0.03707000017166138,0.0034436388,0.12500875,1.17,0.0,0.0,0.0,62.0,0.0,yahoo,0.32312708252194666,True
AAPL,american,AAPL261120P00240000,put,2026-08-13,302.25,240.0,2026-11-20,0.03707000017166138,0.0034436388,0.12500875,1.42,0.0,0.0,0.0,13.0,0.0,yahoo,0.3154356109146819,True
AAPL,american,AAPL261120P00250000,put,2026-08-13,302.25,250.0,2026-11-20,0.03707000017166138,0.0034436388,0.062509375,2.18,0.0,0.0,0.0,34.0,0.0,yahoo,0.30426526932709297,True
AAPL,american,AAPL261120P00255000,put,2026-08-13,302.25,255.0,2026-11-20,0.03707000017166138,0.0034436388,0.062509375,2.66,0.0,0.0,0.0,75.0,0.0,yahoo,0.2981847516298083,True
AAPL,american,AAPL261120P00260000,put,2026-08-13,302.25,260.0,2026-11-20,0.03707000017166138,0.0034436388,0.062509375,3.24,0.0,0.0,0.0,59.0,0.0,yahoo,0.29247701126945697,True
AAPL,american,AAPL261120P00265000,put,2026-08-13,302.25,265.0,2026-11-20,0.03707000017166138,0.0034436388,0.062509375,3.87,0.0,0.0,0.0,264.0,0.0,yahoo,0.2850733377280528,True
AAPL,american,AAPL261120P00270000,put,2026-08-13,302.25,270.0,2026-11-20,0.03707000017166138,0.0034436388,0.062509375,4.7,0.0,0.0,0.0,354.0,0.0,yahoo,0.2797696137638355,True
AAPL,american,AAPL261120P00275000,put,2026-08-13,302.25,275.0,2026-11-20,0.03707000017166138,0.0034436388,0.0312596875,5.82,0.0,0.0,0.0,149.0,0.0,yahoo,0.27781134816895925,True
AAPL,american,AAPL261120P00280000,put,2026-08-13,302.25,280.0,2026-11-20,0.03707000017166138,0.0034436388,0.0312596875,7.0,0.0,0.0,0.0,206.0,0.0,yahoo,0.2735018573009216,True
AAPL,american,AAPL261120P00285000,put,2026-08-13,302.25,285.0,2026-11-20,0.03707000017166138,0.0034436388,0.0312596875,8.39,0.0,0.0,0.0,196.0,0.0,yahoo,0.26927937901914173,True
AAPL,american,AAPL261120P00290000,put,2026-08-13,302.25,290.0,2026-11-20,0.03707000017166138,0.0034436388,0.015634843750000002,9.96,0.0,0.0,0.0,217.0,0.0,yahoo,0.26487400578817355,True
AAPL,american,AAPL261120P00295000,put,2026-08-13,302.25,295.0,2026-11-20,0.03707000017166138,0.0034436388,0.007822421875,11.96,0.0,0.0,0.0,187.0,0.0,yahoo,0.26423195651647186,True
AAPL,american,AAPL261120P00300000,put,2026-08-13,302.25,300.0,2026-11-20,0.03707000017166138,0.0034436388,0.0039162109375,14.03,0.0,0.0,0.0,262.0,0.0,yahoo,0.26041436318978284,True
AAPL,american,AAPL261120P00305000,put,2026-08-13,302.25,305.0,2026-11-20,0.03707000017166138,0.0034436388,1.0000000000000003e-05,16.31,0.0,0.0,0.0,99.0,0.0,yahoo,0.2563578369838363,True
AAPL,american,AAPL261120P00310000,put,2026-08-13,302.25,310.0,2026-11-20,0.03707000017166138,0.0034436388,1.0000000000000003e-05,19.0,0.0,0.0,0.0,61.0,0.0,yahoo,0.2548927356771953,True
AAPL,american,AAPL261120P00315000,put,2026-08-13,302.25,315.0,2026-11-20,0.03707000017166138,0.0034436388,1.0000000000000003e-05,22.0,0.0,0.0,0.0,16.0,0.0,yahoo,0.254286487195051,True
AAPL,american,AAPL261120P00320000,put,2026-08-13,302.25,320.0,2026-11-20,0.03707000017166138,0.0034436388,1.0000000000000003e-05,25.4,0.0,0.0,0.0,27.0,0.0,yahoo,0.25661881308357687,True
AAPL,american,AAPL261120P00335000,put,2026-08-13,302.25,335.0,2026-11-20,0.03707000017166138,0.0034436388,1.0000000000000003e-05,36.4,0.0,0.0,0.0,30.0,0.0,yahoo,0.2551727114678642,True
AAPL,american,AAPL261120P00340000,put,2026-08-13,302.25,340.0,2026-11-20,0.03707000017166138,0.0034436388,1.0000000000000003e-05,39.35,0.0,0.0,0.0,62.0,0.0,yahoo,0.2269554085125,True
AAPL,american,AAPL261120P00350000,put,2026-08-13,302.25,350.0,2026-11-20,0.03707000017166138,0.0034436388,1.0000000000000003e-05,44.8,0.0,0.0,0.0,11.0,0.0,yahoo,,False
AAPL,american,AAPL261120P00390000,put,2026-08-13,302.25,390.0,2026-11-20,0.03707000017166138,0.0034436388,1.0000000000000003e-05,86.36,0.0,0.0,0.0,50.0,0.0,yahoo,,False
AAPL,american,AAPL261218C00215000,call,2026-08-13,302.25,215.0,2026-12-18,0.03707000017166138,0.0034436388,1.0000000000000003e-05,91.43,0.0,0.0,0.0,8.0,0.0,yahoo,0.4011155736056006,True
AAPL,american,AAPL261218C00230000,call,2026-08-13,302.25,230.0,2026-12-18,0.03707000017166138,0.0034436388,1.0000000000000003e-05,77.25,0.0,0.0,0.0,6.0,0.0,yahoo,0.36431170619849323,True
AAPL,american,AAPL261218C00240000,call,2026-08-13,302.25,240.0,2026-12-18,0.03707000017166138,0.0034436388,1.0000000000000003e-05,67.07,0.0,0.0,0.0,8.0,0.0,yahoo,0.3102184933180306,True
AAPL,american,AAPL261218C00245000,call,2026-08-13,302.25,245.0,2026-12-18,0.03707000017166138,0.0034436388,1.0000000000000003e-05,73.3,0.0,0.0,0.0,25.0,0.0,yahoo,0.5598094182632664,True
AAPL,american,AAPL261218C00250000,call,2026-08-13,302.25,250.0,2026-12-18,0.03707000017166138,0.0034436388,1.0000000000000003e-05,58.0,0.0,0.0,0.0,41.0,0.0,yahoo,0.29541107839111636,True
AAPL,american,AAPL261218C00260000,call,2026-08-13,302.25,260.0,2026-12-18,0.03707000017166138,0.0034436388,1.0000000000000003e-05,49.32,0.0,0.0,0.0,5.0,0.0,yahoo,0.2837822045801115,True
AAPL,american,AAPL261218C00265000,call,2026-08-13,302.25,265.0,2026-12-18,0.03707000017166138,0.0034436388,1.0000000000000003e-05,45.83,0.0,0.0,0.0,48.0,0.0,yahoo,0.2930755296021552,True
AAPL,american,AAPL261218C00270000,call,2026-08-13,302.25,270.0,2026-12-18,0.03707000017166138,0.0034436388,1.0000000000000003e-05,40.95,0.0,0.0,0.0,92.0,0.0,yahoo,0.27019710135404373,True
AAPL,american,AAPL261218C00275000,call,2026-08-13,302.25,275.0,2026-12-18,0.03707000017166138,0.0034436388,1.0000000000000003e-05,38.12,0.0,0.0,0.0,13.0,0.0,yahoo,0.28518611342211625,True
AAPL,american,AAPL261218C00280000,call,2026-08-13,302.25,280.0,2026-12-18,0.03707000017166138,0.0034436388,1.0000000000000003e-05,34.21,0.0,0.0,0.0,31.0,0.0,yahoo,0.2765449499828214,True
AAPL,american,AAPL261218C00285000,call,2026-08-13,302.25,285.0,2026-12-18,0.03707000017166138,0.0034436388,1.0000000000000003e-05,31.3,0.0,0.0,0.0,6.0,0.0,yahoo,0.28202433439295016,True
AAPL,american,AAPL261218C00290000,call,2026-08-13,302.25,290.0,2026-12-18,0.03707000017166138,0.0034436388,1.0000000000000003e-05,27.0,0.0,0.0,0.0,54.0,0.0,yahoo,0.2625595873957212,True
AAPL,american,AAPL261218C00295000,call,2026-08-13,302.25,295.0,2026-12-18,0.03707000017166138,0.0034436388,1.0000000000000003e-05,24.52,0.0,0.0,0.0,26.0,0.0,yahoo,0.2682366238746592,True
AAPL,american,AAPL261218C00300000,call,2026-08-13,302.25,300.0,2026-12-18,0.03707000017166138,0.0034436388,1.0000000000000003e-05,21.5,0.0,0.0,0.0,379.0,0.0,yahoo,0.26294239781786216,True
AAPL,american,AAPL261218C00305000,call,2026-08-13,302.25,305.0,2026-12-18,0.03707000017166138,0.0034436388,0.0039162109375,18.8,0.0,0.0,0.0,447.0,0.0,yahoo,0.2594826731045636,True
AAPL,american,AAPL261218C00310000,call,2026-08-13,302.25,310.0,2026-12-18,0.03707000017166138,0.0034436388,0.007822421875,16.2,0.0,0.0,0.0,188.0,0.0,yahoo,0.2546395066341028,True
AAPL,american,AAPL261218C00315000,call,2026-08-13,302.25,315.0,2026-12-18,0.03707000017166138,0.0034436388,0.015634843750000002,14.0,0.0,0.0,0.0,56.0,0.0,yahoo,0.252383051540404,True
AAPL,american,AAPL261218C00320000,call,2026-08-13,302.25,320.0,2026-12-18,0.03707000017166138,0.0034436388,0.015634843750000002,12.49,0.0,0.0,0.0,112.0,0.0,yahoo,0.25703136201448556,True
AAPL,american,AAPL261218C00325000,call,2026-08-13,302.25,325.0,2026-12-18,0.03707000017166138,0.0034436388,0.0312596875,10.72,0.0,0.0,0.0,219.0,0.0,yahoo,0.25523393281393925,True
AAPL,american,AAPL261218C00330000,call,2026-08-13,302.25,330.0,2026-12-18,0.03707000017166138,0.0034436388,0.0312596875,8.95,0.0,0.0,0.0,374.0,0.0,yahoo,0.25062228755428084,True
AAPL,american,AAPL261218C00335000,call,2026-08-13,302.25,335.0,2026-12-18,0.03707000017166138,0.0034436388,0.0312596875,7.69,0.0,0.0,0.0,407.0,0.0,yahoo,0.2511581366658123,True
AAPL,american,AAPL261218C00340000,call,2026-08-13,302.25,340.0,2026-12-18,0.03707000017166138,0.0034436388,0.0312596875,6.5,0.0,0.0,0.0,823.0,0.0,yahoo,0.2503082929901678,True
AAPL,american,AAPL261218C00345000,call,2026-08-13,302.25,345.0,2026-12-18,0.03707000017166138,0.0034436388,0.062509375,5.55,0.0,0.0,0.0,292.0,0.0,yahoo,0.25108663115628804,True
AAPL,american,AAPL261218C00350000,call,2026-08-13,302.25,350.0,2026-12-18,0.03707000017166138,0.0034436388,0.062509375,4.6,0.0,0.0,0.0,1046.0,0.0,yahoo,0.2491869883176881,True
AAPL,american,AAPL261218C00360000,call,2026-08-13,302.25,360.0,2026-12-18,0.03707000017166138,0.0034436388,0.062509375,3.35,0.0,0.0,0.0,336.0,0.0,yahoo,0.25204270242533466,True
AAPL,american,AAPL261218C00370000,call,2026-08-13,302.25,370.0,2026-12-18,0.03707000017166138,0.0034436388,0.062509375,2.4,0.0,0.0,0.0,1097.0,0.0,yahoo,0.2541452668504519,True
AAPL,american,AAPL261218C00380000,call,2026-08-13,302.25,380.0,2026-12-18,0.03707000017166138,0.0034436388,0.062509375,1.68,0.0,0.0,0.0,118.0,0.0,yahoo,0.25524894640372975,True
AAPL,american,AAPL261218C00390000,call,2026-08-13,302.25,390.0,2026-12-18,0.03707000017166138,0.0034436388,0.062509375,1.22,0.0,0.0,0.0,52.0,0.0,yahoo,0.2585267926626621,True
AAPL,american,AAPL261218C00400000,call,2026-08-13,302.25,400.0,2026-12-18,0.03707000017166138,0.0034436388,0.12500875,0.85,0.0,0.0,0.0,457.0,0.0,yahoo,0.2598691532128593,True
AAPL,american,AAPL261218C00410000,call,2026-08-13,302.25,410.0,2026-12-18,0.03707000017166138,0.0034436388,0.12500875,0.6,0.0,0.0,0.0,32.0,0.0,yahoo,0.26227028482100534,True
AAPL,american,AAPL261218C00420000,call,2026-08-13,302.25,420.0,2026-12-18,0.03707000017166138,0.0034436388,0.12500875,0.47,0.0,0.0,0.0,13.0,0.0,yahoo,0.268644901439734,True
AAPL,american,AAPL261218P00185000,put,2026-08-13,302.25,185.0,2026-12-18,0.03707000017166138,0.0034436388,0.12500875,0.27,0.0,0.0,0.0,16.0,0.0,yahoo,0.3892412292361489,True
AAPL,american,AAPL261218P00190000,put,2026-08-13,302.25,190.0,2026-12-18,0.03707000017166138,0.0034436388,0.12500875,0.32,0.0,0.0,0.0,22.0,0.0,yahoo,0.3796582232259159,True
AAPL,american,AAPL261218P00195000,put,2026-08-13,302.25,195.0,2026-12-18,0.03707000017166138,0.0034436388,0.12500875,0.36,0.0,0.0,0.0,48.0,0.0,yahoo,0.3673248889298399,True
AAPL,american,AAPL261218P00210000,put,2026-08-13,302.25,210.0,2026-12-18,0.03707000017166138,0.0034436388,0.12500875,0.65,0.0,0.0,0.0,10.0,0.0,yahoo,0.345608375564767,True
AAPL,american,AAPL261218P00215000,put,2026-08-13,302.25,215.0,2026-12-18,0.03707000017166138,0.0034436388,0.12500875,0.76,0.0,0.0,0.0,5.0,0.0,yahoo,0.3361567294444949,True
AAPL,american,AAPL261218P00220000,put,2026-08-13,302.25,220.0,2026-12-18,0.03707000017166138,0.0034436388,0.12500875,0.92,0.0,0.0,0.0,19.0,0.0,yahoo,0.329159848559282,True
AAPL,american,AAPL261218P00230000,put,2026-08-13,302.25,230.0,2026-12-18,0.03707000017166138,0.0034436388,0.12500875,1.34,0.0,0.0,0.0,67.0,0.0,yahoo,0.31564981741810766,True
AAPL,american,AAPL261218P00235000,put,2026-08-13,302.25,235.0,2026-12-18,0.03707000017166138,0.0034436388,0.062509375,1.66,0.0,0.0,0.0,11.0,0.0,yahoo,0.3113039624903681,True
AAPL,american,AAPL261218P00240000,put,2026-08-13,302.25,240.0,2026-12-18,0.03707000017166138,0.0034436388,0.062509375,2.0,0.0,0.0,0.0,47.0,0.0,yahoo,0.30529073258653244,True
AAPL,american,AAPL261218P00245000,put,2026-08-13,302.25,245.0,2026-12-18,0.03707000017166138,0.0034436388,0.062509375,2.42,0.0,0.0,0.0,12.0,0.0,yahoo,0.30000978970626563,True
AAPL,american,AAPL261218P00250000,put,2026-08-13,302.25,250.0,2026-12-18,0.03707000017166138,0.0034436388,0.062509375,2.87,0.0,0.0,0.0,48.0,0.0,yahoo,0.293384390953589,True
AAPL,american,AAPL261218P00255000,put,2026-08-13,302.25,255.0,2026-12-18,0.03707000017166138,0.0034436388,0.062509375,3.45,0.0,0.0,0.0,17.0,0.0,yahoo,0.28836072475452423,True
AAPL,american,AAPL261218P00260000,put,2026-08-13,302.25,260.0,2026-12-18,0.03707000017166138,0.0034436388,0.062509375,4.19,0.0,0.0,0.0,148.0,0.0,yahoo,0.2849569478776066,True
AAPL,american,AAPL261218P00265000,put,2026-08-13,302.25,265.0,2026-12-18,0.03707000017166138,0.0034436388,0.062509375,5.05,0.0,0.0,0.0,100.0,0.0,yahoo,0.28125883163923704,True
AAPL,american,AAPL261218P00270000,put,2026-08-13,302.25,270.0,2026-12-18,0.03707000017166138,0.0034436388,0.0312596875,6.0,0.0,0.0,0.0,79.0,0.0,yahoo,0.27670953262124776,True
AAPL,american,AAPL261218P00275000,put,2026-08-13,302.25,275.0,2026-12-18,0.03707000017166138,0.0034436388,0.0312596875,7.06,0.0,0.0,0.0,52.0,0.0,yahoo,0.27164766148745195,True
AAPL,american,AAPL261218P00280000,put,2026-08-13,302.25,280.0,2026-12-18,0.03707000017166138,0.0034436388,0.0312596875,8.35,0.0,0.0,0.0,109.0,0.0,yahoo,0.2680147215379896,True
AAPL,american,AAPL261218P00285000,put,2026-08-13,302.25,285.0,2026-12-18,0.03707000017166138,0.0034436388,0.015634843750000002,9.92,0.0,0.0,0.0,81.0,0.0,yahoo,0.26617439235673646,True
AAPL,american,AAPL261218P00290000,put,2026-08-13,302.25,290.0,2026-12-18,0.03707000017166138,0.0034436388,0.015634843750000002,11.59,0.0,0.0,0.0,48.0,0.0,yahoo,0.26286358947811816,True
AAPL,american,AAPL261218P00295000,put,2026-08-13,302.25,295.0,2026-12-18,0.03707000017166138,0.0034436388,0.007822421875,13.6,0.0,0.0,0.0,43.0,0.0,yahoo,0.2613774500039069,True
AAPL,american,AAPL261218P00300000,put,2026-08-13,302.25,300.0,2026-12-18,0.03707000017166138,0.0034436388,0.0039162109375,15.65,0.0,0.0,0.0,159.0,0.0,yahoo,0.2574733911458894,True
AAPL,american,AAPL261218P00305000,put,2026-08-13,302.25,305.0,2026-12-18,0.03707000017166138,0.0034436388,1.0000000000000003e-05,18.2,0.0,0.0,0.0,96.0,0.0,yahoo,0.2577100818686286,True
AAPL,american,AAPL261218P00315000,put,2026-08-13,302.25,315.0,2026-12-18,0.03707000017166138,0.0034436388,1.0000000000000003e-05,23.5,0.0,0.0,0.0,35.0,0.0,yahoo,0.2516272726169753,True
AAPL,american,AAPL261218P00320000,put,2026-08-13,302.25,320.0,2026-12-18,0.03707000017166138,0.0034436388,1.0000000000000003e-05,26.55,0.0,0.0,0.0,30.0,0.0,yahoo,0.24940553765246803,True
AAPL,american,AAPL261218P00325000,put,2026-08-13,302.25,325.0,2026-12-18,0.03707000017166138,0.0034436388,1.0000000000000003e-05,29.95,0.0,0.0,0.0,26.0,0.0,yahoo,0.24931802880166612,True
AAPL,american,AAPL261218P00330000,put,2026-08-13,302.25,330.0,2026-12-18,0.03707000017166138,0.0034436388,1.0000000000000003e-05,33.22,0.0,0.0,0.0,17.0,0.0,yahoo,0.24395559474382003,True
AAPL,american,AAPL261218P00335000,put,2026-08-13,302.25,335.0,2026-12-18,0.03707000017166138,0.0034436388,1.0000000000000003e-05,36.85,0.0,0.0,0.0,21.0,0.0,yahoo,0.24075450475004398,True
AAPL,american,AAPL261218P00380000,put,2026-08-13,302.25,380.0,2026-12-18,0.03707000017166138,0.0034436388,1.0000000000000003e-05,74.1,0.0,0.0,0.0,10.0,0.0,yahoo,,False
AAPL,american,AAPL261218P00420000,put,2026-08-13,302.25,420.0,2026-12-18,0.03707000017166138,0.0034436388,1.0000000000000003e-05,113.3,0.0,0.0,0.0,10.0,0.0,yahoo,,False
AAPL,american,AAPL270115C00185000,call,2026-08-13,302.25,185.0,2027-01-15,0.03707000017166138,0.0034436388,1.0000000000000003e-05,128.56,0.0,0.0,0.0,14.0,0.0,yahoo,0.7523810118749416,True
AAPL,american,AAPL270115C00190000,call,2026-08-13,302.25,190.0,2027-01-15,0.03707000017166138,0.0034436388,1.0000000000000003e-05,117.5,0.0,0.0,0.0,154.0,0.0,yahoo,0.5144568052486161,True
AAPL,american,AAPL270115C00200000,call,2026-08-13,302.25,200.0,2027-01-15,0.03707000017166138,0.0034436388,1.0000000000000003e-05,105.7,0.0,0.0,0.0,5.0,0.0,yahoo,0.3598661109213565,True
AAPL,american,AAPL270115C00215000,call,2026-08-13,302.25,215.0,2027-01-15,0.03707000017166138,0.0034436388,1.0000000000000003e-05,92.8,0.0,0.0,0.0,14.0,0.0,yahoo,0.40074205530375584,True
AAPL,american,AAPL270115C00220000,call,2026-08-13,302.25,220.0,2027-01-15,0.03707000017166138,0.0034436388,1.0000000000000003e-05,86.85,0.0,0.0,0.0,21.0,0.0,yahoo,0.33755349781818694,True
AAPL,american,AAPL270115C00225000,call,2026-08-13,302.25,225.0,2027-01-15,0.03707000017166138,0.0034436388,1.0000000000000003e-05,92.74,0.0,0.0,0.0,5.0,0.0,yahoo,0.6043058172089975,True
AAPL,american,AAPL270115C00235000,call,2026-08-13,302.25,235.0,2027-01-15,0.03707000017166138,0.0034436388,1.0000000000000003e-05,73.2,0.0,0.0,0.0,15.0,0.0,yahoo,0.32281945956525565,True
AAPL,american,AAPL270115C00240000,call,2026-08-13,302.25,240.0,2027-01-15,0.03707000017166138,0.0034436388,1.0000000000000003e-05,68.88,0.0,0.0,0.0,15.0,0.0,yahoo,0.32119470128260885,True
AAPL,american,AAPL270115C00245000,call,2026-08-13,302.25,245.0,2027-01-15,0.03707000017166138,0.0034436388,1.0000000000000003e-05,67.3,0.0,0.0,0.0,14.0,0.0,yahoo,0.38107108110574983,True
AAPL,american,AAPL270115C00250000,call,2026-08-13,302.25,250.0,2027-01-15,0.03707000017166138,0.0034436388,1.0000000000000003e-05,60.55,0.0,0.0,0.0,264.0,0.0,yahoo,0.31820637351753256,True
AAPL,american,AAPL270115C00260000,call,2026-08-13,302.25,260.0,2027-01-15,0.03707000017166138,0.0034436388,1.0000000000000003e-05,51.65,0.0,0.0,0.0,68.0,0.0,yahoo,0.2949633113917951,True
AAPL,american,AAPL270115C00265000,call,2026-08-13,302.25,265.0,2027-01-15,0.03707000017166138,0.0034436388,1.0000000000000003e-05,47.85,0.0,0.0,0.0,18.0,0.0,yahoo,0.2939685254251877,True
AAPL,american,AAPL270115C00270000,call,2026-08-13,302.25,270.0,2027-01-15,0.03707000017166138,0.0034436388,1.0000000000000003e-05,43.65,0.0,0.0,0.0,67.0,0.0,yahoo,0.28373502697106645,True
AAPL,american,AAPL270115C00275000,call,2026-08-13,302.25,275.0,2027-01-15,0.03707000017166138,0.0034436388,1.0000000000000003e-05,39.34,0.0,0.0,0.0,26.0,0.0,yahoo,0.27044350256633,True
AAPL,american,AAPL270115C00280000,call,2026-08-13,302.25,280.0,2027-01-15,0.03707000017166138,0.0034436388,1.0000000000000003e-05,36.33,0.0,0.0,0.0,99.0,0.0,yahoo,0.27565584709498053,True
AAPL,american,AAPL270115C00285000,call,2026-08-13,302.25,285.0,2027-01-15,0.03707000017166138,0.0034436388,1.0000000000000003e-05,33.0,0.0,0.0,0.0,10.0,0.0,yahoo,0.27321563371864704,True
AAPL,american,AAPL270115C00290000,call,2026-08-13,302.25,290.0,2027-01-15,0.03707000017166138,0.0034436388,1.0000000000000003e-05,29.86,0.0,0.0,0.0,84.0,0.0,yahoo,0.27109768885096885,True
AAPL,american,AAPL270115C00295000,call,2026-08-13,302.25,295.0,2027-01-15,0.03707000017166138,0.0034436388,1.0000000000000003e-05,26.65,0.0,0.0,0.0,15.0,0.0,yahoo,0.2657242314474213,True
AAPL,american,AAPL270115C00300000,call,2026-08-13,302.25,300.0,2027-01-15,0.03707000017166138,0.0034436388,1.0000000000000003e-05,24.2,0.0,0.0,0.0,623.0,0.0,yahoo,0.26809244944107435,True
AAPL,american,AAPL270115C00305000,call,2026-08-13,302.25,305.0,2027-01-15,0.03707000017166138,0.0034436388,0.0039162109375,21.15,0.0,0.0,0.0,400.0,0.0,yahoo,0.2602868806938159,True
AAPL,american,AAPL270115C00310000,call,2026-08-13,302.25,310.0,2027-01-15,0.03707000017166138,0.0034436388,0.007822421875,18.6,0.0,0.0,0.0,293.0,0.0,yahoo,0.25663277833690296,True
AAPL,american,AAPL270115C00315000,call,2026-08-13,302.25,315.0,2027-01-15,0.03707000017166138,0.0034436388,0.015634843750000002,16.6,0.0,0.0,0.0,147.0,0.0,yahoo,0.25762860423670786,True
AAPL,american,AAPL270115C00320000,call,2026-08-13,302.25,320.0,2027-01-15,0.03707000017166138,0.0034436388,0.015634843750000002,14.7,0.0,0.0,0.0,615.0,0.0,yahoo,0.25760569234648223,True
AAPL,american,AAPL270115C00325000,call,2026-08-13,302.25,325.0,2027-01-15,0.03707000017166138,0.0034436388,0.0312596875,12.75,0.0,0.0,0.0,125.0,0.0,yahoo,0.25467914285336374,True
AAPL,american,AAPL270115C00330000,call,2026-08-13,302.25,330.0,2027-01-15,0.03707000017166138,0.0034436388,0.0312596875,11.2,0.0,0.0,0.0,499.0,0.0,yahoo,0.2547473457772069,True
AAPL,american,AAPL270115C00335000,call,2026-08-13,302.25,335.0,2027-01-15,0.03707000017166138,0.0034436388,0.0312596875,9.5,0.0,0.0,0.0,252.0,0.0,yahoo,0.2505035395715312,True
AAPL,american,AAPL270115C00340000,call,2026-08-13,302.25,340.0,2027-01-15,0.03707000017166138,0.0034436388,0.0312596875,8.29,0.0,0.0,0.0,371.0,0.0,yahoo,0.2509208588292241,True
AAPL,american,AAPL270115C00345000,call,2026-08-13,302.25,345.0,2027-01-15,0.03707000017166138,0.0034436388,0.0312596875,7.1,0.0,0.0,0.0,151.0,0.0,yahoo,0.24951040477080283,True
AAPL,american,AAPL270115C00350000,call,2026-08-13,302.25,350.0,2027-01-15,0.03707000017166138,0.0034436388,0.062509375,6.3,0.0,0.0,0.0,1213.0,0.0,yahoo,0.2524148170151314,True
AAPL,american,AAPL270115C00355000,call,2026-08-13,302.25,355.0,2027-01-15,0.03707000017166138,0.0034436388,0.062509375,5.3,0.0,0.0,0.0,168.0,0.0,yahoo,0.2500469612516545,True
AAPL,american,AAPL270115C00360000,call,2026-08-13,302.25,360.0,2027-01-15,0.03707000017166138,0.0034436388,0.062509375,4.59,0.0,0.0,0.0,600.0,0.0,yahoo,0.2508608806826905,True
AAPL,american,AAPL270115C00365000,call,2026-08-13,302.25,365.0,2027-01-15,0.03707000017166138,0.0034436388,0.062509375,3.98,0.0,0.0,0.0,73.0,0.0,yahoo,0.2518314129810313,True
AAPL,american,AAPL270115C00370000,call,2026-08-13,302.25,370.0,2027-01-15,0.03707000017166138,0.0034436388,0.062509375,3.45,0.0,0.0,0.0,357.0,0.0,yahoo,0.25287962919855816,True
AAPL,american,AAPL270115C00375000,call,2026-08-13,302.25,375.0,2027-01-15,0.03707000017166138,0.0034436388,0.062509375,2.94,0.0,0.0,0.0,143.0,0.0,yahoo,0.2528094588434583,True
AAPL,american,AAPL270115C00380000,call,2026-08-13,302.25,380.0,2027-01-15,0.03707000017166138,0.0034436388,0.062509375,2.52,0.0,0.0,0.0,77.0,0.0,yahoo,0.2533350884503498,True
AAPL,american,AAPL270115C00385000,call,2026-08-13,302.25,385.0,2027-01-15,0.03707000017166138,0.0034436388,0.062509375,2.14,0.0,0.0,0.0,116.0,0.0,yahoo,0.25340970543721775,True
AAPL,american,AAPL270115C00390000,call,2026-08-13,302.25,390.0,2027-01-15,0.03707000017166138,0.0034436388,0.062509375,1.84,0.0,0.0,0.0,219.0,0.0,yahoo,0.25444360062855587,True
AAPL,american,AAPL270115C00395000,call,2026-08-13,302.25,395.0,2027-01-15,0.03707000017166138,0.0034436388,0.062509375,1.6,0.0,0.0,0.0,206.0,0.0,yahoo,0.25615003293765265,True
AAPL,american,AAPL270115C00400000,call,2026-08-13,302.25,400.0,2027-01-15,0.03707000017166138,0.0034436388,0.062509375,1.35,0.0,0.0,0.0,263.0,0.0,yahoo,0.2560036244695509,True
AAPL,american,AAPL270115C00410000,call,2026-08-13,302.25,410.0,2027-01-15,0.03707000017166138,0.0034436388,0.12500875,1.02,0.0,0.0,0.0,533.0,0.0,yahoo,0.2592187023267123,True
AAPL,american,AAPL270115C00420000,call,2026-08-13,302.25,420.0,2027-01-15,0.03707000017166138,0.0034436388,0.12500875,0.73,0.0,0.0,0.0,56.0,0.0,yahoo,0.25971796393501634,True
AAPL,american,AAPL270115P00185000,put,2026-08-13,302.25,185.0,2027-01-15,0.03707000017166138,0.0034436388,0.12500875,0.39,0.0,0.0,0.0,31.0,0.0,yahoo,0.3728898852106824,True
AAPL,american,AAPL270115P00190000,put,2026-08-13,302.25,190.0,2027-01-15,0.03707000017166138,0.0034436388,0.12500875,0.42,0.0,0.0,0.0,21.0,0.0,yahoo,0.3595115767483277,True
AAPL,american,AAPL270115P00195000,put,2026-08-13,302.25,195.0,2027-01-15,0.03707000017166138,0.0034436388,0.12500875,0.54,0.0,0.0,0.0,40.0,0.0,yahoo,0.3561163198650048,True
AAPL,american,AAPL270115P00200000,put,2026-08-13,302.25,200.0,2027-01-15,0.03707000017166138,0.0034436388,0.12500875,0.65,0.0,0.0,0.0,205.0,0.0,yahoo,0.34916603158940024,True
AAPL,american,AAPL270115P00210000,put,2026-08-13,302.25,210.0,2027-01-15,0.03707000017166138,0.0034436388,0.12500875,0.9,0.0,0.0,0.0,41.0,0.0,yahoo,0.3335567767246643,True
AAPL,american,AAPL270115P00215000,put,2026-08-13,302.25,215.0,2027-01-15,0.03707000017166138,0.0034436388,0.12500875,1.08,0.0,0.0,0.0,11.0,0.0,yahoo,0.3274328508637359,True
AAPL,american,AAPL270115P00220000,put,2026-08-13,302.25,220.0,2027-01-15,0.03707000017166138,0.0034436388,0.12500875,1.3,0.0,0.0,0.0,30.0,0.0,yahoo,0.32182029628617614,True
AAPL,american,AAPL270115P00225000,put,2026-08-13,302.25,225.0,2027-01-15,0.03707000017166138,0.0034436388,0.12500875,1.57,0.0,0.0,0.0,12.0,0.0,yahoo,0.31676132990513306,True
AAPL,american,AAPL270115P00230000,put,2026-08-13,302.25,230.0,2027-01-15,0.03707000017166138,0.0034436388,0.062509375,1.87,0.0,0.0,0.0,12.0,0.0,yahoo,0.3109428978579804,True
AAPL,american,AAPL270115P00235000,put,2026-08-13,302.25,235.0,2027-01-15,0.03707000017166138,0.0034436388,0.062509375,2.15,0.0,0.0,0.0,30.0,0.0,yahoo,0.3025891081624305,True
AAPL,american,AAPL270115P00240000,put,2026-08-13,302.25,240.0,2027-01-15,0.03707000017166138,0.0034436388,0.062509375,2.61,0.0,0.0,0.0,36.0,0.0,yahoo,0.29893715544840754,True
AAPL,american,AAPL270115P00245000,put,2026-08-13,302.25,245.0,2027-01-15,0.03707000017166138,0.0034436388,0.062509375,3.1,0.0,0.0,0.0,26.0,0.0,yahoo,0.2939172679902078,True
AAPL,american,AAPL270115P00250000,put,2026-08-13,302.25,250.0,2027-01-15,0.03707000017166138,0.0034436388,0.062509375,3.7,0.0,0.0,0.0,46.0,0.0,yahoo,0.2897919970965315,True
AAPL,american,AAPL270115P00255000,put,2026-08-13,302.25,255.0,2027-01-15,0.03707000017166138,0.0034436388,0.062509375,4.35,0.0,0.0,0.0,18.0,0.0,yahoo,0.2846926979357633,True
AAPL,american,AAPL270115P00260000,put,2026-08-13,302.25,260.0,2027-01-15,0.03707000017166138,0.0034436388,0.062509375,5.05,0.0,0.0,0.0,124.0,0.0,yahoo,0.2786767237730541,True
AAPL,american,AAPL270115P00265000,put,2026-08-13,302.25,265.0,2027-01-15,0.03707000017166138,0.0034436388,0.0312596875,6.05,0.0,0.0,0.0,16.0,0.0,yahoo,0.27661301608896255,True
AAPL,american,AAPL270115P00270000,put,2026-08-13,302.25,270.0,2027-01-15,0.03707000017166138,0.0034436388,0.0312596875,7.0,0.0,0.0,0.0,459.0,0.0,yahoo,0.27114565784718037,True
AAPL,american,AAPL270115P00275000,put,2026-08-13,302.25,275.0,2027-01-15,0.03707000017166138,0.0034436388,0.0312596875,8.35,0.0,0.0,0.0,46.0,0.0,yahoo,0.2702644041555614,True
AAPL,american,AAPL270115P00280000,put,2026-08-13,302.25,280.0,2027-01-15,0.03707000017166138,0.0034436388,0.0312596875,9.8,0.0,0.0,0.0,59.0,0.0,yahoo,0.26809055092754,True
AAPL,american,AAPL270115P00285000,put,2026-08-13,302.25,285.0,2027-01-15,0.03707000017166138,0.0034436388,0.015634843750000002,11.25,0.0,0.0,0.0,74.0,0.0,yahoo,0.2634849212362537,True
AAPL,american,AAPL270115P00290000,put,2026-08-13,302.25,290.0,2027-01-15,0.03707000017166138,0.0034436388,0.015634843750000002,13.02,0.0,0.0,0.0,48.0,0.0,yahoo,0.2610207339855663,True
AAPL,american,AAPL270115P00295000,put,2026-08-13,302.25,295.0,2027-01-15,0.03707000017166138,0.0034436388,0.007822421875,15.0,0.0,0.0,0.0,94.0,0.0,yahoo,0.2588926258075046,True
AAPL,american,AAPL270115P00300000,put,2026-08-13,302.25,300.0,2027-01-15,0.03707000017166138,0.0034436388,0.0039162109375,17.0,0.0,0.0,0.0,287.0,0.0,yahoo,0.25451914817022403,True
AAPL,american,AAPL270115P00305000,put,2026-08-13,302.25,305.0,2027-01-15,0.03707000017166138,0.0034436388,1.0000000000000003e-05,19.54,0.0,0.0,0.0,52.0,0.0,yahoo,0.2546189688144,True
AAPL,american,AAPL270115P00310000,put,2026-08-13,302.25,310.0,2027-01-15,0.03707000017166138,0.0034436388,1.0000000000000003e-05,22.1,0.0,0.0,0.0,149.0,0.0,yahoo,0.25237787107032383,True
AAPL,american,AAPL270115P00315000,put,2026-08-13,302.25,315.0,2027-01-15,0.03707000017166138,0.0034436388,1.0000000000000003e-05,25.0,0.0,0.0,0.0,36.0,0.0,yahoo,0.25192422377539386,True
AAPL,american,AAPL270115P00320000,put,2026-08-13,302.25,320.0,2027-01-15,0.03707000017166138,0.0034436388,1.0000000000000003e-05,27.9,0.0,0.0,0.0,71.0,0.0,yahoo,0.2488797542066476,True
AAPL,american,AAPL270115P00325000,put,2026-08-13,302.25,325.0,2027-01-15,0.03707000017166138,0.0034436388,1.0000000000000003e-05,31.2,0.0,0.0,0.0,57.0,0.0,yahoo,0.2484745526481757,True
AAPL,american,AAPL270115P00330000,put,2026-08-13,302.25,330.0,2027-01-15,0.03707000017166138,0.0034436388,1.0000000000000003e-05,34.01,0.0,0.0,0.0,6.0,0.0,yahoo,0.23809302351071046,True
AAPL,american,AAPL270115P00340000,put,2026-08-13,302.25,340.0,2027-01-15,0.03707000017166138,0.0034436388,1.0000000000000003e-05,41.97,0.0,0.0,0.0,6.0,0.0,yahoo,0.2435032901688927,True
AAPL,american,AAPL270115P00345000,put,2026-08-13,302.25,345.0,2027-01-15,0.03707000017166138,0.0034436388,1.0000000000000003e-05,46.25,0.0,0.0,0.0,10.0,0.0,yahoo,0.24795163898687442,True
AAPL,american,AAPL270115P00350000,put,2026-08-13,302.25,350.0,2027-01-15,0.03707000017166138,0.0034436388,1.0000000000000003e-05,49.7,0.0,0.0,0.0,43.0,0.0,yahoo,0.23333288587584092,True
AAPL,american,AAPL270115P00370000,put,2026-08-13,302.25,370.0,2027-01-15,0.03707000017166138,0.0034436388,1.0000000000000003e-05,64.0,0.0,0.0,0.0,38.0,0.0,yahoo,,False
AAPL,american,AAPL270219C00220000,call,2026-08-13,302.25,220.0,2027-02-19,0.03707000017166138,0.0034436388,1.0000000000000003e-05,92.82,0.0,0.0,0.0,5.0,0.0,yahoo,0.4608557767268178,True
AAPL,american,AAPL270219C00250000,call,2026-08-13,302.25,250.0,2027-02-19,0.03707000017166138,0.0034436388,1.0000000000000003e-05,61.95,0.0,0.0,0.0,58.0,0.0,yahoo,0.30336041403178066,True
AAPL,american,AAPL270219C00280000,call,2026-08-13,302.25,280.0,2027-02-19,0.03707000017166138,0.0034436388,1.0000000000000003e-05,38.95,0.0,0.0,0.0,7.0,0.0,yahoo,0.2769558142092275,True
AAPL,american,AAPL270219C00290000,call,2026-08-13,302.25,290.0,2027-02-19,0.03707000017166138,0.0034436388,1.0000000000000003e-05,32.78,0.0,0.0,0.0,42.0,0.0,yahoo,0.27470967981690747,True
AAPL,american,AAPL270219C00300000,call,2026-08-13,302.25,300.0,2027-02-19,0.03707000017166138,0.0034436388,1.0000000000000003e-05,27.35,0.0,0.0,0.0,182.0,0.0,yahoo,0.27362955403940115,True
AAPL,american,AAPL270219C00310000,call,2026-08-13,302.25,310.0,2027-02-19,0.03707000017166138,0.0034436388,0.007822421875,22.3,0.0,0.0,0.0,110.0,0.0,yahoo,0.2694375645327743,True
AAPL,american,AAPL270219C00320000,call,2026-08-13,302.25,320.0,2027-02-19,0.03707000017166138,0.0034436388,0.015634843750000002,17.8,0.0,0.0,0.0,41.0,0.0,yahoo,0.2642944156426343,True
AAPL,american,AAPL270219C00330000,call,2026-08-13,302.25,330.0,2027-02-19,0.03707000017166138,0.0034436388,0.0312596875,14.0,0.0,0.0,0.0,118.0,0.0,yahoo,0.26004455018853323,True
AAPL,american,AAPL270219C00340000,call,2026-08-13,302.25,340.0,2027-02-19,0.03707000017166138,0.0034436388,0.0312596875,11.25,0.0,0.0,0.0,124.0,0.0,yahoo,0.26163753181799254,True
AAPL,american,AAPL270219C00350000,call,2026-08-13,302.25,350.0,2027-02-19,0.03707000017166138,0.0034436388,0.0312596875,8.8,0.0,0.0,0.0,245.0,0.0,yahoo,0.26034319476782664,True
AAPL,american,AAPL270219C00360000,call,2026-08-13,302.25,360.0,2027-02-19,0.03707000017166138,0.0034436388,0.062509375,6.75,0.0,0.0,0.0,258.0,0.0,yahoo,0.25836123141701917,True
AAPL,american,AAPL270219C00370000,call,2026-08-13,302.25,370.0,2027-02-19,0.03707000017166138,0.0034436388,0.062509375,5.27,0.0,0.0,0.0,94.0,0.0,yahoo,0.25946641151532857,True
AAPL,american,AAPL270219C00380000,call,2026-08-13,302.25,380.0,2027-02-19,0.03707000017166138,0.0034436388,0.062509375,4.15,0.0,0.0,0.0,226.0,0.0,yahoo,0.2613342552051231,True
AAPL,american,AAPL270219C00390000,call,2026-08-13,302.25,390.0,2027-02-19,0.03707000017166138,0.0034436388,0.062509375,3.2,0.0,0.0,0.0,117.0,0.0,yahoo,0.26216954338393067,True
AAPL,american,AAPL270219C00400000,call,2026-08-13,302.25,400.0,2027-02-19,0.03707000017166138,0.0034436388,0.062509375,2.47,0.0,0.0,0.0,72.0,0.0,yahoo,0.2630005167294106,True
AAPL,american,AAPL270219C00410000,call,2026-08-13,302.25,410.0,2027-02-19,0.03707000017166138,0.0034436388,0.062509375,2.05,0.0,0.0,0.0,119.0,0.0,yahoo,0.2686208078149083,True
AAPL,american,AAPL270219C00420000,call,2026-08-13,302.25,420.0,2027-02-19,0.03707000017166138,0.0034436388,0.062509375,1.43,0.0,0.0,0.0,25.0,0.0,yahoo,0.264045796222346,True
AAPL,american,AAPL270219P00195000,put,2026-08-13,302.25,195.0,2027-02-19,0.03707000017166138,0.0034436388,0.12500875,0.81,0.0,0.0,0.0,30.0,0.0,yahoo,0.3464756074361316,True
AAPL,american,AAPL270219P00200000,put,2026-08-13,302.25,200.0,2027-02-19,0.03707000017166138,0.0034436388,0.12500875,1.01,0.0,0.0,0.0,22.0,0.0,yahoo,0.34349924725813014,True
AAPL,american,AAPL270219P00220000,put,2026-08-13,302.25,220.0,2027-02-19,0.03707000017166138,0.0034436388,0.062509375,2.0,0.0,0.0,0.0,18.0,0.0,yahoo,0.3224743075887717,True
AAPL,american,AAPL270219P00230000,put,2026-08-13,302.25,230.0,2027-02-19,0.03707000017166138,0.0034436388,0.062509375,2.76,0.0,0.0,0.0,427.0,0.0,yahoo,0.3124811878289904,True
AAPL,american,AAPL270219P00240000,put,2026-08-13,302.25,240.0,2027-02-19,0.03707000017166138,0.0034436388,0.062509375,3.8,0.0,0.0,0.0,71.0,0.0,yahoo,0.30397083920030993,True
AAPL,american,AAPL270219P00250000,put,2026-08-13,302.25,250.0,2027-02-19,0.03707000017166138,0.0034436388,0.062509375,5.05,0.0,0.0,0.0,33.0,0.0,yahoo,0.29378048067046225,True
AAPL,american,AAPL270219P00260000,put,2026-08-13,302.25,260.0,2027-02-19,0.03707000017166138,0.0034436388,0.0312596875,6.7,0.0,0.0,0.0,371.0,0.0,yahoo,0.2845202266802759,True
AAPL,american,AAPL270219P00270000,put,2026-08-13,302.25,270.0,2027-02-19,0.03707000017166138,0.0034436388,0.0312596875,9.05,0.0,0.0,0.0,41.0,0.0,yahoo,0.279713265856718,True
AAPL,american,AAPL270219P00280000,put,2026-08-13,302.25,280.0,2027-02-19,0.03707000017166138,0.0034436388,0.0312596875,11.77,0.0,0.0,0.0,119.0,0.0,yahoo,0.2724239124454431,True
AAPL,american,AAPL270219P00290000,put,2026-08-13,302.25,290.0,2027-02-19,0.03707000017166138,0.0034436388,0.015634843750000002,15.2,0.0,0.0,0.0,44.0,0.0,yahoo,0.2668017278705927,True
AAPL,american,AAPL270219P00300000,put,2026-08-13,302.25,300.0,2027-02-19,0.03707000017166138,0.0034436388,0.00196310546875,19.5,0.0,0.0,0.0,227.0,0.0,yahoo,0.2637392437716079,True
AAPL,american,AAPL270219P00310000,put,2026-08-13,302.25,310.0,2027-02-19,0.03707000017166138,0.0034436388,1.0000000000000003e-05,24.35,0.0,0.0,0.0,18.0,0.0,yahoo,0.25890647891383367,True
AAPL,american,AAPL270219P00320000,put,2026-08-13,302.25,320.0,2027-02-19,0.03707000017166138,0.0034436388,1.0000000000000003e-05,30.25,0.0,0.0,0.0,5.0,0.0,yahoo,0.2580680595675617,True
AAPL,american,AAPL270219P00340000,put,2026-08-13,302.25,340.0,2027-02-19,0.03707000017166138,0.0034436388,1.0000000000000003e-05,40.65,0.0,0.0,0.0,26.0,0.0,yahoo,0.2063076696110022,True
AAPL,american,AAPL270219P00380000,put,2026-08-13,302.25,380.0,2027-02-19,0.03707000017166138,0.0034436388,1.0000000000000003e-05,71.7,0.0,0.0,0.0,25.0,0.0,yahoo,,False
