underlying,option_style,contract_symbol,option_type,quote_date,underlying_price,strike,expiry_date,risk_free_rate,dividend_yield,vendor_implied_volatility,market_option_price,bid,ask,bid_ask_spread,volume,open_interest,data_source,implied_volatility,iv_solvable
NVDA,american,NVDA260814C00157500,call,2026-08-13,224.08999633789062,157.5,2026-08-14,0.03707000017166138,0.00018390804,1.0000000000000003e-05,67.11,0.0,0.0,0.0,70.0,0.0,yahoo,3.7194625675225312,True
NVDA,american,NVDA260814C00175000,call,2026-08-13,224.08999633789062,175.0,2026-08-14,0.03707000017166138,0.00018390804,1.0000000000000003e-05,49.75,0.0,0.0,0.0,25.0,0.0,yahoo,2.893681174177901,True
NVDA,american,NVDA260814C00200000,call,2026-08-13,224.08999633789062,200.0,2026-08-14,0.03707000017166138,0.00018390804,1.0000000000000003e-05,24.25,0.0,0.0,0.0,1491.0,0.0,yahoo,1.144617702820209,True
NVDA,american,NVDA260814C00202500,call,2026-08-13,224.08999633789062,202.5,2026-08-14,0.03707000017166138,0.00018390804,1.0000000000000003e-05,21.98,0.0,0.0,0.0,14751.0,0.0,yahoo,1.2543302493144164,True
NVDA,american,NVDA260814C00205000,call,2026-08-13,224.08999633789062,205.0,2026-08-14,0.03707000017166138,0.00018390804,1.0000000000000003e-05,19.27,0.0,0.0,0.0,3748.0,0.0,yahoo,0.9554493965363099,True
NVDA,american,NVDA260814C00207500,call,2026-08-13,224.08999633789062,207.5,2026-08-14,0.03707000017166138,0.00018390804,1.0000000000000003e-05,16.8,0.0,0.0,0.0,5293.0,0.0,yahoo,0.8754174253489401,True
NVDA,american,NVDA260814C00210000,call,2026-08-13,224.08999633789062,210.0,2026-08-14,0.03707000017166138,0.00018390804,1.0000000000000003e-05,14.35,0.0,0.0,0.0,5424.0,0.0,yahoo,0.8025226253886941,True
NVDA,american,NVDA260814C00215000,call,2026-08-13,224.08999633789062,215.0,2026-08-14,0.03707000017166138,0.00018390804,1.0000000000000003e-05,9.58,0.0,0.0,0.0,7790.0,0.0,yahoo,0.6799778423419236,True
NVDA,american,NVDA260814C00217500,call,2026-08-13,224.08999633789062,217.5,2026-08-14,0.03707000017166138,0.00018390804,1.0000000000000003e-05,7.28,0.0,0.0,0.0,9337.0,0.0,yahoo,0.6125517080726485,True
NVDA,american,NVDA260814C00220000,call,2026-08-13,224.08999633789062,220.0,2026-08-14,0.03707000017166138,0.00018390804,1.0000000000000003e-05,5.09,0.0,0.0,0.0,34145.0,0.0,yahoo,0.542925648251764,True
NVDA,american,NVDA260814C00222500,call,2026-08-13,224.08999633789062,222.5,2026-08-14,0.03707000017166138,0.00018390804,1.0000000000000003e-05,3.4,0.0,0.0,0.0,56678.0,0.0,yahoo,0.5387091428017947,True
NVDA,american,NVDA260814C00225000,call,2026-08-13,224.08999633789062,225.0,2026-08-14,0.03707000017166138,0.00018390804,0.015634843750000002,2.02,0.0,0.0,0.0,132887.0,0.0,yahoo,0.5197938995300531,True
NVDA,american,NVDA260814C00227500,call,2026-08-13,224.08999633789062,227.5,2026-08-14,0.03707000017166138,0.00018390804,0.062509375,1.12,0.0,0.0,0.0,49635.0,0.0,yahoo,0.5196375065099292,True
NVDA,american,NVDA260814C00230000,call,2026-08-13,224.08999633789062,230.0,2026-08-14,0.03707000017166138,0.00018390804,0.062509375,0.59,0.0,0.0,0.0,53070.0,0.0,yahoo,0.5287671158773096,True
NVDA,american,NVDA260814C00232500,call,2026-08-13,224.08999633789062,232.5,2026-08-14,0.03707000017166138,0.00018390804,0.12500875,0.29,0.0,0.0,0.0,18493.0,0.0,yahoo,0.5380726975710152,True
NVDA,american,NVDA260814C00235000,call,2026-08-13,224.08999633789062,235.0,2026-08-14,0.03707000017166138,0.00018390804,0.12500875,0.15,0.0,0.0,0.0,14568.0,0.0,yahoo,0.5605585694714184,True
NVDA,american,NVDA260814C00237500,call,2026-08-13,224.08999633789062,237.5,2026-08-14,0.03707000017166138,0.00018390804,0.2500075,0.08,0.0,0.0,0.0,4781.0,0.0,yahoo,0.5863949355523869,True
NVDA,american,NVDA260814C00240000,call,2026-08-13,224.08999633789062,240.0,2026-08-14,0.03707000017166138,0.00018390804,0.2500075,0.05,0.0,0.0,0.0,9310.0,0.0,yahoo,0.6252775918990271,True
NVDA,american,NVDA260814C00242500,call,2026-08-13,224.08999633789062,242.5,2026-08-14,0.03707000017166138,0.00018390804,0.2500075,0.04,0.0,0.0,0.0,1105.0,0.0,yahoo,0.6831422863036621,True
NVDA,american,NVDA260814C00245000,call,2026-08-13,224.08999633789062,245.0,2026-08-14,0.03707000017166138,0.00018390804,0.2500075,0.02,0.0,0.0,0.0,3342.0,0.0,yahoo,0.6956061611871686,True
NVDA,american,NVDA260814C00250000,call,2026-08-13,224.08999633789062,250.0,2026-08-14,0.03707000017166138,0.00018390804,0.2500075,0.03,0.0,0.0,0.0,4179.0,0.0,yahoo,0.8732211755747095,True
NVDA,american,NVDA260814P00187500,put,2026-08-13,224.08999633789062,187.5,2026-08-14,0.03707000017166138,0.00018390804,0.500005,0.02,0.0,0.0,0.0,121.0,0.0,yahoo,1.308358869983137,True
NVDA,american,NVDA260814P00192500,put,2026-08-13,224.08999633789062,192.5,2026-08-14,0.03707000017166138,0.00018390804,0.500005,0.02,0.0,0.0,0.0,429.0,0.0,yahoo,1.1324927335211086,True
NVDA,american,NVDA260814P00195000,put,2026-08-13,224.08999633789062,195.0,2026-08-14,0.03707000017166138,0.00018390804,0.500005,0.04,0.0,0.0,0.0,1834.0,0.0,yahoo,1.1355476877580286,True
NVDA,american,NVDA260814P00197500,put,2026-08-13,224.08999633789062,197.5,2026-08-14,0.03707000017166138,0.00018390804,0.500005,0.02,0.0,0.0,0.0,1084.0,0.0,yahoo,0.9602368988343736,True
NVDA,american,NVDA260814P00200000,put,2026-08-13,224.08999633789062,200.0,2026-08-14,0.03707000017166138,0.00018390804,0.2500075,0.04,0.0,0.0,0.0,3136.0,0.0,yahoo,0.9510565869424172,True
NVDA,american,NVDA260814P00202500,put,2026-08-13,224.08999633789062,202.5,2026-08-14,0.03707000017166138,0.00018390804,0.2500075,0.03,0.0,0.0,0.0,2693.0,0.0,yahoo,0.828662521245116,True
NVDA,american,NVDA260814P00205000,put,2026-08-13,224.08999633789062,205.0,2026-08-14,0.03707000017166138,0.00018390804,0.2500075,0.04,0.0,0.0,0.0,9587.0,0.0,yahoo,0.7682678175249126,True
NVDA,american,NVDA260814P00207500,put,2026-08-13,224.08999633789062,207.5,2026-08-14,0.03707000017166138,0.00018390804,0.2500075,0.07,0.0,0.0,0.0,4067.0,0.0,yahoo,0.7350824182731276,True
NVDA,american,NVDA260814P00210000,put,2026-08-13,224.08999633789062,210.0,2026-08-14,0.03707000017166138,0.00018390804,0.2500075,0.1,0.0,0.0,0.0,13701.0,0.0,yahoo,0.6766653234924979,True
NVDA,american,NVDA260814P00212500,put,2026-08-13,224.08999633789062,212.5,2026-08-14,0.03707000017166138,0.00018390804,0.12500875,0.16,0.0,0.0,0.0,11813.0,0.0,yahoo,0.6288860051139468,True
NVDA,american,NVDA260814P00215000,put,2026-08-13,224.08999633789062,215.0,2026-08-14,0.03707000017166138,0.00018390804,0.12500875,0.26,0.0,0.0,0.0,21247.0,0.0,yahoo,0.578624891346733,True
NVDA,american,NVDA260814P00217500,put,2026-08-13,224.08999633789062,217.5,2026-08-14,0.03707000017166138,0.00018390804,0.12500875,0.49,0.0,0.0,0.0,19538.0,0.0,yahoo,0.5497895832792907,True
NVDA,american,NVDA260814P00220000,put,2026-08-13,224.08999633789062,220.0,2026-08-14,0.03707000017166138,0.00018390804,0.062509375,0.91,0.0,0.0,0.0,45653.0,0.0,yahoo,0.524507804573536,True
NVDA,american,NVDA260814P00222500,put,2026-08-13,224.08999633789062,222.5,2026-08-14,0.03707000017166138,0.00018390804,0.0312596875,1.63,0.0,0.0,0.0,38762.0,0.0,yahoo,0.503844423993056,True
NVDA,american,NVDA260814P00225000,put,2026-08-13,224.08999633789062,225.0,2026-08-14,0.03707000017166138,0.00018390804,1.0000000000000003e-05,2.8,0.0,0.0,0.0,40198.0,0.0,yahoo,0.49647445028649206,True
NVDA,american,NVDA260814P00227500,put,2026-08-13,224.08999633789062,227.5,2026-08-14,0.03707000017166138,0.00018390804,1.0000000000000003e-05,4.45,0.0,0.0,0.0,4749.0,0.0,yahoo,0.5048038175583502,True
NVDA,american,NVDA260814P00230000,put,2026-08-13,224.08999633789062,230.0,2026-08-14,0.03707000017166138,0.00018390804,1.0000000000000003e-05,6.35,0.0,0.0,0.0,5013.0,0.0,yahoo,0.48430407298739353,True
NVDA,american,NVDA260814P00232500,put,2026-08-13,224.08999633789062,232.5,2026-08-14,0.03707000017166138,0.00018390804,1.0000000000000003e-05,8.55,0.0,0.0,0.0,4584.0,0.0,yahoo,0.4636610766544018,True
NVDA,american,NVDA260814P00237500,put,2026-08-13,224.08999633789062,237.5,2026-08-14,0.03707000017166138,0.00018390804,1.0000000000000003e-05,15.0,0.0,0.0,0.0,10594.0,0.0,yahoo,1.267861535128197,True
NVDA,american,NVDA260814P00240000,put,2026-08-13,224.08999633789062,240.0,2026-08-14,0.03707000017166138,0.00018390804,1.0000000000000003e-05,16.93,0.0,0.0,0.0,2432.0,0.0,yahoo,1.208585201635657,True
NVDA,american,NVDA260814P00242500,put,2026-08-13,224.08999633789062,242.5,2026-08-14,0.03707000017166138,0.00018390804,1.0000000000000003e-05,18.95,0.0,0.0,0.0,9408.0,0.0,yahoo,1.11778417308865,True
NVDA,american,NVDA260814P00245000,put,2026-08-13,224.08999633789062,245.0,2026-08-14,0.03707000017166138,0.00018390804,1.0000000000000003e-05,22.71,0.0,0.0,0.0,7288.0,0.0,yahoo,1.7312872997532487,True
NVDA,american,NVDA260814P00250000,put,2026-08-13,224.08999633789062,250.0,2026-08-14,0.03707000017166138,0.00018390804,1.0000000000000003e-05,27.43,0.0,0.0,0.0,1040.0,0.0,yahoo,1.8713100116364152,True
NVDA,american,NVDA260814P00255000,put,2026-08-13,224.08999633789062,255.0,2026-08-14,0.03707000017166138,0.00018390804,1.0000000000000003e-05,31.8,0.0,0.0,0.0,548.0,0.0,yahoo,1.8156231149084634,True
NVDA,american,NVDA260814P00260000,put,2026-08-13,224.08999633789062,260.0,2026-08-14,0.03707000017166138,0.00018390804,1.0000000000000003e-05,36.8,0.0,0.0,0.0,60.0,0.0,yahoo,2.012581692233339,True
NVDA,american,NVDA260817C00185000,call,2026-08-13,224.08999633789062,185.0,2026-08-17,0.03707000017166138,0.00018390804,1.0000000000000003e-05,39.82,0.0,0.0,0.0,10.0,0.0,yahoo,1.1828242046225912,True
NVDA,american,NVDA260817C00200000,call,2026-08-13,224.08999633789062,200.0,2026-08-17,0.03707000017166138,0.00018390804,1.0000000000000003e-05,24.65,0.0,0.0,0.0,500.0,0.0,yahoo,0.7294063973700369,True
NVDA,american,NVDA260817C00212500,call,2026-08-13,224.08999633789062,212.5,2026-08-17,0.03707000017166138,0.00018390804,1.0000000000000003e-05,11.94,0.0,0.0,0.0,2276.0,0.0,yahoo,0.35271151433287273,True
NVDA,american,NVDA260817C00217500,call,2026-08-13,224.08999633789062,217.5,2026-08-17,0.03707000017166138,0.00018390804,1.0000000000000003e-05,7.7,0.0,0.0,0.0,1425.0,0.0,yahoo,0.3639975147737942,True
NVDA,american,NVDA260817C00220000,call,2026-08-13,224.08999633789062,220.0,2026-08-17,0.03707000017166138,0.00018390804,1.0000000000000003e-05,5.75,0.0,0.0,0.0,2964.0,0.0,yahoo,0.3494572954424458,True
NVDA,american,NVDA260817C00222500,call,2026-08-13,224.08999633789062,222.5,2026-08-17,0.03707000017166138,0.00018390804,1.0000000000000003e-05,4.15,0.0,0.0,0.0,10570.0,0.0,yahoo,0.3475967912253609,True
NVDA,american,NVDA260817C00225000,call,2026-08-13,224.08999633789062,225.0,2026-08-17,0.03707000017166138,0.00018390804,0.007822421875,2.82,0.0,0.0,0.0,14725.0,0.0,yahoo,0.3426089581055622,True
NVDA,american,NVDA260817C00227500,call,2026-08-13,224.08999633789062,227.5,2026-08-17,0.03707000017166138,0.00018390804,0.0312596875,1.85,0.0,0.0,0.0,4363.0,0.0,yahoo,0.3438380329698431,True
NVDA,american,NVDA260817C00230000,call,2026-08-13,224.08999633789062,230.0,2026-08-17,0.03707000017166138,0.00018390804,0.062509375,1.17,0.0,0.0,0.0,7771.0,0.0,yahoo,0.34760174946311817,True
NVDA,american,NVDA260817C00232500,call,2026-08-13,224.08999633789062,232.5,2026-08-17,0.03707000017166138,0.00018390804,0.062509375,0.68,0.0,0.0,0.0,2260.0,0.0,yahoo,0.3457745770592371,True
NVDA,american,NVDA260817C00235000,call,2026-08-13,224.08999633789062,235.0,2026-08-17,0.03707000017166138,0.00018390804,0.12500875,0.4,0.0,0.0,0.0,4397.0,0.0,yahoo,0.3513867414438763,True
NVDA,american,NVDA260817C00237500,call,2026-08-13,224.08999633789062,237.5,2026-08-17,0.03707000017166138,0.00018390804,0.12500875,0.25,0.0,0.0,0.0,719.0,0.0,yahoo,0.36459511242332243,True
NVDA,american,NVDA260817C00240000,call,2026-08-13,224.08999633789062,240.0,2026-08-17,0.03707000017166138,0.00018390804,0.12500875,0.16,0.0,0.0,0.0,1470.0,0.0,yahoo,0.37871562151702604,True
NVDA,american,NVDA260817C00245000,call,2026-08-13,224.08999633789062,245.0,2026-08-17,0.03707000017166138,0.00018390804,0.12500875,0.08,0.0,0.0,0.0,163.0,0.0,yahoo,0.417913780304244,True
NVDA,american,NVDA260817C00250000,call,2026-08-13,224.08999633789062,250.0,2026-08-17,0.03707000017166138,0.00018390804,0.2500075,0.05,0.0,0.0,0.0,729.0,0.0,yahoo,0.4650785477565246,True
NVDA,american,NVDA260817C00255000,call,2026-08-13,224.08999633789062,255.0,2026-08-17,0.03707000017166138,0.00018390804,0.2500075,0.04,0.0,0.0,0.0,65.0,0.0,yahoo,0.521633316214612,True
NVDA,american,NVDA260817C00260000,call,2026-08-13,224.08999633789062,260.0,2026-08-17,0.03707000017166138,0.00018390804,0.2500075,0.03,0.0,0.0,0.0,46.0,0.0,yahoo,0.5699272861399673,True
NVDA,american,NVDA260817C00265000,call,2026-08-13,224.08999633789062,265.0,2026-08-17,0.03707000017166138,0.00018390804,0.2500075,0.03,0.0,0.0,0.0,8.0,0.0,yahoo,0.6335600063167618,True
NVDA,american,NVDA260817P00160000,put,2026-08-13,224.08999633789062,160.0,2026-08-17,0.03707000017166138,0.00018390804,0.500005,0.03,0.0,0.0,0.0,10.0,0.0,yahoo,1.2166064325641583,True
NVDA,american,NVDA260817P00165000,put,2026-08-13,224.08999633789062,165.0,2026-08-17,0.03707000017166138,0.00018390804,0.500005,0.02,0.0,0.0,0.0,21.0,0.0,yahoo,1.069563377173473,True
NVDA,american,NVDA260817P00177500,put,2026-08-13,224.08999633789062,177.5,2026-08-17,0.03707000017166138,0.00018390804,0.500005,0.03,0.0,0.0,0.0,5.0,0.0,yahoo,0.8711123006715935,True
NVDA,american,NVDA260817P00182500,put,2026-08-13,224.08999633789062,182.5,2026-08-17,0.03707000017166138,0.00018390804,0.500005,0.03,0.0,0.0,0.0,5.0,0.0,yahoo,0.7774052226987289,True
NVDA,american,NVDA260817P00185000,put,2026-08-13,224.08999633789062,185.0,2026-08-17,0.03707000017166138,0.00018390804,0.2500075,0.02,0.0,0.0,0.0,15.0,0.0,yahoo,0.6991761439364808,True
NVDA,american,NVDA260817P00190000,put,2026-08-13,224.08999633789062,190.0,2026-08-17,0.03707000017166138,0.00018390804,0.2500075,0.06,0.0,0.0,0.0,3333.0,0.0,yahoo,0.6964032673175898,True
NVDA,american,NVDA260817P00192500,put,2026-08-13,224.08999633789062,192.5,2026-08-17,0.03707000017166138,0.00018390804,0.2500075,0.05,0.0,0.0,0.0,10.0,0.0,yahoo,0.6324725377517497,True
NVDA,american,NVDA260817P00195000,put,2026-08-13,224.08999633789062,195.0,2026-08-17,0.03707000017166138,0.00018390804,0.2500075,0.05,0.0,0.0,0.0,5842.0,0.0,yahoo,0.5850953225593309,True
NVDA,american,NVDA260817P00197500,put,2026-08-13,224.08999633789062,197.5,2026-08-17,0.03707000017166138,0.00018390804,0.2500075,0.07,0.0,0.0,0.0,96.0,0.0,yahoo,0.5637975189324728,True
NVDA,american,NVDA260817P00200000,put,2026-08-13,224.08999633789062,200.0,2026-08-17,0.03707000017166138,0.00018390804,0.2500075,0.09,0.0,0.0,0.0,1274.0,0.0,yahoo,0.5343895754155983,True
NVDA,american,NVDA260817P00202500,put,2026-08-13,224.08999633789062,202.5,2026-08-17,0.03707000017166138,0.00018390804,0.2500075,0.11,0.0,0.0,0.0,192.0,0.0,yahoo,0.5000243624595327,True
NVDA,american,NVDA260817P00205000,put,2026-08-13,224.08999633789062,205.0,2026-08-17,0.03707000017166138,0.00018390804,0.12500875,0.15,0.0,0.0,0.0,1053.0,0.0,yahoo,0.4738769788148068,True
NVDA,american,NVDA260817P00207500,put,2026-08-13,224.08999633789062,207.5,2026-08-17,0.03707000017166138,0.00018390804,0.12500875,0.17,0.0,0.0,0.0,230.0,0.0,yahoo,0.43026409722010106,True
NVDA,american,NVDA260817P00210000,put,2026-08-13,224.08999633789062,210.0,2026-08-17,0.03707000017166138,0.00018390804,0.12500875,0.25,0.0,0.0,0.0,2132.0,0.0,yahoo,0.40699985461141985,True
NVDA,american,NVDA260817P00212500,put,2026-08-13,224.08999633789062,212.5,2026-08-17,0.03707000017166138,0.00018390804,0.12500875,0.37,0.0,0.0,0.0,1520.0,0.0,yahoo,0.3830351195402217,True
NVDA,american,NVDA260817P00215000,put,2026-08-13,224.08999633789062,215.0,2026-08-17,0.03707000017166138,0.00018390804,0.062509375,0.58,0.0,0.0,0.0,5223.0,0.0,yahoo,0.3646293284930902,True
NVDA,american,NVDA260817P00217500,put,2026-08-13,224.08999633789062,217.5,2026-08-17,0.03707000017166138,0.00018390804,0.062509375,0.93,0.0,0.0,0.0,3298.0,0.0,yahoo,0.35012058460405204,True
NVDA,american,NVDA260817P00220000,put,2026-08-13,224.08999633789062,220.0,2026-08-17,0.03707000017166138,0.00018390804,0.0312596875,1.53,0.0,0.0,0.0,7903.0,0.0,yahoo,0.344207767112909,True
NVDA,american,NVDA260817P00222500,put,2026-08-13,224.08999633789062,222.5,2026-08-17,0.03707000017166138,0.00018390804,0.015634843750000002,2.37,0.0,0.0,0.0,3819.0,0.0,yahoo,0.3362199650811672,True
NVDA,american,NVDA260817P00225000,put,2026-08-13,224.08999633789062,225.0,2026-08-17,0.03707000017166138,0.00018390804,1.0000000000000003e-05,3.55,0.0,0.0,0.0,3527.0,0.0,yahoo,0.33245009261636255,True
NVDA,american,NVDA260817P00227500,put,2026-08-13,224.08999633789062,227.5,2026-08-17,0.03707000017166138,0.00018390804,1.0000000000000003e-05,5.0,0.0,0.0,0.0,228.0,0.0,yahoo,0.32356442807776126,True
NVDA,american,NVDA260817P00230000,put,2026-08-13,224.08999633789062,230.0,2026-08-17,0.03707000017166138,0.00018390804,1.0000000000000003e-05,6.8,0.0,0.0,0.0,750.0,0.0,yahoo,0.31949156224740544,True
NVDA,american,NVDA260817P00232500,put,2026-08-13,224.08999633789062,232.5,2026-08-17,0.03707000017166138,0.00018390804,1.0000000000000003e-05,9.35,0.0,0.0,0.0,1036.0,0.0,yahoo,0.40077524140867726,True
NVDA,american,NVDA260817P00235000,put,2026-08-13,224.08999633789062,235.0,2026-08-17,0.03707000017166138,0.00018390804,1.0000000000000003e-05,12.47,0.0,0.0,0.0,211.0,0.0,yahoo,0.5654887457776886,True
NVDA,american,NVDA260817P00240000,put,2026-08-13,224.08999633789062,240.0,2026-08-17,0.03707000017166138,0.00018390804,1.0000000000000003e-05,16.9,0.0,0.0,0.0,532.0,0.0,yahoo,0.6076602391567352,True
NVDA,american,NVDA260817P00245000,put,2026-08-13,224.08999633789062,245.0,2026-08-17,0.03707000017166138,0.00018390804,1.0000000000000003e-05,22.48,0.0,0.0,0.0,956.0,0.0,yahoo,0.8343271145747103,True
NVDA,american,NVDA260819C00195000,call,2026-08-13,224.08999633789062,195.0,2026-08-19,0.03707000017166138,0.00018390804,1.0000000000000003e-05,29.32,0.0,0.0,0.0,210.0,0.0,yahoo,0.5362077622919642,True
NVDA,american,NVDA260819C00197500,call,2026-08-13,224.08999633789062,197.5,2026-08-19,0.03707000017166138,0.00018390804,1.0000000000000003e-05,26.81,0.0,0.0,0.0,166.0,0.0,yahoo,0.48586944496419965,True
NVDA,american,NVDA260819C00200000,call,2026-08-13,224.08999633789062,200.0,2026-08-19,0.03707000017166138,0.00018390804,1.0000000000000003e-05,24.45,0.0,0.0,0.0,234.0,0.0,yahoo,0.5161729227902996,True
NVDA,american,NVDA260819C00202500,call,2026-08-13,224.08999633789062,202.5,2026-08-19,0.03707000017166138,0.00018390804,1.0000000000000003e-05,21.92,0.0,0.0,0.0,170.0,0.0,yahoo,0.45714160664946485,True
NVDA,american,NVDA260819C00205000,call,2026-08-13,224.08999633789062,205.0,2026-08-19,0.03707000017166138,0.00018390804,1.0000000000000003e-05,19.23,0.0,0.0,0.0,44.0,0.0,yahoo,0.28066918258675244,True
NVDA,american,NVDA260819C00210000,call,2026-08-13,224.08999633789062,210.0,2026-08-19,0.03707000017166138,0.00018390804,1.0000000000000003e-05,14.37,0.0,0.0,0.0,167.0,0.0,yahoo,0.30078470819082515,True
NVDA,american,NVDA260819C00212500,call,2026-08-13,224.08999633789062,212.5,2026-08-19,0.03707000017166138,0.00018390804,1.0000000000000003e-05,12.01,0.0,0.0,0.0,38.0,0.0,yahoo,0.2954369299828682,True
NVDA,american,NVDA260819C00215000,call,2026-08-13,224.08999633789062,215.0,2026-08-19,0.03707000017166138,0.00018390804,1.0000000000000003e-05,9.71,0.0,0.0,0.0,202.0,0.0,yahoo,0.28353274999885925,True
NVDA,american,NVDA260819C00217500,call,2026-08-13,224.08999633789062,217.5,2026-08-19,0.03707000017166138,0.00018390804,1.0000000000000003e-05,7.0,0.0,0.0,0.0,486.0,0.0,yahoo,0.19117850920349788,True
NVDA,american,NVDA260819C00220000,call,2026-08-13,224.08999633789062,220.0,2026-08-19,0.03707000017166138,0.00018390804,1.0000000000000003e-05,6.51,0.0,0.0,0.0,1832.0,0.0,yahoo,0.3568472499955736,True
NVDA,american,NVDA260819C00222500,call,2026-08-13,224.08999633789062,222.5,2026-08-19,0.03707000017166138,0.00018390804,1.0000000000000003e-05,5.0,0.0,0.0,0.0,2870.0,0.0,yahoo,0.3572414459727116,True
NVDA,american,NVDA260819C00225000,call,2026-08-13,224.08999633789062,225.0,2026-08-19,0.03707000017166138,0.00018390804,0.007822421875,3.64,0.0,0.0,0.0,5233.0,0.0,yahoo,0.34987138384665356,True
NVDA,american,NVDA260819C00227500,call,2026-08-13,224.08999633789062,227.5,2026-08-19,0.03707000017166138,0.00018390804,0.0312596875,2.6,0.0,0.0,0.0,3050.0,0.0,yahoo,0.348698681544571,True
NVDA,american,NVDA260819C00230000,call,2026-08-13,224.08999633789062,230.0,2026-08-19,0.03707000017166138,0.00018390804,0.062509375,1.83,0.0,0.0,0.0,4593.0,0.0,yahoo,0.3515829840717427,True
NVDA,american,NVDA260819C00232500,call,2026-08-13,224.08999633789062,232.5,2026-08-19,0.03707000017166138,0.00018390804,0.062509375,1.26,0.0,0.0,0.0,963.0,0.0,yahoo,0.35554431300142847,True
NVDA,american,NVDA260819C00235000,call,2026-08-13,224.08999633789062,235.0,2026-08-19,0.03707000017166138,0.00018390804,0.062509375,0.82,0.0,0.0,0.0,1469.0,0.0,yahoo,0.35500466867140684,True
NVDA,american,NVDA260819C00237500,call,2026-08-13,224.08999633789062,237.5,2026-08-19,0.03707000017166138,0.00018390804,0.12500875,0.55,0.0,0.0,0.0,1948.0,0.0,yahoo,0.3615697193799633,True
NVDA,american,NVDA260819C00240000,call,2026-08-13,224.08999633789062,240.0,2026-08-19,0.03707000017166138,0.00018390804,0.12500875,0.36,0.0,0.0,0.0,523.0,0.0,yahoo,0.366510385621886,True
NVDA,american,NVDA260819C00242500,call,2026-08-13,224.08999633789062,242.5,2026-08-19,0.03707000017166138,0.00018390804,0.12500875,0.24,0.0,0.0,0.0,85.0,0.0,yahoo,0.37412601752354985,True
NVDA,american,NVDA260819C00245000,call,2026-08-13,224.08999633789062,245.0,2026-08-19,0.03707000017166138,0.00018390804,0.12500875,0.16,0.0,0.0,0.0,4387.0,0.0,yahoo,0.3820461787898943,True
NVDA,american,NVDA260819C00250000,call,2026-08-13,224.08999633789062,250.0,2026-08-19,0.03707000017166138,0.00018390804,0.12500875,0.08,0.0,0.0,0.0,273.0,0.0,yahoo,0.40476243835301,True
NVDA,american,NVDA260819C00255000,call,2026-08-13,224.08999633789062,255.0,2026-08-19,0.03707000017166138,0.00018390804,0.2500075,0.07,0.0,0.0,0.0,117.0,0.0,yahoo,0.4577168223998333,True
NVDA,american,NVDA260819C00260000,call,2026-08-13,224.08999633789062,260.0,2026-08-19,0.03707000017166138,0.00018390804,0.2500075,0.05,0.0,0.0,0.0,45.0,0.0,yahoo,0.4941940704384528,True
NVDA,american,NVDA260819C00265000,call,2026-08-13,224.08999633789062,265.0,2026-08-19,0.03707000017166138,0.00018390804,0.2500075,0.04,0.0,0.0,0.0,5.0,0.0,yahoo,0.534093959602264,True
NVDA,american,NVDA260819C00275000,call,2026-08-13,224.08999633789062,275.0,2026-08-19,0.03707000017166138,0.00018390804,0.2500075,0.02,0.0,0.0,0.0,15.0,0.0,yahoo,0.5906373879053021,True
NVDA,american,NVDA260819P00170000,put,2026-08-13,224.08999633789062,170.0,2026-08-19,0.03707000017166138,0.00018390804,0.500005,0.02,0.0,0.0,0.0,8.0,0.0,yahoo,0.7958493643654055,True
NVDA,american,NVDA260819P00172500,put,2026-08-13,224.08999633789062,172.5,2026-08-19,0.03707000017166138,0.00018390804,0.500005,0.03,0.0,0.0,0.0,16.0,0.0,yahoo,0.7904905564554253,True
NVDA,american,NVDA260819P00180000,put,2026-08-13,224.08999633789062,180.0,2026-08-19,0.03707000017166138,0.00018390804,0.2500075,0.05,0.0,0.0,0.0,7.0,0.0,yahoo,0.7144855120651776,True
NVDA,american,NVDA260819P00182500,put,2026-08-13,224.08999633789062,182.5,2026-08-19,0.03707000017166138,0.00018390804,0.2500075,0.09,0.0,0.0,0.0,39.0,0.0,yahoo,0.7275668531634518,True
NVDA,american,NVDA260819P00185000,put,2026-08-13,224.08999633789062,185.0,2026-08-19,0.03707000017166138,0.00018390804,0.2500075,0.06,0.0,0.0,0.0,14.0,0.0,yahoo,0.6493417762603585,True
NVDA,american,NVDA260819P00187500,put,2026-08-13,224.08999633789062,187.5,2026-08-19,0.03707000017166138,0.00018390804,0.2500075,0.06,0.0,0.0,0.0,12.0,0.0,yahoo,0.6090124738374638,True
NVDA,american,NVDA260819P00190000,put,2026-08-13,224.08999633789062,190.0,2026-08-19,0.03707000017166138,0.00018390804,0.2500075,0.07,0.0,0.0,0.0,875.0,0.0,yahoo,0.5810821791320051,True
NVDA,american,NVDA260819P00192500,put,2026-08-13,224.08999633789062,192.5,2026-08-19,0.03707000017166138,0.00018390804,0.2500075,0.1,0.0,0.0,0.0,269.0,0.0,yahoo,0.5689127827064615,True
NVDA,american,NVDA260819P00195000,put,2026-08-13,224.08999633789062,195.0,2026-08-19,0.03707000017166138,0.00018390804,0.2500075,0.1,0.0,0.0,0.0,31.0,0.0,yahoo,0.527557219250912,True
NVDA,american,NVDA260819P00197500,put,2026-08-13,224.08999633789062,197.5,2026-08-19,0.03707000017166138,0.00018390804,0.2500075,0.13,0.0,0.0,0.0,820.0,0.0,yahoo,0.5060894484329059,True
NVDA,american,NVDA260819P00200000,put,2026-08-13,224.08999633789062,200.0,2026-08-19,0.03707000017166138,0.00018390804,0.2500075,0.17,0.0,0.0,0.0,262.0,0.0,yahoo,0.48484526903760455,True
NVDA,american,NVDA260819P00202500,put,2026-08-13,224.08999633789062,202.5,2026-08-19,0.03707000017166138,0.00018390804,0.12500875,0.2,0.0,0.0,0.0,407.0,0.0,yahoo,0.4539427725556365,True
NVDA,american,NVDA260819P00205000,put,2026-08-13,224.08999633789062,205.0,2026-08-19,0.03707000017166138,0.00018390804,0.12500875,0.25,0.0,0.0,0.0,468.0,0.0,yahoo,0.42730717098100135,True
NVDA,american,NVDA260819P00207500,put,2026-08-13,224.08999633789062,207.5,2026-08-19,0.03707000017166138,0.00018390804,0.12500875,0.36,0.0,0.0,0.0,151.0,0.0,yahoo,0.4121913826971845,True
NVDA,american,NVDA260819P00210000,put,2026-08-13,224.08999633789062,210.0,2026-08-19,0.03707000017166138,0.00018390804,0.12500875,0.47,0.0,0.0,0.0,1187.0,0.0,yahoo,0.38720020757996887,True
NVDA,american,NVDA260819P00212500,put,2026-08-13,224.08999633789062,212.5,2026-08-19,0.03707000017166138,0.00018390804,0.062509375,0.68,0.0,0.0,0.0,598.0,0.0,yahoo,0.37216112097958626,True
NVDA,american,NVDA260819P00215000,put,2026-08-13,224.08999633789062,215.0,2026-08-19,0.03707000017166138,0.00018390804,0.062509375,1.0,0.0,0.0,0.0,1457.0,0.0,yahoo,0.36030435517841897,True
NVDA,american,NVDA260819P00217500,put,2026-08-13,224.08999633789062,217.5,2026-08-19,0.03707000017166138,0.00018390804,0.062509375,1.49,0.0,0.0,0.0,892.0,0.0,yahoo,0.35224169271801675,True
NVDA,american,NVDA260819P00220000,put,2026-08-13,224.08999633789062,220.0,2026-08-19,0.03707000017166138,0.00018390804,0.0312596875,2.22,0.0,0.0,0.0,1777.0,0.0,yahoo,0.35012405616094877,True
NVDA,american,NVDA260819P00222500,put,2026-08-13,224.08999633789062,222.5,2026-08-19,0.03707000017166138,0.00018390804,0.015634843750000002,3.1,0.0,0.0,0.0,1303.0,0.0,yahoo,0.3412580434038871,True
NVDA,american,NVDA260819P00225000,put,2026-08-13,224.08999633789062,225.0,2026-08-19,0.03707000017166138,0.00018390804,1.0000000000000003e-05,4.25,0.0,0.0,0.0,616.0,0.0,yahoo,0.33478032415498626,True
NVDA,american,NVDA260819P00227500,put,2026-08-13,224.08999633789062,227.5,2026-08-19,0.03707000017166138,0.00018390804,1.0000000000000003e-05,5.75,0.0,0.0,0.0,197.0,0.0,yahoo,0.3365279742453026,True
NVDA,american,NVDA260819P00230000,put,2026-08-13,224.08999633789062,230.0,2026-08-19,0.03707000017166138,0.00018390804,1.0000000000000003e-05,7.9,0.0,0.0,0.0,162.0,0.0,yahoo,0.380197668623492,True
NVDA,american,NVDA260819P00232500,put,2026-08-13,224.08999633789062,232.5,2026-08-19,0.03707000017166138,0.00018390804,1.0000000000000003e-05,9.42,0.0,0.0,0.0,26.0,0.0,yahoo,0.3392995458953148,True
NVDA,american,NVDA260819P00235000,put,2026-08-13,224.08999633789062,235.0,2026-08-19,0.03707000017166138,0.00018390804,1.0000000000000003e-05,11.55,0.0,0.0,0.0,52.0,0.0,yahoo,0.3449284588154911,True
NVDA,american,NVDA260819P00240000,put,2026-08-13,224.08999633789062,240.0,2026-08-19,0.03707000017166138,0.00018390804,1.0000000000000003e-05,17.56,0.0,0.0,0.0,80.0,0.0,yahoo,0.5908743385136846,True
NVDA,american,NVDA260819P00242500,put,2026-08-13,224.08999633789062,242.5,2026-08-19,0.03707000017166138,0.00018390804,1.0000000000000003e-05,18.99,0.0,0.0,0.0,40.0,0.0,yahoo,0.47917527232012397,True
NVDA,american,NVDA260819P00245000,put,2026-08-13,224.08999633789062,245.0,2026-08-19,0.03707000017166138,0.00018390804,1.0000000000000003e-05,21.29,0.0,0.0,0.0,42.0,0.0,yahoo,0.47925792004031564,True
NVDA,american,NVDA260819P00250000,put,2026-08-13,224.08999633789062,250.0,2026-08-19,0.03707000017166138,0.00018390804,1.0000000000000003e-05,26.54,0.0,0.0,0.0,60.0,0.0,yahoo,0.6199250318017389,True
NVDA,american,NVDA260821C00175000,call,2026-08-13,224.08999633789062,175.0,2026-08-21,0.03707000017166138,0.00018390804,1.0000000000000003e-05,49.25,0.0,0.0,0.0,47.0,0.0,yahoo,0.6197960595098186,True
NVDA,american,NVDA260821C00195000,call,2026-08-13,224.08999633789062,195.0,2026-08-21,0.03707000017166138,0.00018390804,1.0000000000000003e-05,29.55,0.0,0.0,0.0,572.0,0.0,yahoo,0.5521506534659072,True
NVDA,american,NVDA260821C00200000,call,2026-08-13,224.08999633789062,200.0,2026-08-21,0.03707000017166138,0.00018390804,1.0000000000000003e-05,24.64,0.0,0.0,0.0,735.0,0.0,yahoo,0.49376598696122387,True
NVDA,american,NVDA260821C00202500,call,2026-08-13,224.08999633789062,202.5,2026-08-21,0.03707000017166138,0.00018390804,1.0000000000000003e-05,22.0,0.0,0.0,0.0,201.0,0.0,yahoo,0.40995234966641236,True
NVDA,american,NVDA260821C00205000,call,2026-08-13,224.08999633789062,205.0,2026-08-21,0.03707000017166138,0.00018390804,1.0000000000000003e-05,19.77,0.0,0.0,0.0,823.0,0.0,yahoo,0.4355988331881414,True
NVDA,american,NVDA260821C00210000,call,2026-08-13,224.08999633789062,210.0,2026-08-21,0.03707000017166138,0.00018390804,1.0000000000000003e-05,15.19,0.0,0.0,0.0,4588.0,0.0,yahoo,0.40981007425146737,True
NVDA,american,NVDA260821C00212500,call,2026-08-13,224.08999633789062,212.5,2026-08-21,0.03707000017166138,0.00018390804,1.0000000000000003e-05,13.0,0.0,0.0,0.0,347.0,0.0,yahoo,0.39606300099129554,True
NVDA,american,NVDA260821C00215000,call,2026-08-13,224.08999633789062,215.0,2026-08-21,0.03707000017166138,0.00018390804,1.0000000000000003e-05,10.86,0.0,0.0,0.0,12685.0,0.0,yahoo,0.3777543741347617,True
NVDA,american,NVDA260821C00217500,call,2026-08-13,224.08999633789062,217.5,2026-08-21,0.03707000017166138,0.00018390804,1.0000000000000003e-05,8.95,0.0,0.0,0.0,2637.0,0.0,yahoo,0.3708817726069992,True
NVDA,american,NVDA260821C00220000,call,2026-08-13,224.08999633789062,220.0,2026-08-21,0.03707000017166138,0.00018390804,1.0000000000000003e-05,7.25,0.0,0.0,0.0,19967.0,0.0,yahoo,0.3675574798385487,True
NVDA,american,NVDA260821C00222500,call,2026-08-13,224.08999633789062,222.5,2026-08-21,0.03707000017166138,0.00018390804,1.0000000000000003e-05,5.65,0.0,0.0,0.0,7990.0,0.0,yahoo,0.3573216995936377,True
NVDA,american,NVDA260821C00225000,call,2026-08-13,224.08999633789062,225.0,2026-08-21,0.03707000017166138,0.00018390804,0.007822421875,4.4,0.0,0.0,0.0,29891.0,0.0,yahoo,0.3587459835956715,True
NVDA,american,NVDA260821C00227500,call,2026-08-13,224.08999633789062,227.5,2026-08-21,0.03707000017166138,0.00018390804,0.0312596875,3.3,0.0,0.0,0.0,11458.0,0.0,yahoo,0.35552786982279105,True
NVDA,american,NVDA260821C00230000,call,2026-08-13,224.08999633789062,230.0,2026-08-21,0.03707000017166138,0.00018390804,0.0312596875,2.45,0.0,0.0,0.0,34876.0,0.0,yahoo,0.35622807791513056,True
NVDA,american,NVDA260821C00232500,call,2026-08-13,224.08999633789062,232.5,2026-08-21,0.03707000017166138,0.00018390804,0.062509375,1.78,0.0,0.0,0.0,6777.0,0.0,yahoo,0.3573016175783564,True
NVDA,american,NVDA260821C00235000,call,2026-08-13,224.08999633789062,235.0,2026-08-21,0.03707000017166138,0.00018390804,0.062509375,1.26,0.0,0.0,0.0,14938.0,0.0,yahoo,0.3579387579459623,True
NVDA,american,NVDA260821C00240000,call,2026-08-13,224.08999633789062,240.0,2026-08-21,0.03707000017166138,0.00018390804,0.12500875,0.62,0.0,0.0,0.0,9023.0,0.0,yahoo,0.36377550131899894,True
NVDA,american,NVDA260821C00242500,call,2026-08-13,224.08999633789062,242.5,2026-08-21,0.03707000017166138,0.00018390804,0.12500875,0.45,0.0,0.0,0.0,525.0,0.0,yahoo,0.37204873647921854,True
NVDA,american,NVDA260821C00245000,call,2026-08-13,224.08999633789062,245.0,2026-08-21,0.03707000017166138,0.00018390804,0.12500875,0.32,0.0,0.0,0.0,2403.0,0.0,yahoo,0.37825575671581174,True
NVDA,american,NVDA260821C00250000,call,2026-08-13,224.08999633789062,250.0,2026-08-21,0.03707000017166138,0.00018390804,0.12500875,0.19,0.0,0.0,0.0,6034.0,0.0,yahoo,0.40251179238915985,True
NVDA,american,NVDA260821C00255000,call,2026-08-13,224.08999633789062,255.0,2026-08-21,0.03707000017166138,0.00018390804,0.12500875,0.11,0.0,0.0,0.0,2669.0,0.0,yahoo,0.42292642652095747,True
NVDA,american,NVDA260821C00260000,call,2026-08-13,224.08999633789062,260.0,2026-08-21,0.03707000017166138,0.00018390804,0.2500075,0.08,0.0,0.0,0.0,8355.0,0.0,yahoo,0.45470050646600046,True
NVDA,american,NVDA260821C00265000,call,2026-08-13,224.08999633789062,265.0,2026-08-21,0.03707000017166138,0.00018390804,0.2500075,0.06,0.0,0.0,0.0,2598.0,0.0,yahoo,0.48596295627554437,True
NVDA,american,NVDA260821C00270000,call,2026-08-13,224.08999633789062,270.0,2026-08-21,0.03707000017166138,0.00018390804,0.2500075,0.04,0.0,0.0,0.0,5204.0,0.0,yahoo,0.5069984130772491,True
NVDA,american,NVDA260821C00275000,call,2026-08-13,224.08999633789062,275.0,2026-08-21,0.03707000017166138,0.00018390804,0.2500075,0.04,0.0,0.0,0.0,158.0,0.0,yahoo,0.5508438379710836,True
NVDA,american,NVDA260821C00280000,call,2026-08-13,224.08999633789062,280.0,2026-08-21,0.03707000017166138,0.00018390804,0.2500075,0.03,0.0,0.0,0.0,279.0,0.0,yahoo,0.5745239821186366,True
NVDA,american,NVDA260821C00285000,call,2026-08-13,224.08999633789062,285.0,2026-08-21,0.03707000017166138,0.00018390804,0.2500075,0.02,0.0,0.0,0.0,328.0,0.0,yahoo,0.58987206970717,True
NVDA,american,NVDA260821P00135000,put,2026-08-13,224.08999633789062,135.0,2026-08-21,0.03707000017166138,0.00018390804,0.500005,0.02,0.0,0.0,0.0,54.0,0.0,yahoo,1.205187931669584,True
NVDA,american,NVDA260821P00140000,put,2026-08-13,224.08999633789062,140.0,2026-08-21,0.03707000017166138,0.00018390804,0.500005,0.02,0.0,0.0,0.0,4130.0,0.0,yahoo,1.124462033574558,True
NVDA,american,NVDA260821P00145000,put,2026-08-13,224.08999633789062,145.0,2026-08-21,0.03707000017166138,0.00018390804,0.500005,0.02,0.0,0.0,0.0,256.0,0.0,yahoo,1.0466175816313972,True
NVDA,american,NVDA260821P00150000,put,2026-08-13,224.08999633789062,150.0,2026-08-21,0.03707000017166138,0.00018390804,0.500005,0.03,0.0,0.0,0.0,92.0,0.0,yahoo,1.011711163439567,True
NVDA,american,NVDA260821P00155000,put,2026-08-13,224.08999633789062,155.0,2026-08-21,0.03707000017166138,0.00018390804,0.500005,0.03,0.0,0.0,0.0,259.0,0.0,yahoo,0.9352115844551075,True
NVDA,american,NVDA260821P00160000,put,2026-08-13,224.08999633789062,160.0,2026-08-21,0.03707000017166138,0.00018390804,0.500005,0.03,0.0,0.0,0.0,367.0,0.0,yahoo,0.861183336330419,True
NVDA,american,NVDA260821P00165000,put,2026-08-13,224.08999633789062,165.0,2026-08-21,0.03707000017166138,0.00018390804,0.500005,0.04,0.0,0.0,0.0,390.0,0.0,yahoo,0.8143483961346247,True
NVDA,american,NVDA260821P00170000,put,2026-08-13,224.08999633789062,170.0,2026-08-21,0.03707000017166138,0.00018390804,0.500005,0.04,0.0,0.0,0.0,263.0,0.0,yahoo,0.7428012841569812,True
NVDA,american,NVDA260821P00175000,put,2026-08-13,224.08999633789062,175.0,2026-08-21,0.03707000017166138,0.00018390804,0.2500075,0.06,0.0,0.0,0.0,2756.0,0.0,yahoo,0.7049782643999175,True
NVDA,american,NVDA260821P00180000,put,2026-08-13,224.08999633789062,180.0,2026-08-21,0.03707000017166138,0.00018390804,0.2500075,0.08,0.0,0.0,0.0,2609.0,0.0,yahoo,0.6574096524506556,True
NVDA,american,NVDA260821P00182500,put,2026-08-13,224.08999633789062,182.5,2026-08-21,0.03707000017166138,0.00018390804,0.2500075,0.11,0.0,0.0,0.0,1074.0,0.0,yahoo,0.6488969382203342,True
NVDA,american,NVDA260821P00185000,put,2026-08-13,224.08999633789062,185.0,2026-08-21,0.03707000017166138,0.00018390804,0.2500075,0.11,0.0,0.0,0.0,1094.0,0.0,yahoo,0.6111197765030262,True
NVDA,american,NVDA260821P00187500,put,2026-08-13,224.08999633789062,187.5,2026-08-21,0.03707000017166138,0.00018390804,0.2500075,0.13,0.0,0.0,0.0,68.0,0.0,yahoo,0.5885967437463476,True
NVDA,american,NVDA260821P00190000,put,2026-08-13,224.08999633789062,190.0,2026-08-21,0.03707000017166138,0.00018390804,0.2500075,0.15,0.0,0.0,0.0,2061.0,0.0,yahoo,0.5633657565804284,True
NVDA,american,NVDA260821P00192500,put,2026-08-13,224.08999633789062,192.5,2026-08-21,0.03707000017166138,0.00018390804,0.2500075,0.18,0.0,0.0,0.0,114.0,0.0,yahoo,0.5410577512218182,True
NVDA,american,NVDA260821P00195000,put,2026-08-13,224.08999633789062,195.0,2026-08-21,0.03707000017166138,0.00018390804,0.2500075,0.2,0.0,0.0,0.0,1270.0,0.0,yahoo,0.5112603916135543,True
NVDA,american,NVDA260821P00197500,put,2026-08-13,224.08999633789062,197.5,2026-08-21,0.03707000017166138,0.00018390804,0.12500875,0.23,0.0,0.0,0.0,772.0,0.0,yahoo,0.48421090878381307,True
NVDA,american,NVDA260821P00200000,put,2026-08-13,224.08999633789062,200.0,2026-08-21,0.03707000017166138,0.00018390804,0.12500875,0.27,0.0,0.0,0.0,5572.0,0.0,yahoo,0.4582500065673411,True
NVDA,american,NVDA260821P00202500,put,2026-08-13,224.08999633789062,202.5,2026-08-21,0.03707000017166138,0.00018390804,0.12500875,0.34,0.0,0.0,0.0,740.0,0.0,yahoo,0.43777339573292684,True
NVDA,american,NVDA260821P00205000,put,2026-08-13,224.08999633789062,205.0,2026-08-21,0.03707000017166138,0.00018390804,0.12500875,0.43,0.0,0.0,0.0,4654.0,0.0,yahoo,0.4173915831599462,True
NVDA,american,NVDA260821P00207500,put,2026-08-13,224.08999633789062,207.5,2026-08-21,0.03707000017166138,0.00018390804,0.12500875,0.57,0.0,0.0,0.0,860.0,0.0,yahoo,0.40059144210006287,True
NVDA,american,NVDA260821P00210000,put,2026-08-13,224.08999633789062,210.0,2026-08-21,0.03707000017166138,0.00018390804,0.12500875,0.76,0.0,0.0,0.0,5909.0,0.0,yahoo,0.3845429803440575,True
NVDA,american,NVDA260821P00212500,put,2026-08-13,224.08999633789062,212.5,2026-08-21,0.03707000017166138,0.00018390804,0.062509375,1.05,0.0,0.0,0.0,2014.0,0.0,yahoo,0.37285820052995383,True
NVDA,american,NVDA260821P00215000,put,2026-08-13,224.08999633789062,215.0,2026-08-21,0.03707000017166138,0.00018390804,0.062509375,1.48,0.0,0.0,0.0,5039.0,0.0,yahoo,0.36540697346694095,True
NVDA,american,NVDA260821P00217500,put,2026-08-13,224.08999633789062,217.5,2026-08-21,0.03707000017166138,0.00018390804,0.062509375,2.07,0.0,0.0,0.0,4414.0,0.0,yahoo,0.3601034939951049,True
NVDA,american,NVDA260821P00220000,put,2026-08-13,224.08999633789062,220.0,2026-08-21,0.03707000017166138,0.00018390804,0.0312596875,2.81,0.0,0.0,0.0,5360.0,0.0,yahoo,0.3532660719129824,True
NVDA,american,NVDA260821P00222500,put,2026-08-13,224.08999633789062,222.5,2026-08-21,0.03707000017166138,0.00018390804,0.015634843750000002,3.8,0.0,0.0,0.0,4640.0,0.0,yahoo,0.35058676876167233,True
NVDA,american,NVDA260821P00225000,put,2026-08-13,224.08999633789062,225.0,2026-08-21,0.03707000017166138,0.00018390804,1.0000000000000003e-05,4.96,0.0,0.0,0.0,10211.0,0.0,yahoo,0.3452285184253657,True
NVDA,american,NVDA260821P00227500,put,2026-08-13,224.08999633789062,227.5,2026-08-21,0.03707000017166138,0.00018390804,1.0000000000000003e-05,7.11,0.0,0.0,0.0,400.0,0.0,yahoo,0.39974495065321636,True
NVDA,american,NVDA260821P00230000,put,2026-08-13,224.08999633789062,230.0,2026-08-21,0.03707000017166138,0.00018390804,1.0000000000000003e-05,8.03,0.0,0.0,0.0,1268.0,0.0,yahoo,0.3423826591123507,True
NVDA,american,NVDA260821P00232500,put,2026-08-13,224.08999633789062,232.5,2026-08-21,0.03707000017166138,0.00018390804,1.0000000000000003e-05,10.06,0.0,0.0,0.0,263.0,0.0,yahoo,0.36009606457200066,True
NVDA,american,NVDA260821P00235000,put,2026-08-13,224.08999633789062,235.0,2026-08-21,0.03707000017166138,0.00018390804,1.0000000000000003e-05,11.82,0.0,0.0,0.0,2314.0,0.0,yahoo,0.3353855331749461,True
NVDA,american,NVDA260821P00240000,put,2026-08-13,224.08999633789062,240.0,2026-08-21,0.03707000017166138,0.00018390804,1.0000000000000003e-05,17.18,0.0,0.0,0.0,37.0,0.0,yahoo,0.47191325286478214,True
NVDA,american,NVDA260821P00242500,put,2026-08-13,224.08999633789062,242.5,2026-08-21,0.03707000017166138,0.00018390804,1.0000000000000003e-05,19.77,0.0,0.0,0.0,19.0,0.0,yahoo,0.5277174962672142,True
NVDA,american,NVDA260821P00245000,put,2026-08-13,224.08999633789062,245.0,2026-08-21,0.03707000017166138,0.00018390804,1.0000000000000003e-05,21.45,0.0,0.0,0.0,123.0,0.0,yahoo,0.451617295672488,True
NVDA,american,NVDA260821P00250000,put,2026-08-13,224.08999633789062,250.0,2026-08-21,0.03707000017166138,0.00018390804,1.0000000000000003e-05,26.95,0.0,0.0,0.0,8.0,0.0,yahoo,0.6098629046039216,True
NVDA,american,NVDA260821P00255000,put,2026-08-13,224.08999633789062,255.0,2026-08-21,0.03707000017166138,0.00018390804,1.0000000000000003e-05,35.3,0.0,0.0,0.0,60.0,0.0,yahoo,1.0812211854471663,True
NVDA,american,NVDA260821P00265000,put,2026-08-13,224.08999633789062,265.0,2026-08-21,0.03707000017166138,0.00018390804,1.0000000000000003e-05,51.49,0.0,0.0,0.0,13.0,0.0,yahoo,1.8286530943929162,True
NVDA,american,NVDA260821P00290000,put,2026-08-13,224.08999633789062,290.0,2026-08-21,0.03707000017166138,0.00018390804,1.0000000000000003e-05,79.65,0.0,0.0,0.0,25.0,0.0,yahoo,2.539773776591555,True
NVDA,american,NVDA260821P00295000,put,2026-08-13,224.08999633789062,295.0,2026-08-21,0.03707000017166138,0.00018390804,1.0000000000000003e-05,94.35,0.0,0.0,0.0,63.0,0.0,yahoo,3.415896294888763,True
NVDA,american,NVDA260821P00310000,put,2026-08-13,224.08999633789062,310.0,2026-08-21,0.03707000017166138,0.00018390804,1.0000000000000003e-05,90.1,0.0,0.0,0.0,20.0,0.0,yahoo,1.878522515415329,True
NVDA,american,NVDA260828C00170000,call,2026-08-13,224.08999633789062,170.0,2026-08-28,0.03707000017166138,0.00018390804,1.0000000000000003e-05,54.5,0.0,0.0,0.0,6.0,0.0,yahoo,0.6445692034534626,True
NVDA,american,NVDA260828C00195000,call,2026-08-13,224.08999633789062,195.0,2026-08-28,0.03707000017166138,0.00018390804,1.0000000000000003e-05,30.3,0.0,0.0,0.0,170.0,0.0,yahoo,0.5175500900697909,True
NVDA,american,NVDA260828C00200000,call,2026-08-13,224.08999633789062,200.0,2026-08-28,0.03707000017166138,0.00018390804,1.0000000000000003e-05,25.4,0.0,0.0,0.0,181.0,0.0,yahoo,0.4574708246604774,True
NVDA,american,NVDA260828C00205000,call,2026-08-13,224.08999633789062,205.0,2026-08-28,0.03707000017166138,0.00018390804,1.0000000000000003e-05,21.15,0.0,0.0,0.0,273.0,0.0,yahoo,0.45926878560873863,True
NVDA,american,NVDA260828C00210000,call,2026-08-13,224.08999633789062,210.0,2026-08-28,0.03707000017166138,0.00018390804,1.0000000000000003e-05,17.4,0.0,0.0,0.0,388.0,0.0,yahoo,0.47202676191094195,True
NVDA,american,NVDA260828C00215000,call,2026-08-13,224.08999633789062,215.0,2026-08-28,0.03707000017166138,0.00018390804,1.0000000000000003e-05,13.51,0.0,0.0,0.0,7434.0,0.0,yahoo,0.4471743827286661,True
NVDA,american,NVDA260828C00220000,call,2026-08-13,224.08999633789062,220.0,2026-08-28,0.03707000017166138,0.00018390804,1.0000000000000003e-05,10.63,0.0,0.0,0.0,5510.0,0.0,yahoo,0.45874883100843866,True
NVDA,american,NVDA260828C00225000,call,2026-08-13,224.08999633789062,225.0,2026-08-28,0.03707000017166138,0.00018390804,0.007822421875,7.99,0.0,0.0,0.0,9163.0,0.0,yahoo,0.45576580812268697,True
NVDA,american,NVDA260828C00230000,call,2026-08-13,224.08999633789062,230.0,2026-08-28,0.03707000017166138,0.00018390804,0.0312596875,5.83,0.0,0.0,0.0,9305.0,0.0,yahoo,0.45343853373039206,True
NVDA,american,NVDA260828C00235000,call,2026-08-13,224.08999633789062,235.0,2026-08-28,0.03707000017166138,0.00018390804,0.062509375,4.15,0.0,0.0,0.0,9609.0,0.0,yahoo,0.4526151149712095,True
NVDA,american,NVDA260828C00240000,call,2026-08-13,224.08999633789062,240.0,2026-08-28,0.03707000017166138,0.00018390804,0.062509375,2.88,0.0,0.0,0.0,15872.0,0.0,yahoo,0.45248771404068766,True
NVDA,american,NVDA260828C00245000,call,2026-08-13,224.08999633789062,245.0,2026-08-28,0.03707000017166138,0.00018390804,0.12500875,1.95,0.0,0.0,0.0,14747.0,0.0,yahoo,0.4531446620332303,True
NVDA,american,NVDA260828C00250000,call,2026-08-13,224.08999633789062,250.0,2026-08-28,0.03707000017166138,0.00018390804,0.12500875,1.33,0.0,0.0,0.0,6470.0,0.0,yahoo,0.4580971506176424,True
NVDA,american,NVDA260828C00255000,call,2026-08-13,224.08999633789062,255.0,2026-08-28,0.03707000017166138,0.00018390804,0.12500875,0.85,0.0,0.0,0.0,559.0,0.0,yahoo,0.45691401264985854,True
NVDA,american,NVDA260828C00260000,call,2026-08-13,224.08999633789062,260.0,2026-08-28,0.03707000017166138,0.00018390804,0.12500875,0.57,0.0,0.0,0.0,1022.0,0.0,yahoo,0.4634659100270682,True
NVDA,american,NVDA260828C00265000,call,2026-08-13,224.08999633789062,265.0,2026-08-28,0.03707000017166138,0.00018390804,0.12500875,0.45,0.0,0.0,0.0,1061.0,0.0,yahoo,0.48581237972736235,True
NVDA,american,NVDA260828C00270000,call,2026-08-13,224.08999633789062,270.0,2026-08-28,0.03707000017166138,0.00018390804,0.2500075,0.34,0.0,0.0,0.0,370.0,0.0,yahoo,0.5014658572582796,True
NVDA,american,NVDA260828C00275000,call,2026-08-13,224.08999633789062,275.0,2026-08-28,0.03707000017166138,0.00018390804,0.2500075,0.25,0.0,0.0,0.0,194.0,0.0,yahoo,0.5143995544503998,True
NVDA,american,NVDA260828C00280000,call,2026-08-13,224.08999633789062,280.0,2026-08-28,0.03707000017166138,0.00018390804,0.2500075,0.19,0.0,0.0,0.0,95.0,0.0,yahoo,0.5284287611284079,True
NVDA,american,NVDA260828C00285000,call,2026-08-13,224.08999633789062,285.0,2026-08-28,0.03707000017166138,0.00018390804,0.2500075,0.17,0.0,0.0,0.0,24.0,0.0,yahoo,0.5546115821335484,True
NVDA,american,NVDA260828C00290000,call,2026-08-13,224.08999633789062,290.0,2026-08-28,0.03707000017166138,0.00018390804,0.2500075,0.15,0.0,0.0,0.0,101.0,0.0,yahoo,0.5777160338812921,True
NVDA,american,NVDA260828C00295000,call,2026-08-13,224.08999633789062,295.0,2026-08-28,0.03707000017166138,0.00018390804,0.2500075,0.12,0.0,0.0,0.0,25.0,0.0,yahoo,0.5921621979955985,True
NVDA,american,NVDA260828C00300000,call,2026-08-13,224.08999633789062,300.0,2026-08-28,0.03707000017166138,0.00018390804,0.2500075,0.1,0.0,0.0,0.0,1070.0,0.0,yahoo,0.608778939574973,True
NVDA,american,NVDA260828C00305000,call,2026-08-13,224.08999633789062,305.0,2026-08-28,0.03707000017166138,0.00018390804,0.2500075,0.08,0.0,0.0,0.0,5.0,0.0,yahoo,0.6214369314265683,True
NVDA,american,NVDA260828C00310000,call,2026-08-13,224.08999633789062,310.0,2026-08-28,0.03707000017166138,0.00018390804,0.2500075,0.05,0.0,0.0,0.0,13.0,0.0,yahoo,0.6167656062055729,True
NVDA,american,NVDA260828P00135000,put,2026-08-13,224.08999633789062,135.0,2026-08-28,0.03707000017166138,0.00018390804,0.500005,0.04,0.0,0.0,0.0,204.0,0.0,yahoo,0.9433688103956529,True
NVDA,american,NVDA260828P00140000,put,2026-08-13,224.08999633789062,140.0,2026-08-28,0.03707000017166138,0.00018390804,0.500005,0.06,0.0,0.0,0.0,24.0,0.0,yahoo,0.9209360493029912,True
NVDA,american,NVDA260828P00145000,put,2026-08-13,224.08999633789062,145.0,2026-08-28,0.03707000017166138,0.00018390804,0.500005,0.07,0.0,0.0,0.0,113.0,0.0,yahoo,0.8730713956364369,True
NVDA,american,NVDA260828P00150000,put,2026-08-13,224.08999633789062,150.0,2026-08-28,0.03707000017166138,0.00018390804,0.500005,0.09,0.0,0.0,0.0,45.0,0.0,yahoo,0.8361947804919782,True
NVDA,american,NVDA260828P00155000,put,2026-08-13,224.08999633789062,155.0,2026-08-28,0.03707000017166138,0.00018390804,0.2500075,0.11,0.0,0.0,0.0,157.0,0.0,yahoo,0.7946116279803359,True
NVDA,american,NVDA260828P00160000,put,2026-08-13,224.08999633789062,160.0,2026-08-28,0.03707000017166138,0.00018390804,0.2500075,0.14,0.0,0.0,0.0,149.0,0.0,yahoo,0.7575064684029723,True
NVDA,american,NVDA260828P00165000,put,2026-08-13,224.08999633789062,165.0,2026-08-28,0.03707000017166138,0.00018390804,0.2500075,0.18,0.0,0.0,0.0,166.0,0.0,yahoo,0.7217482323647871,True
NVDA,american,NVDA260828P00170000,put,2026-08-13,224.08999633789062,170.0,2026-08-28,0.03707000017166138,0.00018390804,0.2500075,0.21,0.0,0.0,0.0,223.0,0.0,yahoo,0.6756943616648866,True
NVDA,american,NVDA260828P00175000,put,2026-08-13,224.08999633789062,175.0,2026-08-28,0.03707000017166138,0.00018390804,0.2500075,0.27,0.0,0.0,0.0,367.0,0.0,yahoo,0.6397950461857095,True
NVDA,american,NVDA260828P00180000,put,2026-08-13,224.08999633789062,180.0,2026-08-28,0.03707000017166138,0.00018390804,0.2500075,0.34,0.0,0.0,0.0,1655.0,0.0,yahoo,0.6015728696313001,True
NVDA,american,NVDA260828P00185000,put,2026-08-13,224.08999633789062,185.0,2026-08-28,0.03707000017166138,0.00018390804,0.2500075,0.43,0.0,0.0,0.0,385.0,0.0,yahoo,0.562639611319292,True
NVDA,american,NVDA260828P00190000,put,2026-08-13,224.08999633789062,190.0,2026-08-28,0.03707000017166138,0.00018390804,0.12500875,0.56,0.0,0.0,0.0,1086.0,0.0,yahoo,0.5262769160185002,True
NVDA,american,NVDA260828P00195000,put,2026-08-13,224.08999633789062,195.0,2026-08-28,0.03707000017166138,0.00018390804,0.12500875,0.8,0.0,0.0,0.0,1542.0,0.0,yahoo,0.5000383617308263,True
NVDA,american,NVDA260828P00200000,put,2026-08-13,224.08999633789062,200.0,2026-08-28,0.03707000017166138,0.00018390804,0.12500875,1.2,0.0,0.0,0.0,4318.0,0.0,yahoo,0.48109244021675535,True
NVDA,american,NVDA260828P00205000,put,2026-08-13,224.08999633789062,205.0,2026-08-28,0.03707000017166138,0.00018390804,0.12500875,1.87,0.0,0.0,0.0,916.0,0.0,yahoo,0.4699786340116413,True
NVDA,american,NVDA260828P00210000,put,2026-08-13,224.08999633789062,210.0,2026-08-28,0.03707000017166138,0.00018390804,0.062509375,2.82,0.0,0.0,0.0,1698.0,0.0,yahoo,0.4592298821804964,True
NVDA,american,NVDA260828P00215000,put,2026-08-13,224.08999633789062,215.0,2026-08-28,0.03707000017166138,0.00018390804,0.062509375,4.2,0.0,0.0,0.0,1226.0,0.0,yahoo,0.45341740263127017,True
NVDA,american,NVDA260828P00220000,put,2026-08-13,224.08999633789062,220.0,2026-08-28,0.03707000017166138,0.00018390804,0.015634843750000002,6.0,0.0,0.0,0.0,3650.0,0.0,yahoo,0.44613101881238126,True
NVDA,american,NVDA260828P00225000,put,2026-08-13,224.08999633789062,225.0,2026-08-28,0.03707000017166138,0.00018390804,1.0000000000000003e-05,8.5,0.0,0.0,0.0,518.0,0.0,yahoo,0.45137868398381115,True
NVDA,american,NVDA260828P00230000,put,2026-08-13,224.08999633789062,230.0,2026-08-28,0.03707000017166138,0.00018390804,1.0000000000000003e-05,12.09,0.0,0.0,0.0,127.0,0.0,yahoo,0.49131597557912926,True
NVDA,american,NVDA260828P00235000,put,2026-08-13,224.08999633789062,235.0,2026-08-28,0.03707000017166138,0.00018390804,1.0000000000000003e-05,14.15,0.0,0.0,0.0,31.0,0.0,yahoo,0.41536659470380954,True
NVDA,american,NVDA260828P00240000,put,2026-08-13,224.08999633789062,240.0,2026-08-28,0.03707000017166138,0.00018390804,1.0000000000000003e-05,19.75,0.0,0.0,0.0,45.0,0.0,yahoo,0.5380388637651718,True
NVDA,american,NVDA260828P00245000,put,2026-08-13,224.08999633789062,245.0,2026-08-28,0.03707000017166138,0.00018390804,1.0000000000000003e-05,23.55,0.0,0.0,0.0,15.0,0.0,yahoo,0.5305883895637702,True
NVDA,american,NVDA260828P00260000,put,2026-08-13,224.08999633789062,260.0,2026-08-28,0.03707000017166138,0.00018390804,1.0000000000000003e-05,35.98,0.0,0.0,0.0,6.0,0.0,yahoo,0.39235245288980497,True
NVDA,american,NVDA260904C00170000,call,2026-08-13,224.08999633789062,170.0,2026-09-04,0.03707000017166138,0.00018390804,1.0000000000000003e-05,54.57,0.0,0.0,0.0,194.0,0.0,yahoo,0.5052815805835316,True
NVDA,american,NVDA260904C00175000,call,2026-08-13,224.08999633789062,175.0,2026-09-04,0.03707000017166138,0.00018390804,1.0000000000000003e-05,49.68,0.0,0.0,0.0,192.0,0.0,yahoo,0.5054774972808881,True
NVDA,american,NVDA260904C00190000,call,2026-08-13,224.08999633789062,190.0,2026-09-04,0.03707000017166138,0.00018390804,1.0000000000000003e-05,34.95,0.0,0.0,0.0,12.0,0.0,yahoo,0.4145554083060076,True
NVDA,american,NVDA260904C00200000,call,2026-08-13,224.08999633789062,200.0,2026-09-04,0.03707000017166138,0.00018390804,1.0000000000000003e-05,26.35,0.0,0.0,0.0,249.0,0.0,yahoo,0.4538958794251585,True
NVDA,american,NVDA260904C00205000,call,2026-08-13,224.08999633789062,205.0,2026-09-04,0.03707000017166138,0.00018390804,1.0000000000000003e-05,22.3,0.0,0.0,0.0,213.0,0.0,yahoo,0.45303163633475857,True
NVDA,american,NVDA260904C00210000,call,2026-08-13,224.08999633789062,210.0,2026-09-04,0.03707000017166138,0.00018390804,1.0000000000000003e-05,18.39,0.0,0.0,0.0,195.0,0.0,yahoo,0.44138470011700315,True
NVDA,american,NVDA260904C00215000,call,2026-08-13,224.08999633789062,215.0,2026-09-04,0.03707000017166138,0.00018390804,1.0000000000000003e-05,14.9,0.0,0.0,0.0,754.0,0.0,yahoo,0.4353155779151715,True
NVDA,american,NVDA260904C00220000,call,2026-08-13,224.08999633789062,220.0,2026-09-04,0.03707000017166138,0.00018390804,1.0000000000000003e-05,11.9,0.0,0.0,0.0,1270.0,0.0,yahoo,0.4346216679431638,True
NVDA,american,NVDA260904C00225000,call,2026-08-13,224.08999633789062,225.0,2026-09-04,0.03707000017166138,0.00018390804,0.0039162109375,9.14,0.0,0.0,0.0,2102.0,0.0,yahoo,0.4253227360436503,True
NVDA,american,NVDA260904C00230000,call,2026-08-13,224.08999633789062,230.0,2026-09-04,0.03707000017166138,0.00018390804,0.0312596875,7.0,0.0,0.0,0.0,2332.0,0.0,yahoo,0.42582146188528724,True
NVDA,american,NVDA260904C00235000,call,2026-08-13,224.08999633789062,235.0,2026-09-04,0.03707000017166138,0.00018390804,0.0312596875,5.23,0.0,0.0,0.0,2231.0,0.0,yahoo,0.4250621733452318,True
NVDA,american,NVDA260904C00240000,call,2026-08-13,224.08999633789062,240.0,2026-09-04,0.03707000017166138,0.00018390804,0.062509375,3.8,0.0,0.0,0.0,2047.0,0.0,yahoo,0.42267390792081033,True
NVDA,american,NVDA260904C00245000,call,2026-08-13,224.08999633789062,245.0,2026-09-04,0.03707000017166138,0.00018390804,0.062509375,2.71,0.0,0.0,0.0,673.0,0.0,yahoo,0.4215857711599213,True
NVDA,american,NVDA260904C00250000,call,2026-08-13,224.08999633789062,250.0,2026-09-04,0.03707000017166138,0.00018390804,0.12500875,1.95,0.0,0.0,0.0,873.0,0.0,yahoo,0.4250276964442739,True
NVDA,american,NVDA260904C00255000,call,2026-08-13,224.08999633789062,255.0,2026-09-04,0.03707000017166138,0.00018390804,0.12500875,1.34,0.0,0.0,0.0,487.0,0.0,yahoo,0.4243851879249059,True
NVDA,american,NVDA260904C00260000,call,2026-08-13,224.08999633789062,260.0,2026-09-04,0.03707000017166138,0.00018390804,0.12500875,0.95,0.0,0.0,0.0,253.0,0.0,yahoo,0.428982719357592,True
NVDA,american,NVDA260904C00265000,call,2026-08-13,224.08999633789062,265.0,2026-09-04,0.03707000017166138,0.00018390804,0.12500875,0.7,0.0,0.0,0.0,505.0,0.0,yahoo,0.43780757823394856,True
NVDA,american,NVDA260904C00270000,call,2026-08-13,224.08999633789062,270.0,2026-09-04,0.03707000017166138,0.00018390804,0.12500875,0.52,0.0,0.0,0.0,359.0,0.0,yahoo,0.4474658632759605,True
NVDA,american,NVDA260904C00275000,call,2026-08-13,224.08999633789062,275.0,2026-09-04,0.03707000017166138,0.00018390804,0.12500875,0.39,0.0,0.0,0.0,121.0,0.0,yahoo,0.45665831209383134,True
NVDA,american,NVDA260904C00280000,call,2026-08-13,224.08999633789062,280.0,2026-09-04,0.03707000017166138,0.00018390804,0.2500075,0.31,0.0,0.0,0.0,44.0,0.0,yahoo,0.47015397800937564,True
NVDA,american,NVDA260904C00285000,call,2026-08-13,224.08999633789062,285.0,2026-09-04,0.03707000017166138,0.00018390804,0.2500075,0.25,0.0,0.0,0.0,12.0,0.0,yahoo,0.48379050445325894,True
NVDA,american,NVDA260904C00290000,call,2026-08-13,224.08999633789062,290.0,2026-09-04,0.03707000017166138,0.00018390804,0.2500075,0.23,0.0,0.0,0.0,34.0,0.0,yahoo,0.5064987835581609,True
NVDA,american,NVDA260904C00295000,call,2026-08-13,224.08999633789062,295.0,2026-09-04,0.03707000017166138,0.00018390804,0.2500075,0.18,0.0,0.0,0.0,7.0,0.0,yahoo,0.5156785168105106,True
NVDA,american,NVDA260904C00300000,call,2026-08-13,224.08999633789062,300.0,2026-09-04,0.03707000017166138,0.00018390804,0.2500075,0.13,0.0,0.0,0.0,233.0,0.0,yahoo,0.5187752435887888,True
NVDA,american,NVDA260904C00305000,call,2026-08-13,224.08999633789062,305.0,2026-09-04,0.03707000017166138,0.00018390804,0.2500075,0.12,0.0,0.0,0.0,5.0,0.0,yahoo,0.5386977476885394,True
NVDA,american,NVDA260904P00135000,put,2026-08-13,224.08999633789062,135.0,2026-09-04,0.03707000017166138,0.00018390804,0.500005,0.07,0.0,0.0,0.0,16.0,0.0,yahoo,0.8292175244228015,True
NVDA,american,NVDA260904P00140000,put,2026-08-13,224.08999633789062,140.0,2026-09-04,0.03707000017166138,0.00018390804,0.500005,0.1,0.0,0.0,0.0,5.0,0.0,yahoo,0.8080689479227315,True
NVDA,american,NVDA260904P00145000,put,2026-08-13,224.08999633789062,145.0,2026-09-04,0.03707000017166138,0.00018390804,0.2500075,0.14,0.0,0.0,0.0,38.0,0.0,yahoo,0.7869759367839785,True
NVDA,american,NVDA260904P00150000,put,2026-08-13,224.08999633789062,150.0,2026-09-04,0.03707000017166138,0.00018390804,0.2500075,0.13,0.0,0.0,0.0,13.0,0.0,yahoo,0.7248951327683877,True
NVDA,american,NVDA260904P00155000,put,2026-08-13,224.08999633789062,155.0,2026-09-04,0.03707000017166138,0.00018390804,0.2500075,0.17,0.0,0.0,0.0,18.0,0.0,yahoo,0.6974341933550585,True
NVDA,american,NVDA260904P00160000,put,2026-08-13,224.08999633789062,160.0,2026-09-04,0.03707000017166138,0.00018390804,0.2500075,0.2,0.0,0.0,0.0,41.0,0.0,yahoo,0.6593757300076996,True
NVDA,american,NVDA260904P00165000,put,2026-08-13,224.08999633789062,165.0,2026-09-04,0.03707000017166138,0.00018390804,0.2500075,0.25,0.0,0.0,0.0,204.0,0.0,yahoo,0.6278389776782064,True
NVDA,american,NVDA260904P00170000,put,2026-08-13,224.08999633789062,170.0,2026-09-04,0.03707000017166138,0.00018390804,0.2500075,0.3,0.0,0.0,0.0,303.0,0.0,yahoo,0.5921686382919528,True
NVDA,american,NVDA260904P00175000,put,2026-08-13,224.08999633789062,175.0,2026-09-04,0.03707000017166138,0.00018390804,0.2500075,0.36,0.0,0.0,0.0,415.0,0.0,yahoo,0.5564096200134264,True
NVDA,american,NVDA260904P00180000,put,2026-08-13,224.08999633789062,180.0,2026-09-04,0.03707000017166138,0.00018390804,0.2500075,0.47,0.0,0.0,0.0,90.0,0.0,yahoo,0.5288878028262283,True
NVDA,american,NVDA260904P00185000,put,2026-08-13,224.08999633789062,185.0,2026-09-04,0.03707000017166138,0.00018390804,0.12500875,0.62,0.0,0.0,0.0,229.0,0.0,yahoo,0.5019506413739365,True
NVDA,american,NVDA260904P00190000,put,2026-08-13,224.08999633789062,190.0,2026-09-04,0.03707000017166138,0.00018390804,0.12500875,0.85,0.0,0.0,0.0,689.0,0.0,yahoo,0.47942905665898455,True
NVDA,american,NVDA260904P00195000,put,2026-08-13,224.08999633789062,195.0,2026-09-04,0.03707000017166138,0.00018390804,0.12500875,1.17,0.0,0.0,0.0,406.0,0.0,yahoo,0.45776923799245944,True
NVDA,american,NVDA260904P00200000,put,2026-08-13,224.08999633789062,200.0,2026-09-04,0.03707000017166138,0.00018390804,0.12500875,1.74,0.0,0.0,0.0,981.0,0.0,yahoo,0.4472227004296371,True
NVDA,american,NVDA260904P00205000,put,2026-08-13,224.08999633789062,205.0,2026-09-04,0.03707000017166138,0.00018390804,0.062509375,2.46,0.0,0.0,0.0,569.0,0.0,yahoo,0.4322827942777243,True
NVDA,american,NVDA260904P00210000,put,2026-08-13,224.08999633789062,210.0,2026-09-04,0.03707000017166138,0.00018390804,0.062509375,3.6,0.0,0.0,0.0,499.0,0.0,yahoo,0.4276403513416601,True
NVDA,american,NVDA260904P00215000,put,2026-08-13,224.08999633789062,215.0,2026-09-04,0.03707000017166138,0.00018390804,0.0312596875,5.3,0.0,0.0,0.0,763.0,0.0,yahoo,0.43292754741041106,True
NVDA,american,NVDA260904P00220000,put,2026-08-13,224.08999633789062,220.0,2026-09-04,0.03707000017166138,0.00018390804,0.015634843750000002,7.05,0.0,0.0,0.0,8294.0,0.0,yahoo,0.42093655992856877,True
NVDA,american,NVDA260904P00225000,put,2026-08-13,224.08999633789062,225.0,2026-09-04,0.03707000017166138,0.00018390804,1.0000000000000003e-05,9.4,0.0,0.0,0.0,517.0,0.0,yahoo,0.4170352459293148,True
NVDA,american,NVDA260904P00230000,put,2026-08-13,224.08999633789062,230.0,2026-09-04,0.03707000017166138,0.00018390804,1.0000000000000003e-05,12.82,0.0,0.0,0.0,58.0,0.0,yahoo,0.4431650049901635,True
NVDA,american,NVDA260904P00235000,put,2026-08-13,224.08999633789062,235.0,2026-09-04,0.03707000017166138,0.00018390804,1.0000000000000003e-05,16.35,0.0,0.0,0.0,22.0,0.0,yahoo,0.45766185596839,True
NVDA,american,NVDA260904P00245000,put,2026-08-13,224.08999633789062,245.0,2026-09-04,0.03707000017166138,0.00018390804,1.0000000000000003e-05,24.0,0.0,0.0,0.0,87.0,0.0,yahoo,0.47113615549753424,True
NVDA,american,NVDA260904P00250000,put,2026-08-13,224.08999633789062,250.0,2026-09-04,0.03707000017166138,0.00018390804,1.0000000000000003e-05,27.5,0.0,0.0,0.0,13.0,0.0,yahoo,0.42910167567353164,True
NVDA,american,NVDA260904P00255000,put,2026-08-13,224.08999633789062,255.0,2026-09-04,0.03707000017166138,0.00018390804,1.0000000000000003e-05,37.95,0.0,0.0,0.0,70.0,0.0,yahoo,0.8113282510207482,True
NVDA,american,NVDA260904P00260000,put,2026-08-13,224.08999633789062,260.0,2026-09-04,0.03707000017166138,0.00018390804,1.0000000000000003e-05,35.93,0.0,0.0,0.0,8.0,0.0,yahoo,0.31805829469670627,True
NVDA,american,NVDA260904P00270000,put,2026-08-13,224.08999633789062,270.0,2026-09-04,0.03707000017166138,0.00018390804,1.0000000000000003e-05,45.75,0.0,0.0,0.0,26.0,0.0,yahoo,,False
NVDA,american,NVDA260911C00190000,call,2026-08-13,224.08999633789062,190.0,2026-09-11,0.03707000017166138,0.00018390804,1.0000000000000003e-05,35.38,0.0,0.0,0.0,9.0,0.0,yahoo,0.4050735997856024,True
NVDA,american,NVDA260911C00195000,call,2026-08-13,224.08999633789062,195.0,2026-09-11,0.03707000017166138,0.00018390804,1.0000000000000003e-05,29.89,0.0,0.0,0.0,8.0,0.0,yahoo,0.2788092394843891,True
NVDA,american,NVDA260911C00200000,call,2026-08-13,224.08999633789062,200.0,2026-09-11,0.03707000017166138,0.00018390804,1.0000000000000003e-05,26.89,0.0,0.0,0.0,2932.0,0.0,yahoo,0.424902128737829,True
NVDA,american,NVDA260911C00205000,call,2026-08-13,224.08999633789062,205.0,2026-09-11,0.03707000017166138,0.00018390804,1.0000000000000003e-05,22.3,0.0,0.0,0.0,85.0,0.0,yahoo,0.3878800843064228,True
NVDA,american,NVDA260911C00210000,call,2026-08-13,224.08999633789062,210.0,2026-09-11,0.03707000017166138,0.00018390804,1.0000000000000003e-05,19.07,0.0,0.0,0.0,72.0,0.0,yahoo,0.4128142550868389,True
NVDA,american,NVDA260911C00215000,call,2026-08-13,224.08999633789062,215.0,2026-09-11,0.03707000017166138,0.00018390804,1.0000000000000003e-05,15.78,0.0,0.0,0.0,200.0,0.0,yahoo,0.4138842872712106,True
NVDA,american,NVDA260911C00220000,call,2026-08-13,224.08999633789062,220.0,2026-09-11,0.03707000017166138,0.00018390804,1.0000000000000003e-05,12.7,0.0,0.0,0.0,1947.0,0.0,yahoo,0.4075985341227116,True
NVDA,american,NVDA260911C00225000,call,2026-08-13,224.08999633789062,225.0,2026-09-11,0.03707000017166138,0.00018390804,0.0039162109375,10.01,0.0,0.0,0.0,1889.0,0.0,yahoo,0.4020193670224831,True
NVDA,american,NVDA260911C00230000,call,2026-08-13,224.08999633789062,230.0,2026-09-11,0.03707000017166138,0.00018390804,0.015634843750000002,7.78,0.0,0.0,0.0,747.0,0.0,yahoo,0.39955964637011904,True
NVDA,american,NVDA260911C00235000,call,2026-08-13,224.08999633789062,235.0,2026-09-11,0.03707000017166138,0.00018390804,0.0312596875,5.95,0.0,0.0,0.0,517.0,0.0,yahoo,0.39830622937520294,True
NVDA,american,NVDA260911C00240000,call,2026-08-13,224.08999633789062,240.0,2026-09-11,0.03707000017166138,0.00018390804,0.062509375,4.45,0.0,0.0,0.0,6117.0,0.0,yahoo,0.39648963347008415,True
NVDA,american,NVDA260911C00245000,call,2026-08-13,224.08999633789062,245.0,2026-09-11,0.03707000017166138,0.00018390804,0.062509375,3.29,0.0,0.0,0.0,1645.0,0.0,yahoo,0.3962093817294455,True
NVDA,american,NVDA260911C00250000,call,2026-08-13,224.08999633789062,250.0,2026-09-11,0.03707000017166138,0.00018390804,0.062509375,2.39,0.0,0.0,0.0,515.0,0.0,yahoo,0.3958996179943669,True
NVDA,american,NVDA260911C00255000,call,2026-08-13,224.08999633789062,255.0,2026-09-11,0.03707000017166138,0.00018390804,0.12500875,1.69,0.0,0.0,0.0,258.0,0.0,yahoo,0.39444142865505133,True
NVDA,american,NVDA260911C00260000,call,2026-08-13,224.08999633789062,260.0,2026-09-11,0.03707000017166138,0.00018390804,0.12500875,1.27,0.0,0.0,0.0,211.0,0.0,yahoo,0.4011418416421298,True
NVDA,american,NVDA260911C00265000,call,2026-08-13,224.08999633789062,265.0,2026-09-11,0.03707000017166138,0.00018390804,0.12500875,0.95,0.0,0.0,0.0,98.0,0.0,yahoo,0.4076427457862406,True
NVDA,american,NVDA260911C00270000,call,2026-08-13,224.08999633789062,270.0,2026-09-11,0.03707000017166138,0.00018390804,0.12500875,0.63,0.0,0.0,0.0,130.0,0.0,yahoo,0.40367754655968324,True
NVDA,american,NVDA260911C00275000,call,2026-08-13,224.08999633789062,275.0,2026-09-11,0.03707000017166138,0.00018390804,0.12500875,0.54,0.0,0.0,0.0,308.0,0.0,yahoo,0.4216274198668361,True
NVDA,american,NVDA260911C00280000,call,2026-08-13,224.08999633789062,280.0,2026-09-11,0.03707000017166138,0.00018390804,0.12500875,0.39,0.0,0.0,0.0,48.0,0.0,yahoo,0.4249698462184563,True
NVDA,american,NVDA260911C00285000,call,2026-08-13,224.08999633789062,285.0,2026-09-11,0.03707000017166138,0.00018390804,0.12500875,0.31,0.0,0.0,0.0,10.0,0.0,yahoo,0.4353460910736034,True
NVDA,american,NVDA260911C00300000,call,2026-08-13,224.08999633789062,300.0,2026-09-11,0.03707000017166138,0.00018390804,0.2500075,0.19,0.0,0.0,0.0,18.0,0.0,yahoo,0.474856975078854,True
NVDA,american,NVDA260911P00135000,put,2026-08-13,224.08999633789062,135.0,2026-09-11,0.03707000017166138,0.00018390804,0.2500075,0.11,0.0,0.0,0.0,56.0,0.0,yahoo,0.7627412562461506,True
NVDA,american,NVDA260911P00140000,put,2026-08-13,224.08999633789062,140.0,2026-09-11,0.03707000017166138,0.00018390804,0.2500075,0.12,0.0,0.0,0.0,20.0,0.0,yahoo,0.7213144269064001,True
NVDA,american,NVDA260911P00145000,put,2026-08-13,224.08999633789062,145.0,2026-09-11,0.03707000017166138,0.00018390804,0.2500075,0.18,0.0,0.0,0.0,40.0,0.0,yahoo,0.7099440124844377,True
NVDA,american,NVDA260911P00150000,put,2026-08-13,224.08999633789062,150.0,2026-09-11,0.03707000017166138,0.00018390804,0.2500075,0.18,0.0,0.0,0.0,40.0,0.0,yahoo,0.66116196633524,True
NVDA,american,NVDA260911P00155000,put,2026-08-13,224.08999633789062,155.0,2026-09-11,0.03707000017166138,0.00018390804,0.2500075,0.27,0.0,0.0,0.0,24.0,0.0,yahoo,0.650878743428735,True
NVDA,american,NVDA260911P00160000,put,2026-08-13,224.08999633789062,160.0,2026-09-11,0.03707000017166138,0.00018390804,0.2500075,0.29,0.0,0.0,0.0,7.0,0.0,yahoo,0.6093139365163448,True
NVDA,american,NVDA260911P00165000,put,2026-08-13,224.08999633789062,165.0,2026-09-11,0.03707000017166138,0.00018390804,0.2500075,0.32,0.0,0.0,0.0,11.0,0.0,yahoo,0.5700282733247625,True
NVDA,american,NVDA260911P00170000,put,2026-08-13,224.08999633789062,170.0,2026-09-11,0.03707000017166138,0.00018390804,0.2500075,0.38,0.0,0.0,0.0,14.0,0.0,yahoo,0.5380613587722004,True
NVDA,american,NVDA260911P00175000,put,2026-08-13,224.08999633789062,175.0,2026-09-11,0.03707000017166138,0.00018390804,0.12500875,0.46,0.0,0.0,0.0,80.0,0.0,yahoo,0.5078825303583491,True
NVDA,american,NVDA260911P00180000,put,2026-08-13,224.08999633789062,180.0,2026-09-11,0.03707000017166138,0.00018390804,0.12500875,0.61,0.0,0.0,0.0,149.0,0.0,yahoo,0.4865253298590267,True
NVDA,american,NVDA260911P00185000,put,2026-08-13,224.08999633789062,185.0,2026-09-11,0.03707000017166138,0.00018390804,0.12500875,0.84,0.0,0.0,0.0,216.0,0.0,yahoo,0.46918817547983915,True
NVDA,american,NVDA260911P00190000,put,2026-08-13,224.08999633789062,190.0,2026-09-11,0.03707000017166138,0.00018390804,0.12500875,1.14,0.0,0.0,0.0,424.0,0.0,yahoo,0.450827917517033,True
NVDA,american,NVDA260911P00195000,put,2026-08-13,224.08999633789062,195.0,2026-09-11,0.03707000017166138,0.00018390804,0.12500875,1.55,0.0,0.0,0.0,236.0,0.0,yahoo,0.4336090405506875,True
NVDA,american,NVDA260911P00200000,put,2026-08-13,224.08999633789062,200.0,2026-09-11,0.03707000017166138,0.00018390804,0.062509375,2.2,0.0,0.0,0.0,645.0,0.0,yahoo,0.42349745963699137,True
NVDA,american,NVDA260911P00205000,put,2026-08-13,224.08999633789062,205.0,2026-09-11,0.03707000017166138,0.00018390804,0.062509375,3.3,0.0,0.0,0.0,254.0,0.0,yahoo,0.4267470151642485,True
NVDA,american,NVDA260911P00210000,put,2026-08-13,224.08999633789062,210.0,2026-09-11,0.03707000017166138,0.00018390804,0.062509375,4.3,0.0,0.0,0.0,765.0,0.0,yahoo,0.40889294666077913,True
NVDA,american,NVDA260911P00215000,put,2026-08-13,224.08999633789062,215.0,2026-09-11,0.03707000017166138,0.00018390804,0.0312596875,6.25,0.0,0.0,0.0,342.0,0.0,yahoo,0.42110126532688696,True
NVDA,american,NVDA260911P00220000,put,2026-08-13,224.08999633789062,220.0,2026-09-11,0.03707000017166138,0.00018390804,0.015634843750000002,8.16,0.0,0.0,0.0,283.0,0.0,yahoo,0.4142386175817912,True
NVDA,american,NVDA260911P00225000,put,2026-08-13,224.08999633789062,225.0,2026-09-11,0.03707000017166138,0.00018390804,1.0000000000000003e-05,10.7,0.0,0.0,0.0,218.0,0.0,yahoo,0.4177329669595169,True
NVDA,american,NVDA260911P00230000,put,2026-08-13,224.08999633789062,230.0,2026-09-11,0.03707000017166138,0.00018390804,1.0000000000000003e-05,13.19,0.0,0.0,0.0,71.0,0.0,yahoo,0.4041049310985222,True
NVDA,american,NVDA260911P00235000,put,2026-08-13,224.08999633789062,235.0,2026-09-11,0.03707000017166138,0.00018390804,1.0000000000000003e-05,17.1,0.0,0.0,0.0,68.0,0.0,yahoo,0.43381711240944665,True
NVDA,american,NVDA260911P00240000,put,2026-08-13,224.08999633789062,240.0,2026-09-11,0.03707000017166138,0.00018390804,1.0000000000000003e-05,20.05,0.0,0.0,0.0,49.0,0.0,yahoo,0.4093726247604973,True
NVDA,american,NVDA260911P00245000,put,2026-08-13,224.08999633789062,245.0,2026-09-11,0.03707000017166138,0.00018390804,1.0000000000000003e-05,23.69,0.0,0.0,0.0,37.0,0.0,yahoo,0.39954973838207597,True
NVDA,american,NVDA260911P00260000,put,2026-08-13,224.08999633789062,260.0,2026-09-11,0.03707000017166138,0.00018390804,1.0000000000000003e-05,42.2,0.0,0.0,0.0,60.0,0.0,yahoo,0.7281042231354736,True
NVDA,american,NVDA260911P00275000,put,2026-08-13,224.08999633789062,275.0,2026-09-11,0.03707000017166138,0.00018390804,1.0000000000000003e-05,51.7,0.0,0.0,0.0,21.0,0.0,yahoo,0.5093627502021979,True
NVDA,american,NVDA260918C00140000,call,2026-08-13,224.08999633789062,140.0,2026-09-18,0.03707000017166138,0.00018390804,1.0000000000000003e-05,84.62,0.0,0.0,0.0,6.0,0.0,yahoo,0.5409034092619452,True
NVDA,american,NVDA260918C00155000,call,2026-08-13,224.08999633789062,155.0,2026-09-18,0.03707000017166138,0.00018390804,1.0000000000000003e-05,69.71,0.0,0.0,0.0,21.0,0.0,yahoo,0.4772547818973686,True
NVDA,american,NVDA260918C00170000,call,2026-08-13,224.08999633789062,170.0,2026-09-18,0.03707000017166138,0.00018390804,1.0000000000000003e-05,55.0,0.0,0.0,0.0,70.0,0.0,yahoo,0.4633884253688356,True
NVDA,american,NVDA260918C00180000,call,2026-08-13,224.08999633789062,180.0,2026-09-18,0.03707000017166138,0.00018390804,1.0000000000000003e-05,44.86,0.0,0.0,0.0,239.0,0.0,yahoo,0.33010979423370085,True
NVDA,american,NVDA260918C00190000,call,2026-08-13,224.08999633789062,190.0,2026-09-18,0.03707000017166138,0.00018390804,1.0000000000000003e-05,36.0,0.0,0.0,0.0,303.0,0.0,yahoo,0.41369415029795487,True
NVDA,american,NVDA260918C00195000,call,2026-08-13,224.08999633789062,195.0,2026-09-18,0.03707000017166138,0.00018390804,1.0000000000000003e-05,31.8,0.0,0.0,0.0,168.0,0.0,yahoo,0.42317603318183317,True
NVDA,american,NVDA260918C00200000,call,2026-08-13,224.08999633789062,200.0,2026-09-18,0.03707000017166138,0.00018390804,1.0000000000000003e-05,27.7,0.0,0.0,0.0,1590.0,0.0,yahoo,0.42187104832179445,True
NVDA,american,NVDA260918C00205000,call,2026-08-13,224.08999633789062,205.0,2026-09-18,0.03707000017166138,0.00018390804,1.0000000000000003e-05,23.6,0.0,0.0,0.0,833.0,0.0,yahoo,0.40821135664751484,True
NVDA,american,NVDA260918C00210000,call,2026-08-13,224.08999633789062,210.0,2026-09-18,0.03707000017166138,0.00018390804,1.0000000000000003e-05,20.0,0.0,0.0,0.0,3004.0,0.0,yahoo,0.40619284791675336,True
NVDA,american,NVDA260918C00215000,call,2026-08-13,224.08999633789062,215.0,2026-09-18,0.03707000017166138,0.00018390804,1.0000000000000003e-05,16.75,0.0,0.0,0.0,4031.0,0.0,yahoo,0.4053494990559964,True
NVDA,american,NVDA260918C00220000,call,2026-08-13,224.08999633789062,220.0,2026-09-18,0.03707000017166138,0.00018390804,1.0000000000000003e-05,13.7,0.0,0.0,0.0,4903.0,0.0,yahoo,0.39927200668083657,True
NVDA,american,NVDA260918C00225000,call,2026-08-13,224.08999633789062,225.0,2026-09-18,0.03707000017166138,0.00018390804,0.0039162109375,11.0,0.0,0.0,0.0,7725.0,0.0,yahoo,0.39345227895400614,True
NVDA,american,NVDA260918C00230000,call,2026-08-13,224.08999633789062,230.0,2026-09-18,0.03707000017166138,0.00018390804,0.015634843750000002,8.81,0.0,0.0,0.0,8181.0,0.0,yahoo,0.3933051461721448,True
NVDA,american,NVDA260918C00235000,call,2026-08-13,224.08999633789062,235.0,2026-09-18,0.03707000017166138,0.00018390804,0.0312596875,6.85,0.0,0.0,0.0,6446.0,0.0,yahoo,0.3891090360491776,True
NVDA,american,NVDA260918C00240000,call,2026-08-13,224.08999633789062,240.0,2026-09-18,0.03707000017166138,0.00018390804,0.062509375,5.33,0.0,0.0,0.0,11531.0,0.0,yahoo,0.3894274847470762,True
NVDA,american,NVDA260918C00245000,call,2026-08-13,224.08999633789062,245.0,2026-09-18,0.03707000017166138,0.00018390804,0.062509375,4.05,0.0,0.0,0.0,10202.0,0.0,yahoo,0.38790495532655134,True
NVDA,american,NVDA260918C00250000,call,2026-08-13,224.08999633789062,250.0,2026-09-18,0.03707000017166138,0.00018390804,0.062509375,3.05,0.0,0.0,0.0,7746.0,0.0,yahoo,0.3876350862637251,True
NVDA,american,NVDA260918C00255000,call,2026-08-13,224.08999633789062,255.0,2026-09-18,0.03707000017166138,0.00018390804,0.062509375,2.35,0.0,0.0,0.0,1721.0,0.0,yahoo,0.3918256873753665,True
NVDA,american,NVDA260918C00260000,call,2026-08-13,224.08999633789062,260.0,2026-09-18,0.03707000017166138,0.00018390804,0.12500875,1.75,0.0,0.0,0.0,1576.0,0.0,yahoo,0.3926257818234173,True
NVDA,american,NVDA260918C00265000,call,2026-08-13,224.08999633789062,265.0,2026-09-18,0.03707000017166138,0.00018390804,0.12500875,1.29,0.0,0.0,0.0,675.0,0.0,yahoo,0.3936974736537178,True
NVDA,american,NVDA260918C00270000,call,2026-08-13,224.08999633789062,270.0,2026-09-18,0.03707000017166138,0.00018390804,0.12500875,1.0,0.0,0.0,0.0,712.0,0.0,yahoo,0.399949471101287,True
NVDA,american,NVDA260918C00275000,call,2026-08-13,224.08999633789062,275.0,2026-09-18,0.03707000017166138,0.00018390804,0.12500875,0.71,0.0,0.0,0.0,1381.0,0.0,yahoo,0.39876584882983784,True
NVDA,american,NVDA260918C00280000,call,2026-08-13,224.08999633789062,280.0,2026-09-18,0.03707000017166138,0.00018390804,0.12500875,0.64,0.0,0.0,0.0,1141.0,0.0,yahoo,0.4176217293041231,True
NVDA,american,NVDA260918C00285000,call,2026-08-13,224.08999633789062,285.0,2026-09-18,0.03707000017166138,0.00018390804,0.12500875,0.44,0.0,0.0,0.0,361.0,0.0,yahoo,0.4135993985525168,True
NVDA,american,NVDA260918C00290000,call,2026-08-13,224.08999633789062,290.0,2026-09-18,0.03707000017166138,0.00018390804,0.12500875,0.4,0.0,0.0,0.0,394.0,0.0,yahoo,0.4306836524055025,True
NVDA,american,NVDA260918C00295000,call,2026-08-13,224.08999633789062,295.0,2026-09-18,0.03707000017166138,0.00018390804,0.12500875,0.33,0.0,0.0,0.0,118.0,0.0,yahoo,0.43988426784160184,True
NVDA,american,NVDA260918C00300000,call,2026-08-13,224.08999633789062,300.0,2026-09-18,0.03707000017166138,0.00018390804,0.2500075,0.28,0.0,0.0,0.0,3307.0,0.0,yahoo,0.4506370345212329,True
NVDA,american,NVDA260918C00310000,call,2026-08-13,224.08999633789062,310.0,2026-09-18,0.03707000017166138,0.00018390804,0.2500075,0.19,0.0,0.0,0.0,74.0,0.0,yahoo,0.46573407252973115,True
NVDA,american,NVDA260918P00135000,put,2026-08-13,224.08999633789062,135.0,2026-09-18,0.03707000017166138,0.00018390804,0.2500075,0.18,0.0,0.0,0.0,28.0,0.0,yahoo,0.7305045384094221,True
NVDA,american,NVDA260918P00140000,put,2026-08-13,224.08999633789062,140.0,2026-09-18,0.03707000017166138,0.00018390804,0.2500075,0.21,0.0,0.0,0.0,4899.0,0.0,yahoo,0.6988448624187106,True
NVDA,american,NVDA260918P00145000,put,2026-08-13,224.08999633789062,145.0,2026-09-18,0.03707000017166138,0.00018390804,0.2500075,0.22,0.0,0.0,0.0,137.0,0.0,yahoo,0.6563548168970799,True
NVDA,american,NVDA260918P00150000,put,2026-08-13,224.08999633789062,150.0,2026-09-18,0.03707000017166138,0.00018390804,0.2500075,0.27,0.0,0.0,0.0,97.0,0.0,yahoo,0.6301843450117429,True
NVDA,american,NVDA260918P00155000,put,2026-08-13,224.08999633789062,155.0,2026-09-18,0.03707000017166138,0.00018390804,0.2500075,0.31,0.0,0.0,0.0,5741.0,0.0,yahoo,0.5983560830998287,True
NVDA,american,NVDA260918P00160000,put,2026-08-13,224.08999633789062,160.0,2026-09-18,0.03707000017166138,0.00018390804,0.2500075,0.37,0.0,0.0,0.0,216.0,0.0,yahoo,0.5702012840807299,True
NVDA,american,NVDA260918P00165000,put,2026-08-13,224.08999633789062,165.0,2026-09-18,0.03707000017166138,0.00018390804,0.2500075,0.43,0.0,0.0,0.0,2927.0,0.0,yahoo,0.5392811682318916,True
NVDA,american,NVDA260918P00170000,put,2026-08-13,224.08999633789062,170.0,2026-09-18,0.03707000017166138,0.00018390804,0.12500875,0.52,0.0,0.0,0.0,5463.0,0.0,yahoo,0.512526944673281,True
NVDA,american,NVDA260918P00175000,put,2026-08-13,224.08999633789062,175.0,2026-09-18,0.03707000017166138,0.00018390804,0.12500875,0.67,0.0,0.0,0.0,691.0,0.0,yahoo,0.49210540301785827,True
NVDA,american,NVDA260918P00180000,put,2026-08-13,224.08999633789062,180.0,2026-09-18,0.03707000017166138,0.00018390804,0.12500875,0.86,0.0,0.0,0.0,2327.0,0.0,yahoo,0.4711867340632096,True
NVDA,american,NVDA260918P00185000,put,2026-08-13,224.08999633789062,185.0,2026-09-18,0.03707000017166138,0.00018390804,0.12500875,1.1,0.0,0.0,0.0,1100.0,0.0,yahoo,0.4505403232106783,True
NVDA,american,NVDA260918P00190000,put,2026-08-13,224.08999633789062,190.0,2026-09-18,0.03707000017166138,0.00018390804,0.12500875,1.51,0.0,0.0,0.0,982.0,0.0,yahoo,0.4380850348523856,True
NVDA,american,NVDA260918P00195000,put,2026-08-13,224.08999633789062,195.0,2026-09-18,0.03707000017166138,0.00018390804,0.12500875,2.05,0.0,0.0,0.0,1058.0,0.0,yahoo,0.42595865373804587,True
NVDA,american,NVDA260918P00200000,put,2026-08-13,224.08999633789062,200.0,2026-09-18,0.03707000017166138,0.00018390804,0.062509375,2.78,0.0,0.0,0.0,3140.0,0.0,yahoo,0.4155761203721206,True
NVDA,american,NVDA260918P00205000,put,2026-08-13,224.08999633789062,205.0,2026-09-18,0.03707000017166138,0.00018390804,0.062509375,3.92,0.0,0.0,0.0,1889.0,0.0,yahoo,0.4149173396347661,True
NVDA,american,NVDA260918P00210000,put,2026-08-13,224.08999633789062,210.0,2026-09-18,0.03707000017166138,0.00018390804,0.062509375,5.1,0.0,0.0,0.0,1333.0,0.0,yahoo,0.40334704646561814,True
NVDA,american,NVDA260918P00215000,put,2026-08-13,224.08999633789062,215.0,2026-09-18,0.03707000017166138,0.00018390804,0.0312596875,6.92,0.0,0.0,0.0,911.0,0.0,yahoo,0.4058200068723749,True
NVDA,american,NVDA260918P00220000,put,2026-08-13,224.08999633789062,220.0,2026-09-18,0.03707000017166138,0.00018390804,0.015634843750000002,8.8,0.0,0.0,0.0,3020.0,0.0,yahoo,0.3974048672907478,True
NVDA,american,NVDA260918P00225000,put,2026-08-13,224.08999633789062,225.0,2026-09-18,0.03707000017166138,0.00018390804,1.0000000000000003e-05,11.2,0.0,0.0,0.0,1579.0,0.0,yahoo,0.39530397593290995,True
NVDA,american,NVDA260918P00230000,put,2026-08-13,224.08999633789062,230.0,2026-09-18,0.03707000017166138,0.00018390804,1.0000000000000003e-05,14.0,0.0,0.0,0.0,221.0,0.0,yahoo,0.394765922720372,True
NVDA,american,NVDA260918P00235000,put,2026-08-13,224.08999633789062,235.0,2026-09-18,0.03707000017166138,0.00018390804,1.0000000000000003e-05,17.55,0.0,0.0,0.0,69.0,0.0,yahoo,0.4095784748969182,True
NVDA,american,NVDA260918P00240000,put,2026-08-13,224.08999633789062,240.0,2026-09-18,0.03707000017166138,0.00018390804,1.0000000000000003e-05,20.47,0.0,0.0,0.0,44.0,0.0,yahoo,0.3882724613491062,True
NVDA,american,NVDA260918P00245000,put,2026-08-13,224.08999633789062,245.0,2026-09-18,0.03707000017166138,0.00018390804,1.0000000000000003e-05,25.3,0.0,0.0,0.0,18.0,0.0,yahoo,0.4338975913135743,True
NVDA,american,NVDA260918P00250000,put,2026-08-13,224.08999633789062,250.0,2026-09-18,0.03707000017166138,0.00018390804,1.0000000000000003e-05,28.3,0.0,0.0,0.0,53.0,0.0,yahoo,0.38958210345485117,True
NVDA,american,NVDA260918P00255000,put,2026-08-13,224.08999633789062,255.0,2026-09-18,0.03707000017166138,0.00018390804,1.0000000000000003e-05,33.52,0.0,0.0,0.0,11.0,0.0,yahoo,0.4431741278116391,True
NVDA,american,NVDA260918P00260000,put,2026-08-13,224.08999633789062,260.0,2026-09-18,0.03707000017166138,0.00018390804,1.0000000000000003e-05,37.24,0.0,0.0,0.0,8.0,0.0,yahoo,0.4077299390754372,True
NVDA,american,NVDA260918P00265000,put,2026-08-13,224.08999633789062,265.0,2026-09-18,0.03707000017166138,0.00018390804,1.0000000000000003e-05,47.3,0.0,0.0,0.0,20.0,0.0,yahoo,0.7060452436485041,True
NVDA,american,NVDA260918P00270000,put,2026-08-13,224.08999633789062,270.0,2026-09-18,0.03707000017166138,0.00018390804,1.0000000000000003e-05,46.22,0.0,0.0,0.0,12.0,0.0,yahoo,0.3821087791616902,True
NVDA,american,NVDA260918P00280000,put,2026-08-13,224.08999633789062,280.0,2026-09-18,0.03707000017166138,0.00018390804,1.0000000000000003e-05,56.93,0.0,0.0,0.0,12.0,0.0,yahoo,0.5165868915512131,True
NVDA,american,NVDA260918P00290000,put,2026-08-13,224.08999633789062,290.0,2026-09-18,0.03707000017166138,0.00018390804,1.0000000000000003e-05,67.39,0.0,0.0,0.0,30.0,0.0,yahoo,0.6158492083115473,True
NVDA,american,NVDA260918P00295000,put,2026-08-13,224.08999633789062,295.0,2026-09-18,0.03707000017166138,0.00018390804,1.2473182165527343,85.525,84.4,86.65,2.25,77.0,77.0,yahoo,1.2918454125840377,True
NVDA,american,NVDA260918P00310000,put,2026-08-13,224.08999633789062,310.0,2026-09-18,0.03707000017166138,0.00018390804,1.0000000000000003e-05,85.25,0.0,0.0,0.0,20.0,0.0,yahoo,,False
NVDA,american,NVDA260925C00190000,call,2026-08-13,224.08999633789062,190.0,2026-09-25,0.03707000017166138,0.00018390804,1.0000000000000003e-05,36.79,0.0,0.0,0.0,6.0,0.0,yahoo,0.4287654492536665,True
NVDA,american,NVDA260925C00200000,call,2026-08-13,224.08999633789062,200.0,2026-09-25,0.03707000017166138,0.00018390804,1.0000000000000003e-05,28.31,0.0,0.0,0.0,120.0,0.0,yahoo,0.4114408686517141,True
NVDA,american,NVDA260925C00205000,call,2026-08-13,224.08999633789062,205.0,2026-09-25,0.03707000017166138,0.00018390804,1.0000000000000003e-05,22.95,0.0,0.0,0.0,10.0,0.0,yahoo,0.3387130498877305,True
NVDA,american,NVDA260925C00210000,call,2026-08-13,224.08999633789062,210.0,2026-09-25,0.03707000017166138,0.00018390804,1.0000000000000003e-05,20.67,0.0,0.0,0.0,24.0,0.0,yahoo,0.39373574035607845,True
NVDA,american,NVDA260925C00215000,call,2026-08-13,224.08999633789062,215.0,2026-09-25,0.03707000017166138,0.00018390804,1.0000000000000003e-05,17.0,0.0,0.0,0.0,229.0,0.0,yahoo,0.3764569335408854,True
NVDA,american,NVDA260925C00220000,call,2026-08-13,224.08999633789062,220.0,2026-09-25,0.03707000017166138,0.00018390804,1.0000000000000003e-05,14.59,0.0,0.0,0.0,225.0,0.0,yahoo,0.392304869203453,True
NVDA,american,NVDA260925C00225000,call,2026-08-13,224.08999633789062,225.0,2026-09-25,0.03707000017166138,0.00018390804,0.0039162109375,12.0,0.0,0.0,0.0,694.0,0.0,yahoo,0.3902094685269893,True
NVDA,american,NVDA260925C00230000,call,2026-08-13,224.08999633789062,230.0,2026-09-25,0.03707000017166138,0.00018390804,0.015634843750000002,9.8,0.0,0.0,0.0,357.0,0.0,yahoo,0.3902835254210002,True
NVDA,american,NVDA260925C00235000,call,2026-08-13,224.08999633789062,235.0,2026-09-25,0.03707000017166138,0.00018390804,0.0312596875,7.75,0.0,0.0,0.0,316.0,0.0,yahoo,0.38491214586747813,True
NVDA,american,NVDA260925C00240000,call,2026-08-13,224.08999633789062,240.0,2026-09-25,0.03707000017166138,0.00018390804,0.0312596875,6.1,0.0,0.0,0.0,328.0,0.0,yahoo,0.3824097158286301,True
NVDA,american,NVDA260925C00245000,call,2026-08-13,224.08999633789062,245.0,2026-09-25,0.03707000017166138,0.00018390804,0.062509375,4.9,0.0,0.0,0.0,170.0,0.0,yahoo,0.3865024742816775,True
NVDA,american,NVDA260925C00250000,call,2026-08-13,224.08999633789062,250.0,2026-09-25,0.03707000017166138,0.00018390804,0.062509375,3.69,0.0,0.0,0.0,1845.0,0.0,yahoo,0.3810906616338639,True
NVDA,american,NVDA260925C00255000,call,2026-08-13,224.08999633789062,255.0,2026-09-25,0.03707000017166138,0.00018390804,0.062509375,2.94,0.0,0.0,0.0,1496.0,0.0,yahoo,0.38657987662104437,True
NVDA,american,NVDA260925C00260000,call,2026-08-13,224.08999633789062,260.0,2026-09-25,0.03707000017166138,0.00018390804,0.12500875,2.3,0.0,0.0,0.0,259.0,0.0,yahoo,0.3895017423589439,True
NVDA,american,NVDA260925C00265000,call,2026-08-13,224.08999633789062,265.0,2026-09-25,0.03707000017166138,0.00018390804,0.12500875,1.75,0.0,0.0,0.0,391.0,0.0,yahoo,0.39035279181053706,True
NVDA,american,NVDA260925C00270000,call,2026-08-13,224.08999633789062,270.0,2026-09-25,0.03707000017166138,0.00018390804,0.12500875,1.36,0.0,0.0,0.0,233.0,0.0,yahoo,0.39343084383920884,True
NVDA,american,NVDA260925C00275000,call,2026-08-13,224.08999633789062,275.0,2026-09-25,0.03707000017166138,0.00018390804,0.12500875,1.06,0.0,0.0,0.0,19.0,0.0,yahoo,0.3974395564128255,True
NVDA,american,NVDA260925C00280000,call,2026-08-13,224.08999633789062,280.0,2026-09-25,0.03707000017166138,0.00018390804,0.12500875,0.84,0.0,0.0,0.0,102.0,0.0,yahoo,0.4030873705922111,True
NVDA,american,NVDA260925C00285000,call,2026-08-13,224.08999633789062,285.0,2026-09-25,0.03707000017166138,0.00018390804,0.12500875,0.71,0.0,0.0,0.0,82.0,0.0,yahoo,0.4134015169816792,True
NVDA,american,NVDA260925C00290000,call,2026-08-13,224.08999633789062,290.0,2026-09-25,0.03707000017166138,0.00018390804,0.12500875,0.55,0.0,0.0,0.0,8.0,0.0,yahoo,0.4161314811550503,True
NVDA,american,NVDA260925C00300000,call,2026-08-13,224.08999633789062,300.0,2026-09-25,0.03707000017166138,0.00018390804,0.12500875,0.42,0.0,0.0,0.0,115.0,0.0,yahoo,0.4387690646769211,True
NVDA,american,NVDA260925P00140000,put,2026-08-13,224.08999633789062,140.0,2026-09-25,0.03707000017166138,0.00018390804,0.2500075,0.24,0.0,0.0,0.0,11.0,0.0,yahoo,0.6520608235177874,True
NVDA,american,NVDA260925P00145000,put,2026-08-13,224.08999633789062,145.0,2026-09-25,0.03707000017166138,0.00018390804,0.2500075,0.28,0.0,0.0,0.0,11.0,0.0,yahoo,0.6233155516059635,True
NVDA,american,NVDA260925P00160000,put,2026-08-13,224.08999633789062,160.0,2026-09-25,0.03707000017166138,0.00018390804,0.2500075,0.44,0.0,0.0,0.0,8.0,0.0,yahoo,0.5379313090991585,True
NVDA,american,NVDA260925P00165000,put,2026-08-13,224.08999633789062,165.0,2026-09-25,0.03707000017166138,0.00018390804,0.2500075,0.54,0.0,0.0,0.0,42.0,0.0,yahoo,0.5151163760027285,True
NVDA,american,NVDA260925P00170000,put,2026-08-13,224.08999633789062,170.0,2026-09-25,0.03707000017166138,0.00018390804,0.12500875,0.68,0.0,0.0,0.0,16.0,0.0,yahoo,0.49517970603600303,True
NVDA,american,NVDA260925P00175000,put,2026-08-13,224.08999633789062,175.0,2026-09-25,0.03707000017166138,0.00018390804,0.12500875,0.82,0.0,0.0,0.0,70.0,0.0,yahoo,0.4709594887887473,True
NVDA,american,NVDA260925P00180000,put,2026-08-13,224.08999633789062,180.0,2026-09-25,0.03707000017166138,0.00018390804,0.12500875,1.1,0.0,0.0,0.0,66.0,0.0,yahoo,0.4576828372548522,True
NVDA,american,NVDA260925P00185000,put,2026-08-13,224.08999633789062,185.0,2026-09-25,0.03707000017166138,0.00018390804,0.12500875,1.42,0.0,0.0,0.0,72.0,0.0,yahoo,0.4414582161373087,True
NVDA,american,NVDA260925P00190000,put,2026-08-13,224.08999633789062,190.0,2026-09-25,0.03707000017166138,0.00018390804,0.12500875,1.97,0.0,0.0,0.0,356.0,0.0,yahoo,0.43473604369214197,True
NVDA,american,NVDA260925P00195000,put,2026-08-13,224.08999633789062,195.0,2026-09-25,0.03707000017166138,0.00018390804,0.062509375,2.69,0.0,0.0,0.0,426.0,0.0,yahoo,0.42865738634343736,True
NVDA,american,NVDA260925P00200000,put,2026-08-13,224.08999633789062,200.0,2026-09-25,0.03707000017166138,0.00018390804,0.062509375,3.4,0.0,0.0,0.0,326.0,0.0,yahoo,0.41305139139173885,True
NVDA,american,NVDA260925P00205000,put,2026-08-13,224.08999633789062,205.0,2026-09-25,0.03707000017166138,0.00018390804,0.062509375,4.75,0.0,0.0,0.0,162.0,0.0,yahoo,0.4171939132471527,True
NVDA,american,NVDA260925P00210000,put,2026-08-13,224.08999633789062,210.0,2026-09-25,0.03707000017166138,0.00018390804,0.0312596875,6.25,0.0,0.0,0.0,513.0,0.0,yahoo,0.41517643580038094,True
NVDA,american,NVDA260925P00215000,put,2026-08-13,224.08999633789062,215.0,2026-09-25,0.03707000017166138,0.00018390804,0.0312596875,7.7,0.0,0.0,0.0,113.0,0.0,yahoo,0.400769485275295,True
NVDA,american,NVDA260925P00220000,put,2026-08-13,224.08999633789062,220.0,2026-09-25,0.03707000017166138,0.00018390804,0.015634843750000002,10.15,0.0,0.0,0.0,110.0,0.0,yahoo,0.4108445585589596,True
NVDA,american,NVDA260925P00225000,put,2026-08-13,224.08999633789062,225.0,2026-09-25,0.03707000017166138,0.00018390804,1.0000000000000003e-05,12.7,0.0,0.0,0.0,207.0,0.0,yahoo,0.41303577681751824,True
NVDA,american,NVDA260925P00230000,put,2026-08-13,224.08999633789062,230.0,2026-09-25,0.03707000017166138,0.00018390804,1.0000000000000003e-05,15.5,0.0,0.0,0.0,409.0,0.0,yahoo,0.41331243221253405,True
NVDA,american,NVDA260925P00235000,put,2026-08-13,224.08999633789062,235.0,2026-09-25,0.03707000017166138,0.00018390804,1.0000000000000003e-05,20.0,0.0,0.0,0.0,20.0,0.0,yahoo,0.459918429656726,True
NVDA,american,NVDA260925P00240000,put,2026-08-13,224.08999633789062,240.0,2026-09-25,0.03707000017166138,0.00018390804,1.0000000000000003e-05,23.52,0.0,0.0,0.0,20.0,0.0,yahoo,0.46686121037332734,True
NVDA,american,NVDA260925P00245000,put,2026-08-13,224.08999633789062,245.0,2026-09-25,0.03707000017166138,0.00018390804,1.0000000000000003e-05,25.49,0.0,0.0,0.0,5.0,0.0,yahoo,0.4081090273378084,True
NVDA,american,NVDA260925P00250000,put,2026-08-13,224.08999633789062,250.0,2026-09-25,0.03707000017166138,0.00018390804,1.0000000000000003e-05,28.91,0.0,0.0,0.0,7.0,0.0,yahoo,0.3879833960946265,True
NVDA,american,NVDA260925P00260000,put,2026-08-13,224.08999633789062,260.0,2026-09-25,0.03707000017166138,0.00018390804,1.0000000000000003e-05,38.35,0.0,0.0,0.0,32.0,0.0,yahoo,0.4394884545931608,True
NVDA,american,NVDA261016C00160000,call,2026-08-13,224.08999633789062,160.0,2026-10-16,0.03707000017166138,0.00018390804,1.0000000000000003e-05,65.49,0.0,0.0,0.0,130.0,0.0,yahoo,0.430800348528743,True
NVDA,american,NVDA261016C00165000,call,2026-08-13,224.08999633789062,165.0,2026-10-16,0.03707000017166138,0.00018390804,1.0000000000000003e-05,60.98,0.0,0.0,0.0,132.0,0.0,yahoo,0.46209475007423195,True
NVDA,american,NVDA261016C00170000,call,2026-08-13,224.08999633789062,170.0,2026-10-16,0.03707000017166138,0.00018390804,1.0000000000000003e-05,56.13,0.0,0.0,0.0,167.0,0.0,yahoo,0.4379347757324366,True
NVDA,american,NVDA261016C00175000,call,2026-08-13,224.08999633789062,175.0,2026-10-16,0.03707000017166138,0.00018390804,1.0000000000000003e-05,50.87,0.0,0.0,0.0,135.0,0.0,yahoo,0.37066540459933034,True
NVDA,american,NVDA261016C00180000,call,2026-08-13,224.08999633789062,180.0,2026-10-16,0.03707000017166138,0.00018390804,1.0000000000000003e-05,47.05,0.0,0.0,0.0,107.0,0.0,yahoo,0.4294416042457346,True
NVDA,american,NVDA261016C00185000,call,2026-08-13,224.08999633789062,185.0,2026-10-16,0.03707000017166138,0.00018390804,1.0000000000000003e-05,41.33,0.0,0.0,0.0,13.0,0.0,yahoo,0.33790161998028634,True
NVDA,american,NVDA261016C00190000,call,2026-08-13,224.08999633789062,190.0,2026-10-16,0.03707000017166138,0.00018390804,1.0000000000000003e-05,36.85,0.0,0.0,0.0,171.0,0.0,yahoo,0.33466110780446556,True
NVDA,american,NVDA261016C00195000,call,2026-08-13,224.08999633789062,195.0,2026-10-16,0.03707000017166138,0.00018390804,1.0000000000000003e-05,33.44,0.0,0.0,0.0,61.0,0.0,yahoo,0.37387306483257665,True
NVDA,american,NVDA261016C00200000,call,2026-08-13,224.08999633789062,200.0,2026-10-16,0.03707000017166138,0.00018390804,1.0000000000000003e-05,30.5,0.0,0.0,0.0,244.0,0.0,yahoo,0.4082689345492914,True
NVDA,american,NVDA261016C00205000,call,2026-08-13,224.08999633789062,205.0,2026-10-16,0.03707000017166138,0.00018390804,1.0000000000000003e-05,26.84,0.0,0.0,0.0,637.0,0.0,yahoo,0.40360847284353596,True
NVDA,american,NVDA261016C00210000,call,2026-08-13,224.08999633789062,210.0,2026-10-16,0.03707000017166138,0.00018390804,1.0000000000000003e-05,23.46,0.0,0.0,0.0,1136.0,0.0,yahoo,0.4001171042635683,True
NVDA,american,NVDA261016C00215000,call,2026-08-13,224.08999633789062,215.0,2026-10-16,0.03707000017166138,0.00018390804,1.0000000000000003e-05,19.8,0.0,0.0,0.0,678.0,0.0,yahoo,0.3818439418091661,True
NVDA,american,NVDA261016C00220000,call,2026-08-13,224.08999633789062,220.0,2026-10-16,0.03707000017166138,0.00018390804,1.0000000000000003e-05,17.35,0.0,0.0,0.0,2583.0,0.0,yahoo,0.390602429193627,True
NVDA,american,NVDA261016C00225000,call,2026-08-13,224.08999633789062,225.0,2026-10-16,0.03707000017166138,0.00018390804,0.0039162109375,14.9,0.0,0.0,0.0,1512.0,0.0,yahoo,0.39156964037792275,True
NVDA,american,NVDA261016C00230000,call,2026-08-13,224.08999633789062,230.0,2026-10-16,0.03707000017166138,0.00018390804,0.015634843750000002,12.5,0.0,0.0,0.0,5114.0,0.0,yahoo,0.38677155709303596,True
NVDA,american,NVDA261016C00235000,call,2026-08-13,224.08999633789062,235.0,2026-10-16,0.03707000017166138,0.00018390804,0.0312596875,10.44,0.0,0.0,0.0,948.0,0.0,yahoo,0.3839504333062912,True
NVDA,american,NVDA261016C00240000,call,2026-08-13,224.08999633789062,240.0,2026-10-16,0.03707000017166138,0.00018390804,0.0312596875,8.75,0.0,0.0,0.0,1738.0,0.0,yahoo,0.38455011249230314,True
NVDA,american,NVDA261016C00245000,call,2026-08-13,224.08999633789062,245.0,2026-10-16,0.03707000017166138,0.00018390804,0.062509375,7.2,0.0,0.0,0.0,7822.0,0.0,yahoo,0.3825291337776928,True
NVDA,american,NVDA261016C00250000,call,2026-08-13,224.08999633789062,250.0,2026-10-16,0.03707000017166138,0.00018390804,0.062509375,5.9,0.0,0.0,0.0,3363.0,0.0,yahoo,0.3813900218502749,True
NVDA,american,NVDA261016C00255000,call,2026-08-13,224.08999633789062,255.0,2026-10-16,0.03707000017166138,0.00018390804,0.062509375,4.75,0.0,0.0,0.0,422.0,0.0,yahoo,0.3789866198400671,True
NVDA,american,NVDA261016C00260000,call,2026-08-13,224.08999633789062,260.0,2026-10-16,0.03707000017166138,0.00018390804,0.062509375,3.85,0.0,0.0,0.0,1686.0,0.0,yahoo,0.37861809502714566,True
NVDA,american,NVDA261016C00265000,call,2026-08-13,224.08999633789062,265.0,2026-10-16,0.03707000017166138,0.00018390804,0.062509375,3.15,0.0,0.0,0.0,191.0,0.0,yahoo,0.3806505859316793,True
NVDA,american,NVDA261016C00270000,call,2026-08-13,224.08999633789062,270.0,2026-10-16,0.03707000017166138,0.00018390804,0.12500875,2.54,0.0,0.0,0.0,411.0,0.0,yahoo,0.381443280570644,True
NVDA,american,NVDA261016C00275000,call,2026-08-13,224.08999633789062,275.0,2026-10-16,0.03707000017166138,0.00018390804,0.12500875,2.1,0.0,0.0,0.0,941.0,0.0,yahoo,0.38506339403573164,True
NVDA,american,NVDA261016C00280000,call,2026-08-13,224.08999633789062,280.0,2026-10-16,0.03707000017166138,0.00018390804,0.12500875,1.73,0.0,0.0,0.0,474.0,0.0,yahoo,0.3883527062102594,True
NVDA,american,NVDA261016C00285000,call,2026-08-13,224.08999633789062,285.0,2026-10-16,0.03707000017166138,0.00018390804,0.12500875,1.35,0.0,0.0,0.0,140.0,0.0,yahoo,0.3866388789948482,True
NVDA,american,NVDA261016C00290000,call,2026-08-13,224.08999633789062,290.0,2026-10-16,0.03707000017166138,0.00018390804,0.12500875,1.1,0.0,0.0,0.0,204.0,0.0,yahoo,0.3893440729580165,True
NVDA,american,NVDA261016C00295000,call,2026-08-13,224.08999633789062,295.0,2026-10-16,0.03707000017166138,0.00018390804,0.12500875,0.9,0.0,0.0,0.0,201.0,0.0,yahoo,0.39236887423725947,True
NVDA,american,NVDA261016C00300000,call,2026-08-13,224.08999633789062,300.0,2026-10-16,0.03707000017166138,0.00018390804,0.12500875,0.77,0.0,0.0,0.0,464.0,0.0,yahoo,0.39866604105392084,True
NVDA,american,NVDA261016C00310000,call,2026-08-13,224.08999633789062,310.0,2026-10-16,0.03707000017166138,0.00018390804,0.12500875,0.58,0.0,0.0,0.0,206.0,0.0,yahoo,0.4127388442896168,True
NVDA,american,NVDA261016P00135000,put,2026-08-13,224.08999633789062,135.0,2026-10-16,0.03707000017166138,0.00018390804,0.2500075,0.32,0.0,0.0,0.0,12.0,0.0,yahoo,0.5978350459114238,True
NVDA,american,NVDA261016P00140000,put,2026-08-13,224.08999633789062,140.0,2026-10-16,0.03707000017166138,0.00018390804,0.2500075,0.43,0.0,0.0,0.0,169.0,0.0,yahoo,0.5870022161748747,True
NVDA,american,NVDA261016P00145000,put,2026-08-13,224.08999633789062,145.0,2026-10-16,0.03707000017166138,0.00018390804,0.2500075,0.5,0.0,0.0,0.0,50.0,0.0,yahoo,0.5631811098499174,True
NVDA,american,NVDA261016P00150000,put,2026-08-13,224.08999633789062,150.0,2026-10-16,0.03707000017166138,0.00018390804,0.2500075,0.6,0.0,0.0,0.0,168.0,0.0,yahoo,0.5429563718490019,True
NVDA,american,NVDA261016P00155000,put,2026-08-13,224.08999633789062,155.0,2026-10-16,0.03707000017166138,0.00018390804,0.12500875,0.65,0.0,0.0,0.0,90.0,0.0,yahoo,0.5131250838022876,True
NVDA,american,NVDA261016P00160000,put,2026-08-13,224.08999633789062,160.0,2026-10-16,0.03707000017166138,0.00018390804,0.12500875,0.78,0.0,0.0,0.0,207.0,0.0,yahoo,0.4933444705048953,True
NVDA,american,NVDA261016P00165000,put,2026-08-13,224.08999633789062,165.0,2026-10-16,0.03707000017166138,0.00018390804,0.12500875,0.95,0.0,0.0,0.0,202.0,0.0,yahoo,0.475470968849542,True
NVDA,american,NVDA261016P00170000,put,2026-08-13,224.08999633789062,170.0,2026-10-16,0.03707000017166138,0.00018390804,0.12500875,1.2,0.0,0.0,0.0,4830.0,0.0,yahoo,0.4619641245839129,True
NVDA,american,NVDA261016P00175000,put,2026-08-13,224.08999633789062,175.0,2026-10-16,0.03707000017166138,0.00018390804,0.12500875,1.5,0.0,0.0,0.0,241.0,0.0,yahoo,0.44747743607020785,True
NVDA,american,NVDA261016P00180000,put,2026-08-13,224.08999633789062,180.0,2026-10-16,0.03707000017166138,0.00018390804,0.12500875,1.89,0.0,0.0,0.0,1631.0,0.0,yahoo,0.4347465638339212,True
NVDA,american,NVDA261016P00185000,put,2026-08-13,224.08999633789062,185.0,2026-10-16,0.03707000017166138,0.00018390804,0.12500875,2.39,0.0,0.0,0.0,376.0,0.0,yahoo,0.4236858331689001,True
NVDA,american,NVDA261016P00190000,put,2026-08-13,224.08999633789062,190.0,2026-10-16,0.03707000017166138,0.00018390804,0.062509375,3.1,0.0,0.0,0.0,832.0,0.0,yahoo,0.4167605864890064,True
NVDA,american,NVDA261016P00195000,put,2026-08-13,224.08999633789062,195.0,2026-10-16,0.03707000017166138,0.00018390804,0.062509375,4.0,0.0,0.0,0.0,629.0,0.0,yahoo,0.41179193888827714,True
NVDA,american,NVDA261016P00200000,put,2026-08-13,224.08999633789062,200.0,2026-10-16,0.03707000017166138,0.00018390804,0.062509375,5.1,0.0,0.0,0.0,1224.0,0.0,yahoo,0.40651381103727546,True
NVDA,american,NVDA261016P00205000,put,2026-08-13,224.08999633789062,205.0,2026-10-16,0.03707000017166138,0.00018390804,0.062509375,6.35,0.0,0.0,0.0,289.0,0.0,yahoo,0.39987194067127535,True
NVDA,american,NVDA261016P00210000,put,2026-08-13,224.08999633789062,210.0,2026-10-16,0.03707000017166138,0.00018390804,0.0312596875,8.05,0.0,0.0,0.0,2936.0,0.0,yahoo,0.3996689648481785,True
NVDA,american,NVDA261016P00215000,put,2026-08-13,224.08999633789062,215.0,2026-10-16,0.03707000017166138,0.00018390804,0.0312596875,9.98,0.0,0.0,0.0,301.0,0.0,yahoo,0.39867618148898976,True
NVDA,american,NVDA261016P00220000,put,2026-08-13,224.08999633789062,220.0,2026-10-16,0.03707000017166138,0.00018390804,0.007822421875,11.8,0.0,0.0,0.0,934.0,0.0,yahoo,0.3871857404411375,True
NVDA,american,NVDA261016P00225000,put,2026-08-13,224.08999633789062,225.0,2026-10-16,0.03707000017166138,0.00018390804,1.0000000000000003e-05,13.95,0.0,0.0,0.0,469.0,0.0,yahoo,0.37771024849503493,True
NVDA,american,NVDA261016P00230000,put,2026-08-13,224.08999633789062,230.0,2026-10-16,0.03707000017166138,0.00018390804,1.0000000000000003e-05,17.3,0.0,0.0,0.0,456.0,0.0,yahoo,0.3931263525270875,True
NVDA,american,NVDA261016P00235000,put,2026-08-13,224.08999633789062,235.0,2026-10-16,0.03707000017166138,0.00018390804,1.0000000000000003e-05,20.13,0.0,0.0,0.0,19.0,0.0,yahoo,0.38738616713176854,True
NVDA,american,NVDA261016P00240000,put,2026-08-13,224.08999633789062,240.0,2026-10-16,0.03707000017166138,0.00018390804,1.0000000000000003e-05,23.25,0.0,0.0,0.0,52.0,0.0,yahoo,0.38252163817783885,True
NVDA,american,NVDA261016P00245000,put,2026-08-13,224.08999633789062,245.0,2026-10-16,0.03707000017166138,0.00018390804,1.0000000000000003e-05,26.67,0.0,0.0,0.0,6.0,0.0,yahoo,0.378940510541161,True
NVDA,american,NVDA261016P00250000,put,2026-08-13,224.08999633789062,250.0,2026-10-16,0.03707000017166138,0.00018390804,1.0000000000000003e-05,31.09,0.0,0.0,0.0,21.0,0.0,yahoo,0.39983799892984095,True
NVDA,american,NVDA261016P00255000,put,2026-08-13,224.08999633789062,255.0,2026-10-16,0.03707000017166138,0.00018390804,1.0000000000000003e-05,34.75,0.0,0.0,0.0,5.0,0.0,yahoo,0.3913625479268709,True
NVDA,american,NVDA261016P00260000,put,2026-08-13,224.08999633789062,260.0,2026-10-16,0.03707000017166138,0.00018390804,1.0000000000000003e-05,44.6,0.0,0.0,0.0,7.0,0.0,yahoo,0.5809931010529478,True
NVDA,american,NVDA261016P00265000,put,2026-08-13,224.08999633789062,265.0,2026-10-16,0.03707000017166138,0.00018390804,1.0000000000000003e-05,47.65,0.0,0.0,0.0,5.0,0.0,yahoo,0.5550570535432546,True
NVDA,american,NVDA261016P00290000,put,2026-08-13,224.08999633789062,290.0,2026-10-16,0.03707000017166138,0.00018390804,1.0000000000000003e-05,81.4,0.0,0.0,0.0,20.0,0.0,yahoo,0.9807212437663864,True
NVDA,american,NVDA261016P00295000,put,2026-08-13,224.08999633789062,295.0,2026-10-16,0.03707000017166138,0.00018390804,1.0000000000000003e-05,84.3,0.0,0.0,0.0,75.0,0.0,yahoo,0.9473541162411543,True
NVDA,american,NVDA261016P00300000,put,2026-08-13,224.08999633789062,300.0,2026-10-16,0.03707000017166138,0.00018390804,1.0000000000000003e-05,76.96,0.0,0.0,0.0,18.0,0.0,yahoo,0.5008937050885774,True
NVDA,american,NVDA261016P00310000,put,2026-08-13,224.08999633789062,310.0,2026-10-16,0.03707000017166138,0.00018390804,1.0000000000000003e-05,87.0,0.0,0.0,0.0,22.0,0.0,yahoo,0.5455181483734993,True
NVDA,american,NVDA261120C00140000,call,2026-08-13,224.08999633789062,140.0,2026-11-20,0.03707000017166138,0.00018390804,1.0000000000000003e-05,86.16,0.0,0.0,0.0,102.0,0.0,yahoo,0.5143914556902283,True
NVDA,american,NVDA261120C00145000,call,2026-08-13,224.08999633789062,145.0,2026-11-20,0.03707000017166138,0.00018390804,1.0000000000000003e-05,81.87,0.0,0.0,0.0,97.0,0.0,yahoo,0.5523727520660572,True
NVDA,american,NVDA261120C00150000,call,2026-08-13,224.08999633789062,150.0,2026-11-20,0.03707000017166138,0.00018390804,1.0000000000000003e-05,76.53,0.0,0.0,0.0,112.0,0.0,yahoo,0.4808487790222788,True
NVDA,american,NVDA261120C00155000,call,2026-08-13,224.08999633789062,155.0,2026-11-20,0.03707000017166138,0.00018390804,1.0000000000000003e-05,71.85,0.0,0.0,0.0,112.0,0.0,yahoo,0.4728250893376618,True
NVDA,american,NVDA261120C00160000,call,2026-08-13,224.08999633789062,160.0,2026-11-20,0.03707000017166138,0.00018390804,1.0000000000000003e-05,67.5,0.0,0.0,0.0,100.0,0.0,yahoo,0.4839927424641036,True
NVDA,american,NVDA261120C00165000,call,2026-08-13,224.08999633789062,165.0,2026-11-20,0.03707000017166138,0.00018390804,1.0000000000000003e-05,62.43,0.0,0.0,0.0,102.0,0.0,yahoo,0.44187517492331,True
NVDA,american,NVDA261120C00170000,call,2026-08-13,224.08999633789062,170.0,2026-11-20,0.03707000017166138,0.00018390804,1.0000000000000003e-05,58.2,0.0,0.0,0.0,25.0,0.0,yahoo,0.4494509417580095,True
NVDA,american,NVDA261120C00175000,call,2026-08-13,224.08999633789062,175.0,2026-11-20,0.03707000017166138,0.00018390804,1.0000000000000003e-05,52.59,0.0,0.0,0.0,416.0,0.0,yahoo,0.37973328547743573,True
NVDA,american,NVDA261120C00180000,call,2026-08-13,224.08999633789062,180.0,2026-11-20,0.03707000017166138,0.00018390804,1.0000000000000003e-05,50.4,0.0,0.0,0.0,460.0,0.0,yahoo,0.46812451480604095,True
NVDA,american,NVDA261120C00185000,call,2026-08-13,224.08999633789062,185.0,2026-11-20,0.03707000017166138,0.00018390804,1.0000000000000003e-05,44.8,0.0,0.0,0.0,16.0,0.0,yahoo,0.40570622994922406,True
NVDA,american,NVDA261120C00190000,call,2026-08-13,224.08999633789062,190.0,2026-11-20,0.03707000017166138,0.00018390804,1.0000000000000003e-05,40.67,0.0,0.0,0.0,90.0,0.0,yahoo,0.3973890139002068,True
NVDA,american,NVDA261120C00195000,call,2026-08-13,224.08999633789062,195.0,2026-11-20,0.03707000017166138,0.00018390804,1.0000000000000003e-05,36.68,0.0,0.0,0.0,55.0,0.0,yahoo,0.3889567605684659,True
NVDA,american,NVDA261120C00200000,call,2026-08-13,224.08999633789062,200.0,2026-11-20,0.03707000017166138,0.00018390804,1.0000000000000003e-05,33.75,0.0,0.0,0.0,1170.0,0.0,yahoo,0.4061591355994157,True
NVDA,american,NVDA261120C00205000,call,2026-08-13,224.08999633789062,205.0,2026-11-20,0.03707000017166138,0.00018390804,1.0000000000000003e-05,30.48,0.0,0.0,0.0,78.0,0.0,yahoo,0.40613090578876565,True
NVDA,american,NVDA261120C00210000,call,2026-08-13,224.08999633789062,210.0,2026-11-20,0.03707000017166138,0.00018390804,1.0000000000000003e-05,26.63,0.0,0.0,0.0,188.0,0.0,yahoo,0.3873606635522977,True
NVDA,american,NVDA261120C00215000,call,2026-08-13,224.08999633789062,215.0,2026-11-20,0.03707000017166138,0.00018390804,1.0000000000000003e-05,24.34,0.0,0.0,0.0,270.0,0.0,yahoo,0.4011852726676612,True
NVDA,american,NVDA261120C00220000,call,2026-08-13,224.08999633789062,220.0,2026-11-20,0.03707000017166138,0.00018390804,1.0000000000000003e-05,21.95,0.0,0.0,0.0,523.0,0.0,yahoo,0.40705326971695743,True
NVDA,american,NVDA261120C00225000,call,2026-08-13,224.08999633789062,225.0,2026-11-20,0.03707000017166138,0.00018390804,0.00196310546875,19.29,0.0,0.0,0.0,671.0,0.0,yahoo,0.4017427853258464,True
NVDA,american,NVDA261120C00230000,call,2026-08-13,224.08999633789062,230.0,2026-11-20,0.03707000017166138,0.00018390804,0.015634843750000002,17.2,0.0,0.0,0.0,452.0,0.0,yahoo,0.40445767422173595,True
NVDA,american,NVDA261120C00235000,call,2026-08-13,224.08999633789062,235.0,2026-11-20,0.03707000017166138,0.00018390804,0.015634843750000002,15.11,0.0,0.0,0.0,166.0,0.0,yahoo,0.4029306501340963,True
NVDA,american,NVDA261120C00240000,call,2026-08-13,224.08999633789062,240.0,2026-11-20,0.03707000017166138,0.00018390804,0.0312596875,13.35,0.0,0.0,0.0,302.0,0.0,yahoo,0.4044384066260527,True
NVDA,american,NVDA261120C00245000,call,2026-08-13,224.08999633789062,245.0,2026-11-20,0.03707000017166138,0.00018390804,0.0312596875,11.0,0.0,0.0,0.0,1870.0,0.0,yahoo,0.38899766000282854,True
NVDA,american,NVDA261120C00250000,call,2026-08-13,224.08999633789062,250.0,2026-11-20,0.03707000017166138,0.00018390804,0.062509375,9.95,0.0,0.0,0.0,3470.0,0.0,yahoo,0.3983209774723867,True
NVDA,american,NVDA261120C00255000,call,2026-08-13,224.08999633789062,255.0,2026-11-20,0.03707000017166138,0.00018390804,0.062509375,7.9,0.0,0.0,0.0,146.0,0.0,yahoo,0.38019983824970316,True
NVDA,american,NVDA261120C00260000,call,2026-08-13,224.08999633789062,260.0,2026-11-20,0.03707000017166138,0.00018390804,0.062509375,7.1,0.0,0.0,0.0,752.0,0.0,yahoo,0.3885146578731605,True
NVDA,american,NVDA261120C00265000,call,2026-08-13,224.08999633789062,265.0,2026-11-20,0.03707000017166138,0.00018390804,0.062509375,6.22,0.0,0.0,0.0,508.0,0.0,yahoo,0.3918310673688573,True
NVDA,american,NVDA261120C00270000,call,2026-08-13,224.08999633789062,270.0,2026-11-20,0.03707000017166138,0.00018390804,0.062509375,5.5,0.0,0.0,0.0,832.0,0.0,yahoo,0.3966601648919985,True
NVDA,american,NVDA261120C00275000,call,2026-08-13,224.08999633789062,275.0,2026-11-20,0.03707000017166138,0.00018390804,0.062509375,4.75,0.0,0.0,0.0,191.0,0.0,yahoo,0.3977446875775469,True
NVDA,american,NVDA261120C00280000,call,2026-08-13,224.08999633789062,280.0,2026-11-20,0.03707000017166138,0.00018390804,0.062509375,4.0,0.0,0.0,0.0,526.0,0.0,yahoo,0.3955711053619037,True
NVDA,american,NVDA261120C00285000,call,2026-08-13,224.08999633789062,285.0,2026-11-20,0.03707000017166138,0.00018390804,0.12500875,3.35,0.0,0.0,0.0,315.0,0.0,yahoo,0.39338761708943776,True
NVDA,american,NVDA261120C00290000,call,2026-08-13,224.08999633789062,290.0,2026-11-20,0.03707000017166138,0.00018390804,0.12500875,3.03,0.0,0.0,0.0,232.0,0.0,yahoo,0.4005777345579201,True
NVDA,american,NVDA261120C00295000,call,2026-08-13,224.08999633789062,295.0,2026-11-20,0.03707000017166138,0.00018390804,0.12500875,2.52,0.0,0.0,0.0,148.0,0.0,yahoo,0.39811496708404287,True
NVDA,american,NVDA261120C00300000,call,2026-08-13,224.08999633789062,300.0,2026-11-20,0.03707000017166138,0.00018390804,0.12500875,2.25,0.0,0.0,0.0,778.0,0.0,yahoo,0.4032717444460805,True
NVDA,american,NVDA261120C00310000,call,2026-08-13,224.08999633789062,310.0,2026-11-20,0.03707000017166138,0.00018390804,0.12500875,1.59,0.0,0.0,0.0,115.0,0.0,yahoo,0.4017691552371455,True
NVDA,american,NVDA261120P00135000,put,2026-08-13,224.08999633789062,135.0,2026-11-20,0.03707000017166138,0.00018390804,0.2500075,0.71,0.0,0.0,0.0,38.0,0.0,yahoo,0.5519078552416771,True
NVDA,american,NVDA261120P00140000,put,2026-08-13,224.08999633789062,140.0,2026-11-20,0.03707000017166138,0.00018390804,0.2500075,0.84,0.0,0.0,0.0,46.0,0.0,yahoo,0.5348824996347464,True
NVDA,american,NVDA261120P00145000,put,2026-08-13,224.08999633789062,145.0,2026-11-20,0.03707000017166138,0.00018390804,0.12500875,0.94,0.0,0.0,0.0,77.0,0.0,yahoo,0.5123568774653071,True
NVDA,american,NVDA261120P00150000,put,2026-08-13,224.08999633789062,150.0,2026-11-20,0.03707000017166138,0.00018390804,0.12500875,1.13,0.0,0.0,0.0,198.0,0.0,yahoo,0.4977258919052011,True
NVDA,american,NVDA261120P00155000,put,2026-08-13,224.08999633789062,155.0,2026-11-20,0.03707000017166138,0.00018390804,0.12500875,1.33,0.0,0.0,0.0,65.0,0.0,yahoo,0.4814022226554218,True
NVDA,american,NVDA261120P00160000,put,2026-08-13,224.08999633789062,160.0,2026-11-20,0.03707000017166138,0.00018390804,0.12500875,1.67,0.0,0.0,0.0,273.0,0.0,yahoo,0.47299429451683495,True
NVDA,american,NVDA261120P00165000,put,2026-08-13,224.08999633789062,165.0,2026-11-20,0.03707000017166138,0.00018390804,0.12500875,2.05,0.0,0.0,0.0,93.0,0.0,yahoo,0.4629816211091535,True
NVDA,american,NVDA261120P00170000,put,2026-08-13,224.08999633789062,170.0,2026-11-20,0.03707000017166138,0.00018390804,0.12500875,2.5,0.0,0.0,0.0,1013.0,0.0,yahoo,0.4530849779000783,True
NVDA,american,NVDA261120P00175000,put,2026-08-13,224.08999633789062,175.0,2026-11-20,0.03707000017166138,0.00018390804,0.12500875,3.03,0.0,0.0,0.0,292.0,0.0,yahoo,0.44321180949553446,True
NVDA,american,NVDA261120P00180000,put,2026-08-13,224.08999633789062,180.0,2026-11-20,0.03707000017166138,0.00018390804,0.062509375,3.74,0.0,0.0,0.0,933.0,0.0,yahoo,0.43665050783808296,True
NVDA,american,NVDA261120P00185000,put,2026-08-13,224.08999633789062,185.0,2026-11-20,0.03707000017166138,0.00018390804,0.062509375,4.6,0.0,0.0,0.0,583.0,0.0,yahoo,0.43121949894231715,True
NVDA,american,NVDA261120P00190000,put,2026-08-13,224.08999633789062,190.0,2026-11-20,0.03707000017166138,0.00018390804,0.062509375,5.65,0.0,0.0,0.0,518.0,0.0,yahoo,0.4275356336490464,True
NVDA,american,NVDA261120P00195000,put,2026-08-13,224.08999633789062,195.0,2026-11-20,0.03707000017166138,0.00018390804,0.062509375,6.85,0.0,0.0,0.0,635.0,0.0,yahoo,0.4236302621820354,True
NVDA,american,NVDA261120P00200000,put,2026-08-13,224.08999633789062,200.0,2026-11-20,0.03707000017166138,0.00018390804,0.062509375,8.1,0.0,0.0,0.0,891.0,0.0,yahoo,0.4160408382957594,True
NVDA,american,NVDA261120P00205000,put,2026-08-13,224.08999633789062,205.0,2026-11-20,0.03707000017166138,0.00018390804,0.0312596875,10.0,0.0,0.0,0.0,117.0,0.0,yahoo,0.42054430661037323,True
NVDA,american,NVDA261120P00210000,put,2026-08-13,224.08999633789062,210.0,2026-11-20,0.03707000017166138,0.00018390804,0.0312596875,11.91,0.0,0.0,0.0,98.0,0.0,yahoo,0.4200044697814169,True
NVDA,american,NVDA261120P00215000,put,2026-08-13,224.08999633789062,215.0,2026-11-20,0.03707000017166138,0.00018390804,0.015634843750000002,13.96,0.0,0.0,0.0,347.0,0.0,yahoo,0.41798719829698316,True
NVDA,american,NVDA261120P00220000,put,2026-08-13,224.08999633789062,220.0,2026-11-20,0.03707000017166138,0.00018390804,0.007822421875,16.13,0.0,0.0,0.0,345.0,0.0,yahoo,0.4139871240318722,True
NVDA,american,NVDA261120P00225000,put,2026-08-13,224.08999633789062,225.0,2026-11-20,0.03707000017166138,0.00018390804,1.0000000000000003e-05,18.6,0.0,0.0,0.0,142.0,0.0,yahoo,0.4118084594876838,True
NVDA,american,NVDA261120P00230000,put,2026-08-13,224.08999633789062,230.0,2026-11-20,0.03707000017166138,0.00018390804,1.0000000000000003e-05,21.3,0.0,0.0,0.0,126.0,0.0,yahoo,0.4102388825800087,True
NVDA,american,NVDA261120P00245000,put,2026-08-13,224.08999633789062,245.0,2026-11-20,0.03707000017166138,0.00018390804,1.0000000000000003e-05,34.06,0.0,0.0,0.0,15.0,0.0,yahoo,0.48349235025277626,True
NVDA,american,NVDA261120P00260000,put,2026-08-13,224.08999633789062,260.0,2026-11-20,0.03707000017166138,0.00018390804,1.0000000000000003e-05,45.35,0.0,0.0,0.0,24.0,0.0,yahoo,0.49676308325958723,True
NVDA,american,NVDA261120P00265000,put,2026-08-13,224.08999633789062,265.0,2026-11-20,0.03707000017166138,0.00018390804,1.0000000000000003e-05,46.45,0.0,0.0,0.0,23.0,0.0,yahoo,0.42743986287636787,True
NVDA,american,NVDA261120P00270000,put,2026-08-13,224.08999633789062,270.0,2026-11-20,0.03707000017166138,0.00018390804,1.0000000000000003e-05,51.25,0.0,0.0,0.0,40.0,0.0,yahoo,0.44825139462109465,True
NVDA,american,NVDA261120P00275000,put,2026-08-13,224.08999633789062,275.0,2026-11-20,0.03707000017166138,0.00018390804,1.0000000000000003e-05,66.35,0.0,0.0,0.0,5.0,0.0,yahoo,0.7226699193984056,True
NVDA,american,NVDA261120P00280000,put,2026-08-13,224.08999633789062,280.0,2026-11-20,0.03707000017166138,0.00018390804,1.0000000000000003e-05,71.65,0.0,0.0,0.0,13.0,0.0,yahoo,0.7562271430558366,True
NVDA,american,NVDA261120P00285000,put,2026-08-13,224.08999633789062,285.0,2026-11-20,0.03707000017166138,0.00018390804,1.0000000000000003e-05,66.87,0.0,0.0,0.0,23.0,0.0,yahoo,0.5377005605990478,True
NVDA,american,NVDA261120P00310000,put,2026-08-13,224.08999633789062,310.0,2026-11-20,0.03707000017166138,0.00018390804,1.0000000000000003e-05,93.15,0.0,0.0,0.0,50.0,0.0,yahoo,0.6820482441163417,True
NVDA,american,NVDA261218C00135000,call,2026-08-13,224.08999633789062,135.0,2026-12-18,0.03707000017166138,0.00018390804,1.0000000000000003e-05,91.45,0.0,0.0,0.0,5.0,0.0,yahoo,0.48172568427734686,True
NVDA,american,NVDA261218C00152000,call,2026-08-13,224.08999633789062,152.0,2026-12-18,0.03707000017166138,0.00018390804,1.0000000000000003e-05,74.39,0.0,0.0,0.0,10.0,0.0,yahoo,0.3492540206368149,True
NVDA,american,NVDA261218C00158000,call,2026-08-13,224.08999633789062,158.0,2026-12-18,0.03707000017166138,0.00018390804,1.0000000000000003e-05,69.97,0.0,0.0,0.0,18.0,0.0,yahoo,0.4452350068391515,True
NVDA,american,NVDA261218C00160000,call,2026-08-13,224.08999633789062,160.0,2026-12-18,0.03707000017166138,0.00018390804,1.0000000000000003e-05,67.52,0.0,0.0,0.0,52.0,0.0,yahoo,0.4032032182509472,True
NVDA,american,NVDA261218C00164000,call,2026-08-13,224.08999633789062,164.0,2026-12-18,0.03707000017166138,0.00018390804,1.0000000000000003e-05,64.19,0.0,0.0,0.0,5.0,0.0,yahoo,0.41624176700544435,True
NVDA,american,NVDA261218C00165000,call,2026-08-13,224.08999633789062,165.0,2026-12-18,0.03707000017166138,0.00018390804,1.0000000000000003e-05,62.96,0.0,0.0,0.0,12.0,0.0,yahoo,0.396668191719542,True
NVDA,american,NVDA261218C00166000,call,2026-08-13,224.08999633789062,166.0,2026-12-18,0.03707000017166138,0.00018390804,1.0000000000000003e-05,62.6,0.0,0.0,0.0,5.0,0.0,yahoo,0.42344093805838523,True
NVDA,american,NVDA261218C00167000,call,2026-08-13,224.08999633789062,167.0,2026-12-18,0.03707000017166138,0.00018390804,1.0000000000000003e-05,61.53,0.0,0.0,0.0,9.0,0.0,yahoo,0.41313126624314206,True
NVDA,american,NVDA261218C00169000,call,2026-08-13,224.08999633789062,169.0,2026-12-18,0.03707000017166138,0.00018390804,1.0000000000000003e-05,59.65,0.0,0.0,0.0,20.0,0.0,yahoo,0.4054381252326396,True
NVDA,american,NVDA261218C00170000,call,2026-08-13,224.08999633789062,170.0,2026-12-18,0.03707000017166138,0.00018390804,1.0000000000000003e-05,59.2,0.0,0.0,0.0,52.0,0.0,yahoo,0.42322939064161796,True
NVDA,american,NVDA261218C00171000,call,2026-08-13,224.08999633789062,171.0,2026-12-18,0.03707000017166138,0.00018390804,1.0000000000000003e-05,59.2,0.0,0.0,0.0,23.0,0.0,yahoo,0.4567268106433614,True
NVDA,american,NVDA261218C00174000,call,2026-08-13,224.08999633789062,174.0,2026-12-18,0.03707000017166138,0.00018390804,1.0000000000000003e-05,55.55,0.0,0.0,0.0,26.0,0.0,yahoo,0.4098755978238427,True
NVDA,american,NVDA261218C00175000,call,2026-08-13,224.08999633789062,175.0,2026-12-18,0.03707000017166138,0.00018390804,1.0000000000000003e-05,54.13,0.0,0.0,0.0,27.0,0.0,yahoo,0.38601214320041527,True
NVDA,american,NVDA261218C00176000,call,2026-08-13,224.08999633789062,176.0,2026-12-18,0.03707000017166138,0.00018390804,1.0000000000000003e-05,55.2,0.0,0.0,0.0,78.0,0.0,yahoo,0.4561823396071703,True
NVDA,american,NVDA261218C00180000,call,2026-08-13,224.08999633789062,180.0,2026-12-18,0.03707000017166138,0.00018390804,1.0000000000000003e-05,51.16,0.0,0.0,0.0,59.0,0.0,yahoo,0.425089519582235,True
NVDA,american,NVDA261218C00182000,call,2026-08-13,224.08999633789062,182.0,2026-12-18,0.03707000017166138,0.00018390804,1.0000000000000003e-05,48.55,0.0,0.0,0.0,11.0,0.0,yahoo,0.39052559706410145,True
NVDA,american,NVDA261218C00184000,call,2026-08-13,224.08999633789062,184.0,2026-12-18,0.03707000017166138,0.00018390804,1.0000000000000003e-05,47.0,0.0,0.0,0.0,74.0,0.0,yahoo,0.39082959517005605,True
NVDA,american,NVDA261218C00185000,call,2026-08-13,224.08999633789062,185.0,2026-12-18,0.03707000017166138,0.00018390804,1.0000000000000003e-05,46.42,0.0,0.0,0.0,19.0,0.0,yahoo,0.39703526540507245,True
NVDA,american,NVDA261218C00190000,call,2026-08-13,224.08999633789062,190.0,2026-12-18,0.03707000017166138,0.00018390804,1.0000000000000003e-05,43.8,0.0,0.0,0.0,28.0,0.0,yahoo,0.4274288728245172,True
NVDA,american,NVDA261218C00191000,call,2026-08-13,224.08999633789062,191.0,2026-12-18,0.03707000017166138,0.00018390804,1.0000000000000003e-05,42.0,0.0,0.0,0.0,17.0,0.0,yahoo,0.3981039104924913,True
NVDA,american,NVDA261218C00193000,call,2026-08-13,224.08999633789062,193.0,2026-12-18,0.03707000017166138,0.00018390804,1.0000000000000003e-05,35.74,0.0,0.0,0.0,11.0,0.0,yahoo,0.25389861501225375,True
NVDA,american,NVDA261218C00194000,call,2026-08-13,224.08999633789062,194.0,2026-12-18,0.03707000017166138,0.00018390804,1.0000000000000003e-05,39.35,0.0,0.0,0.0,58.0,0.0,yahoo,0.3848947084288617,True
NVDA,american,NVDA261218C00195000,call,2026-08-13,224.08999633789062,195.0,2026-12-18,0.03707000017166138,0.00018390804,1.0000000000000003e-05,39.67,0.0,0.0,0.0,19.0,0.0,yahoo,0.41069735585610256,True
NVDA,american,NVDA261218C00200000,call,2026-08-13,224.08999633789062,200.0,2026-12-18,0.03707000017166138,0.00018390804,1.0000000000000003e-05,36.4,0.0,0.0,0.0,242.0,0.0,yahoo,0.41220205082551686,True
NVDA,american,NVDA261218C00205000,call,2026-08-13,224.08999633789062,205.0,2026-12-18,0.03707000017166138,0.00018390804,1.0000000000000003e-05,32.63,0.0,0.0,0.0,162.0,0.0,yahoo,0.3983084505445614,True
NVDA,american,NVDA261218C00210000,call,2026-08-13,224.08999633789062,210.0,2026-12-18,0.03707000017166138,0.00018390804,1.0000000000000003e-05,29.05,0.0,0.0,0.0,325.0,0.0,yahoo,0.3858012952574813,True
NVDA,american,NVDA261218C00212000,call,2026-08-13,224.08999633789062,212.0,2026-12-18,0.03707000017166138,0.00018390804,1.0000000000000003e-05,27.8,0.0,0.0,0.0,142.0,0.0,yahoo,0.3836542358824912,True
NVDA,american,NVDA261218C00213000,call,2026-08-13,224.08999633789062,213.0,2026-12-18,0.03707000017166138,0.00018390804,1.0000000000000003e-05,28.2,0.0,0.0,0.0,97.0,0.0,yahoo,0.4032921935436478,True
NVDA,american,NVDA261218C00214000,call,2026-08-13,224.08999633789062,214.0,2026-12-18,0.03707000017166138,0.00018390804,1.0000000000000003e-05,27.0,0.0,0.0,0.0,13.0,0.0,yahoo,0.39014825870916886,True
NVDA,american,NVDA261218C00215000,call,2026-08-13,224.08999633789062,215.0,2026-12-18,0.03707000017166138,0.00018390804,1.0000000000000003e-05,26.6,0.0,0.0,0.0,523.0,0.0,yahoo,0.393346320049218,True
NVDA,american,NVDA261218C00216000,call,2026-08-13,224.08999633789062,216.0,2026-12-18,0.03707000017166138,0.00018390804,1.0000000000000003e-05,26.5,0.0,0.0,0.0,12.0,0.0,yahoo,0.4017714244646586,True
NVDA,american,NVDA261218C00217000,call,2026-08-13,224.08999633789062,217.0,2026-12-18,0.03707000017166138,0.00018390804,1.0000000000000003e-05,25.68,0.0,0.0,0.0,107.0,0.0,yahoo,0.39582992731257477,True
NVDA,american,NVDA261218C00218000,call,2026-08-13,224.08999633789062,218.0,2026-12-18,0.03707000017166138,0.00018390804,1.0000000000000003e-05,24.5,0.0,0.0,0.0,44.0,0.0,yahoo,0.38279678923604954,True
NVDA,american,NVDA261218C00219000,call,2026-08-13,224.08999633789062,219.0,2026-12-18,0.03707000017166138,0.00018390804,1.0000000000000003e-05,24.69,0.0,0.0,0.0,103.0,0.0,yahoo,0.39689813621546494,True
NVDA,american,NVDA261218C00220000,call,2026-08-13,224.08999633789062,220.0,2026-12-18,0.03707000017166138,0.00018390804,1.0000000000000003e-05,24.5,0.0,0.0,0.0,1439.0,0.0,yahoo,0.4029955829784848,True
NVDA,american,NVDA261218C00221000,call,2026-08-13,224.08999633789062,221.0,2026-12-18,0.03707000017166138,0.00018390804,1.0000000000000003e-05,23.67,0.0,0.0,0.0,195.0,0.0,yahoo,0.39629635274050323,True
NVDA,american,NVDA261218C00222000,call,2026-08-13,224.08999633789062,222.0,2026-12-18,0.03707000017166138,0.00018390804,1.0000000000000003e-05,22.5,0.0,0.0,0.0,157.0,0.0,yahoo,0.38305058495948635,True
NVDA,american,NVDA261218C00223000,call,2026-08-13,224.08999633789062,223.0,2026-12-18,0.03707000017166138,0.00018390804,1.0000000000000003e-05,22.81,0.0,0.0,0.0,279.0,0.0,yahoo,0.39849103291361965,True
NVDA,american,NVDA261218C00224000,call,2026-08-13,224.08999633789062,224.0,2026-12-18,0.03707000017166138,0.00018390804,1.0000000000000003e-05,22.0,0.0,0.0,0.0,406.0,0.0,yahoo,0.392258253521183,True
NVDA,american,NVDA261218C00225000,call,2026-08-13,224.08999633789062,225.0,2026-12-18,0.03707000017166138,0.00018390804,0.00196310546875,22.04,0.0,0.0,0.0,583.0,0.0,yahoo,0.4017713410129644,True
NVDA,american,NVDA261218C00226000,call,2026-08-13,224.08999633789062,226.0,2026-12-18,0.03707000017166138,0.00018390804,0.0039162109375,20.97,0.0,0.0,0.0,25.0,0.0,yahoo,0.3899204152600656,True
NVDA,american,NVDA261218C00227000,call,2026-08-13,224.08999633789062,227.0,2026-12-18,0.03707000017166138,0.00018390804,0.007822421875,20.65,0.0,0.0,0.0,21.0,0.0,yahoo,0.39245185454847853,True
NVDA,american,NVDA261218C00228000,call,2026-08-13,224.08999633789062,228.0,2026-12-18,0.03707000017166138,0.00018390804,0.007822421875,20.6,0.0,0.0,0.0,152.0,0.0,yahoo,0.4001008903714784,True
NVDA,american,NVDA261218C00230000,call,2026-08-13,224.08999633789062,230.0,2026-12-18,0.03707000017166138,0.00018390804,0.007822421875,19.7,0.0,0.0,0.0,506.0,0.0,yahoo,0.39939009776563816,True
NVDA,american,NVDA261218C00235000,call,2026-08-13,224.08999633789062,235.0,2026-12-18,0.03707000017166138,0.00018390804,0.015634843750000002,17.55,0.0,0.0,0.0,134.0,0.0,yahoo,0.3972633915456451,True
NVDA,american,NVDA261218C00240000,call,2026-08-13,224.08999633789062,240.0,2026-12-18,0.03707000017166138,0.00018390804,0.0312596875,15.58,0.0,0.0,0.0,594.0,0.0,yahoo,0.39528083892407945,True
NVDA,american,NVDA261218C00245000,call,2026-08-13,224.08999633789062,245.0,2026-12-18,0.03707000017166138,0.00018390804,0.0312596875,13.22,0.0,0.0,0.0,242.0,0.0,yahoo,0.382431999157469,True
NVDA,american,NVDA261218C00250000,call,2026-08-13,224.08999633789062,250.0,2026-12-18,0.03707000017166138,0.00018390804,0.0312596875,12.02,0.0,0.0,0.0,949.0,0.0,yahoo,0.38903475860281556,True
NVDA,american,NVDA261218C00255000,call,2026-08-13,224.08999633789062,255.0,2026-12-18,0.03707000017166138,0.00018390804,0.062509375,10.65,0.0,0.0,0.0,255.0,0.0,yahoo,0.3894581670197486,True
NVDA,american,NVDA261218C00260000,call,2026-08-13,224.08999633789062,260.0,2026-12-18,0.03707000017166138,0.00018390804,0.062509375,9.4,0.0,0.0,0.0,502.0,0.0,yahoo,0.38953321323223206,True
NVDA,american,NVDA261218C00265000,call,2026-08-13,224.08999633789062,265.0,2026-12-18,0.03707000017166138,0.00018390804,0.062509375,8.04,0.0,0.0,0.0,54.0,0.0,yahoo,0.38423765820048816,True
NVDA,american,NVDA261218C00270000,call,2026-08-13,224.08999633789062,270.0,2026-12-18,0.03707000017166138,0.00018390804,0.062509375,7.3,0.0,0.0,0.0,381.0,0.0,yahoo,0.3903840944392916,True
NVDA,american,NVDA261218C00275000,call,2026-08-13,224.08999633789062,275.0,2026-12-18,0.03707000017166138,0.00018390804,0.062509375,6.25,0.0,0.0,0.0,305.0,0.0,yahoo,0.3866427991589514,True
NVDA,american,NVDA261218C00280000,call,2026-08-13,224.08999633789062,280.0,2026-12-18,0.03707000017166138,0.00018390804,0.062509375,5.6,0.0,0.0,0.0,1720.0,0.0,yahoo,0.39010780471861517,True
NVDA,american,NVDA261218C00285000,call,2026-08-13,224.08999633789062,285.0,2026-12-18,0.03707000017166138,0.00018390804,0.062509375,4.88,0.0,0.0,0.0,41.0,0.0,yahoo,0.38966322818199667,True
NVDA,american,NVDA261218C00290000,call,2026-08-13,224.08999633789062,290.0,2026-12-18,0.03707000017166138,0.00018390804,0.062509375,4.15,0.0,0.0,0.0,146.0,0.0,yahoo,0.38650022512146504,True
NVDA,american,NVDA261218C00295000,call,2026-08-13,224.08999633789062,295.0,2026-12-18,0.03707000017166138,0.00018390804,0.12500875,3.65,0.0,0.0,0.0,45.0,0.0,yahoo,0.3879033152450802,True
NVDA,american,NVDA261218C00300000,call,2026-08-13,224.08999633789062,300.0,2026-12-18,0.03707000017166138,0.00018390804,0.12500875,3.35,0.0,0.0,0.0,581.0,0.0,yahoo,0.39451600530929337,True
NVDA,american,NVDA261218C00305000,call,2026-08-13,224.08999633789062,305.0,2026-12-18,0.03707000017166138,0.00018390804,0.12500875,2.84,0.0,0.0,0.0,148.0,0.0,yahoo,0.3916856035524918,True
NVDA,american,NVDA261218C00310000,call,2026-08-13,224.08999633789062,310.0,2026-12-18,0.03707000017166138,0.00018390804,0.12500875,2.49,0.0,0.0,0.0,582.0,0.0,yahoo,0.3925646189984445,True
NVDA,american,NVDA261218P00135000,put,2026-08-13,224.08999633789062,135.0,2026-12-18,0.03707000017166138,0.00018390804,0.12500875,0.99,0.0,0.0,0.0,73.0,0.0,yahoo,0.5211013762236564,True
NVDA,american,NVDA261218P00136000,put,2026-08-13,224.08999633789062,136.0,2026-12-18,0.03707000017166138,0.00018390804,0.12500875,1.02,0.0,0.0,0.0,12.0,0.0,yahoo,0.5178850920314482,True
NVDA,american,NVDA261218P00138000,put,2026-08-13,224.08999633789062,138.0,2026-12-18,0.03707000017166138,0.00018390804,0.12500875,1.05,0.0,0.0,0.0,26.0,0.0,yahoo,0.5084258456062273,True
NVDA,american,NVDA261218P00140000,put,2026-08-13,224.08999633789062,140.0,2026-12-18,0.03707000017166138,0.00018390804,0.12500875,1.19,0.0,0.0,0.0,48.0,0.0,yahoo,0.5083840754969613,True
NVDA,american,NVDA261218P00144000,put,2026-08-13,224.08999633789062,144.0,2026-12-18,0.03707000017166138,0.00018390804,0.12500875,1.3,0.0,0.0,0.0,5.0,0.0,yahoo,0.4929092372449419,True
NVDA,american,NVDA261218P00145000,put,2026-08-13,224.08999633789062,145.0,2026-12-18,0.03707000017166138,0.00018390804,0.12500875,1.4,0.0,0.0,0.0,413.0,0.0,yahoo,0.49415346674122096,True
NVDA,american,NVDA261218P00146000,put,2026-08-13,224.08999633789062,146.0,2026-12-18,0.03707000017166138,0.00018390804,0.12500875,1.41,0.0,0.0,0.0,7.0,0.0,yahoo,0.48856010390353855,True
NVDA,american,NVDA261218P00148000,put,2026-08-13,224.08999633789062,148.0,2026-12-18,0.03707000017166138,0.00018390804,0.12500875,1.47,0.0,0.0,0.0,14.0,0.0,yahoo,0.4805046014599461,True
NVDA,american,NVDA261218P00150000,put,2026-08-13,224.08999633789062,150.0,2026-12-18,0.03707000017166138,0.00018390804,0.12500875,1.62,0.0,0.0,0.0,477.0,0.0,yahoo,0.4788052482105219,True
NVDA,american,NVDA261218P00154000,put,2026-08-13,224.08999633789062,154.0,2026-12-18,0.03707000017166138,0.00018390804,0.12500875,2.2,0.0,0.0,0.0,130.0,0.0,yahoo,0.48905157500842056,True
NVDA,american,NVDA261218P00155000,put,2026-08-13,224.08999633789062,155.0,2026-12-18,0.03707000017166138,0.00018390804,0.12500875,1.97,0.0,0.0,0.0,47.0,0.0,yahoo,0.46944303172672885,True
NVDA,american,NVDA261218P00156000,put,2026-08-13,224.08999633789062,156.0,2026-12-18,0.03707000017166138,0.00018390804,0.12500875,1.96,0.0,0.0,0.0,28.0,0.0,yahoo,0.46244616316754017,True
NVDA,american,NVDA261218P00158000,put,2026-08-13,224.08999633789062,158.0,2026-12-18,0.03707000017166138,0.00018390804,0.12500875,2.13,0.0,0.0,0.0,122.0,0.0,yahoo,0.4593231880281915,True
NVDA,american,NVDA261218P00160000,put,2026-08-13,224.08999633789062,160.0,2026-12-18,0.03707000017166138,0.00018390804,0.12500875,2.35,0.0,0.0,0.0,4546.0,0.0,yahoo,0.45869462260365473,True
NVDA,american,NVDA261218P00162000,put,2026-08-13,224.08999633789062,162.0,2026-12-18,0.03707000017166138,0.00018390804,0.12500875,2.46,0.0,0.0,0.0,193.0,0.0,yahoo,0.45121316723827287,True
NVDA,american,NVDA261218P00164000,put,2026-08-13,224.08999633789062,164.0,2026-12-18,0.03707000017166138,0.00018390804,0.12500875,2.72,0.0,0.0,0.0,238.0,0.0,yahoo,0.45121040124864853,True
NVDA,american,NVDA261218P00165000,put,2026-08-13,224.08999633789062,165.0,2026-12-18,0.03707000017166138,0.00018390804,0.12500875,2.76,0.0,0.0,0.0,252.0,0.0,yahoo,0.44672799448909223,True
NVDA,american,NVDA261218P00166000,put,2026-08-13,224.08999633789062,166.0,2026-12-18,0.03707000017166138,0.00018390804,0.12500875,2.86,0.0,0.0,0.0,306.0,0.0,yahoo,0.4445620387532489,True
NVDA,american,NVDA261218P00167000,put,2026-08-13,224.08999633789062,167.0,2026-12-18,0.03707000017166138,0.00018390804,0.12500875,3.01,0.0,0.0,0.0,136.0,0.0,yahoo,0.44460373201029413,True
NVDA,american,NVDA261218P00168000,put,2026-08-13,224.08999633789062,168.0,2026-12-18,0.03707000017166138,0.00018390804,0.12500875,3.12,0.0,0.0,0.0,80.0,0.0,yahoo,0.44288944192968177,True
NVDA,american,NVDA261218P00169000,put,2026-08-13,224.08999633789062,169.0,2026-12-18,0.03707000017166138,0.00018390804,0.12500875,3.25,0.0,0.0,0.0,1562.0,0.0,yahoo,0.4420473992828044,True
NVDA,american,NVDA261218P00170000,put,2026-08-13,224.08999633789062,170.0,2026-12-18,0.03707000017166138,0.00018390804,0.12500875,3.4,0.0,0.0,0.0,1931.0,0.0,yahoo,0.4415472175200381,True
NVDA,american,NVDA261218P00171000,put,2026-08-13,224.08999633789062,171.0,2026-12-18,0.03707000017166138,0.00018390804,0.12500875,3.47,0.0,0.0,0.0,329.0,0.0,yahoo,0.43760391652440206,True
NVDA,american,NVDA261218P00172000,put,2026-08-13,224.08999633789062,172.0,2026-12-18,0.03707000017166138,0.00018390804,0.12500875,3.6,0.0,0.0,0.0,26.0,0.0,yahoo,0.43603374280716406,True
NVDA,american,NVDA261218P00173000,put,2026-08-13,224.08999633789062,173.0,2026-12-18,0.03707000017166138,0.00018390804,0.12500875,3.85,0.0,0.0,0.0,35.0,0.0,yahoo,0.43913473141920334,True
NVDA,american,NVDA261218P00174000,put,2026-08-13,224.08999633789062,174.0,2026-12-18,0.03707000017166138,0.00018390804,0.062509375,3.87,0.0,0.0,0.0,29.0,0.0,yahoo,0.4332889899690586,True
NVDA,american,NVDA261218P00175000,put,2026-08-13,224.08999633789062,175.0,2026-12-18,0.03707000017166138,0.00018390804,0.062509375,4.13,0.0,0.0,0.0,242.0,0.0,yahoo,0.43585873488643484,True
NVDA,american,NVDA261218P00176000,put,2026-08-13,224.08999633789062,176.0,2026-12-18,0.03707000017166138,0.00018390804,0.062509375,4.35,0.0,0.0,0.0,5.0,0.0,yahoo,0.43679048506953,True
NVDA,american,NVDA261218P00177000,put,2026-08-13,224.08999633789062,177.0,2026-12-18,0.03707000017166138,0.00018390804,0.062509375,4.55,0.0,0.0,0.0,12.0,0.0,yahoo,0.43700090080764215,True
NVDA,american,NVDA261218P00178000,put,2026-08-13,224.08999633789062,178.0,2026-12-18,0.03707000017166138,0.00018390804,0.062509375,4.54,0.0,0.0,0.0,26.0,0.0,yahoo,0.4298638991703459,True
NVDA,american,NVDA261218P00179000,put,2026-08-13,224.08999633789062,179.0,2026-12-18,0.03707000017166138,0.00018390804,0.062509375,4.89,0.0,0.0,0.0,38.0,0.0,yahoo,0.4345801338104706,True
NVDA,american,NVDA261218P00180000,put,2026-08-13,224.08999633789062,180.0,2026-12-18,0.03707000017166138,0.00018390804,0.062509375,5.05,0.0,0.0,0.0,395.0,0.0,yahoo,0.43269344914080493,True
NVDA,american,NVDA261218P00181000,put,2026-08-13,224.08999633789062,181.0,2026-12-18,0.03707000017166138,0.00018390804,0.062509375,5.0,0.0,0.0,0.0,9.0,0.0,yahoo,0.42410614511212924,True
NVDA,american,NVDA261218P00182000,put,2026-08-13,224.08999633789062,182.0,2026-12-18,0.03707000017166138,0.00018390804,0.062509375,5.5,0.0,0.0,0.0,11.0,0.0,yahoo,0.43306520269678617,True
NVDA,american,NVDA261218P00183000,put,2026-08-13,224.08999633789062,183.0,2026-12-18,0.03707000017166138,0.00018390804,0.062509375,5.42,0.0,0.0,0.0,11.0,0.0,yahoo,0.4235828585646273,True
NVDA,american,NVDA261218P00184000,put,2026-08-13,224.08999633789062,184.0,2026-12-18,0.03707000017166138,0.00018390804,0.062509375,5.6,0.0,0.0,0.0,78.0,0.0,yahoo,0.42186684030462335,True
NVDA,american,NVDA261218P00185000,put,2026-08-13,224.08999633789062,185.0,2026-12-18,0.03707000017166138,0.00018390804,0.062509375,6.06,0.0,0.0,0.0,65.0,0.0,yahoo,0.4281766442145196,True
NVDA,american,NVDA261218P00187000,put,2026-08-13,224.08999633789062,187.0,2026-12-18,0.03707000017166138,0.00018390804,0.062509375,6.35,0.0,0.0,0.0,7.0,0.0,yahoo,0.42230574924577896,True
NVDA,american,NVDA261218P00188000,put,2026-08-13,224.08999633789062,188.0,2026-12-18,0.03707000017166138,0.00018390804,0.062509375,6.5,0.0,0.0,0.0,117.0,0.0,yahoo,0.4193114647394984,True
NVDA,american,NVDA261218P00189000,put,2026-08-13,224.08999633789062,189.0,2026-12-18,0.03707000017166138,0.00018390804,0.062509375,6.84,0.0,0.0,0.0,18.0,0.0,yahoo,0.4211235035997531,True
NVDA,american,NVDA261218P00190000,put,2026-08-13,224.08999633789062,190.0,2026-12-18,0.03707000017166138,0.00018390804,0.062509375,7.25,0.0,0.0,0.0,585.0,0.0,yahoo,0.42479637978786633,True
NVDA,american,NVDA261218P00191000,put,2026-08-13,224.08999633789062,191.0,2026-12-18,0.03707000017166138,0.00018390804,0.062509375,7.22,0.0,0.0,0.0,66.0,0.0,yahoo,0.4166135821636143,True
NVDA,american,NVDA261218P00192000,put,2026-08-13,224.08999633789062,192.0,2026-12-18,0.03707000017166138,0.00018390804,0.062509375,8.75,0.0,0.0,0.0,25.0,0.0,yahoo,0.44847168142049054,True
NVDA,american,NVDA261218P00193000,put,2026-08-13,224.08999633789062,193.0,2026-12-18,0.03707000017166138,0.00018390804,0.062509375,8.05,0.0,0.0,0.0,14.0,0.0,yahoo,0.4230725194448233,True
NVDA,american,NVDA261218P00194000,put,2026-08-13,224.08999633789062,194.0,2026-12-18,0.03707000017166138,0.00018390804,0.062509375,7.94,0.0,0.0,0.0,28.0,0.0,yahoo,0.41264814500967634,True
NVDA,american,NVDA261218P00195000,put,2026-08-13,224.08999633789062,195.0,2026-12-18,0.03707000017166138,0.00018390804,0.062509375,8.61,0.0,0.0,0.0,218.0,0.0,yahoo,0.42182949069813724,True
NVDA,american,NVDA261218P00200000,put,2026-08-13,224.08999633789062,200.0,2026-12-18,0.03707000017166138,0.00018390804,0.0312596875,9.8,0.0,0.0,0.0,3362.0,0.0,yahoo,0.4110372409209719,True
NVDA,american,NVDA261218P00205000,put,2026-08-13,224.08999633789062,205.0,2026-12-18,0.03707000017166138,0.00018390804,0.0312596875,11.75,0.0,0.0,0.0,179.0,0.0,yahoo,0.4141593922454783,True
NVDA,american,NVDA261218P00210000,put,2026-08-13,224.08999633789062,210.0,2026-12-18,0.03707000017166138,0.00018390804,0.0312596875,13.32,0.0,0.0,0.0,292.0,0.0,yahoo,0.40492992043131515,True
NVDA,american,NVDA261218P00213000,put,2026-08-13,224.08999633789062,213.0,2026-12-18,0.03707000017166138,0.00018390804,0.015634843750000002,14.3,0.0,0.0,0.0,12.0,0.0,yahoo,0.3982996621793826,True
NVDA,american,NVDA261218P00215000,put,2026-08-13,224.08999633789062,215.0,2026-12-18,0.03707000017166138,0.00018390804,0.015634843750000002,15.62,0.0,0.0,0.0,84.0,0.0,yahoo,0.4070875228302849,True
NVDA,american,NVDA261218P00216000,put,2026-08-13,224.08999633789062,216.0,2026-12-18,0.03707000017166138,0.00018390804,0.015634843750000002,15.96,0.0,0.0,0.0,13.0,0.0,yahoo,0.40445384597835066,True
NVDA,american,NVDA261218P00217000,put,2026-08-13,224.08999633789062,217.0,2026-12-18,0.03707000017166138,0.00018390804,0.015634843750000002,16.25,0.0,0.0,0.0,15.0,0.0,yahoo,0.40083319159816344,True
NVDA,american,NVDA261218P00218000,put,2026-08-13,224.08999633789062,218.0,2026-12-18,0.03707000017166138,0.00018390804,0.015634843750000002,16.8,0.0,0.0,0.0,13.0,0.0,yahoo,0.40236215582771917,True
NVDA,american,NVDA261218P00219000,put,2026-08-13,224.08999633789062,219.0,2026-12-18,0.03707000017166138,0.00018390804,0.007822421875,17.1,0.0,0.0,0.0,78.0,0.0,yahoo,0.398931123957074,True
NVDA,american,NVDA261218P00220000,put,2026-08-13,224.08999633789062,220.0,2026-12-18,0.03707000017166138,0.00018390804,0.007822421875,18.1,0.0,0.0,0.0,780.0,0.0,yahoo,0.4088052402879124,True
NVDA,american,NVDA261218P00221000,put,2026-08-13,224.08999633789062,221.0,2026-12-18,0.03707000017166138,0.00018390804,0.007822421875,17.95,0.0,0.0,0.0,20.0,0.0,yahoo,0.39599578203360075,True
NVDA,american,NVDA261218P00222000,put,2026-08-13,224.08999633789062,222.0,2026-12-18,0.03707000017166138,0.00018390804,0.0039162109375,18.5,0.0,0.0,0.0,19.0,0.0,yahoo,0.3968200107517077,True
NVDA,american,NVDA261218P00223000,put,2026-08-13,224.08999633789062,223.0,2026-12-18,0.03707000017166138,0.00018390804,0.00196310546875,19.1,0.0,0.0,0.0,33.0,0.0,yahoo,0.3985877232471523,True
NVDA,american,NVDA261218P00224000,put,2026-08-13,224.08999633789062,224.0,2026-12-18,0.03707000017166138,0.00018390804,0.00025413818359375,20.0,0.0,0.0,0.0,49.0,0.0,yahoo,0.4060971324167625,True
NVDA,american,NVDA261218P00225000,put,2026-08-13,224.08999633789062,225.0,2026-12-18,0.03707000017166138,0.00018390804,1.0000000000000003e-05,20.2,0.0,0.0,0.0,92.0,0.0,yahoo,0.39953387215146186,True
NVDA,american,NVDA261218P00226000,put,2026-08-13,224.08999633789062,226.0,2026-12-18,0.03707000017166138,0.00018390804,1.0000000000000003e-05,20.55,0.0,0.0,0.0,222.0,0.0,yahoo,0.39582566009129594,True
NVDA,american,NVDA261218P00230000,put,2026-08-13,224.08999633789062,230.0,2026-12-18,0.03707000017166138,0.00018390804,1.0000000000000003e-05,22.85,0.0,0.0,0.0,29.0,0.0,yahoo,0.397356744548623,True
NVDA,american,NVDA261218P00235000,put,2026-08-13,224.08999633789062,235.0,2026-12-18,0.03707000017166138,0.00018390804,1.0000000000000003e-05,25.78,0.0,0.0,0.0,5.0,0.0,yahoo,0.39701802158862887,True
NVDA,american,NVDA261218P00240000,put,2026-08-13,224.08999633789062,240.0,2026-12-18,0.03707000017166138,0.00018390804,1.0000000000000003e-05,28.85,0.0,0.0,0.0,19.0,0.0,yahoo,0.39593958019791975,True
NVDA,american,NVDA261218P00250000,put,2026-08-13,224.08999633789062,250.0,2026-12-18,0.03707000017166138,0.00018390804,1.0000000000000003e-05,35.32,0.0,0.0,0.0,18.0,0.0,yahoo,0.39010397674582853,True
NVDA,american,NVDA261218P00255000,put,2026-08-13,224.08999633789062,255.0,2026-12-18,0.03707000017166138,0.00018390804,1.0000000000000003e-05,39.7,0.0,0.0,0.0,20.0,0.0,yahoo,0.40617361223318765,True
NVDA,american,NVDA261218P00270000,put,2026-08-13,224.08999633789062,270.0,2026-12-18,0.03707000017166138,0.00018390804,1.0000000000000003e-05,51.45,0.0,0.0,0.0,22.0,0.0,yahoo,0.40945225172914723,True
NVDA,american,NVDA261218P00275000,put,2026-08-13,224.08999633789062,275.0,2026-12-18,0.03707000017166138,0.00018390804,1.0000000000000003e-05,58.35,0.0,0.0,0.0,57.0,0.0,yahoo,0.47676320990729715,True
NVDA,american,NVDA261218P00285000,put,2026-08-13,224.08999633789062,285.0,2026-12-18,0.03707000017166138,0.00018390804,1.0000000000000003e-05,67.5,0.0,0.0,0.0,132.0,0.0,yahoo,0.5004412885701123,True
NVDA,american,NVDA261218P00295000,put,2026-08-13,224.08999633789062,295.0,2026-12-18,0.03707000017166138,0.00018390804,1.0000000000000003e-05,72.4,0.0,0.0,0.0,25.0,0.0,yahoo,0.3898660309732446,True
NVDA,american,NVDA261218P00305000,put,2026-08-13,224.08999633789062,305.0,2026-12-18,0.03707000017166138,0.00018390804,1.0000000000000003e-05,97.99,0.0,0.0,0.0,5.0,0.0,yahoo,0.8138578867448801,True
NVDA,american,NVDA270115C00135000,call,2026-08-13,224.08999633789062,135.0,2027-01-15,0.03707000017166138,0.00018390804,1.0000000000000003e-05,93.0,0.0,0.0,0.0,128.0,0.0,yahoo,0.54002506718063,True
NVDA,american,NVDA270115C00140000,call,2026-08-13,224.08999633789062,140.0,2027-01-15,0.03707000017166138,0.00018390804,1.0000000000000003e-05,88.3,0.0,0.0,0.0,16.0,0.0,yahoo,0.5222714988710386,True
NVDA,american,NVDA270115C00145000,call,2026-08-13,224.08999633789062,145.0,2027-01-15,0.03707000017166138,0.00018390804,1.0000000000000003e-05,83.0,0.0,0.0,0.0,28.0,0.0,yahoo,0.4682419021608824,True
NVDA,american,NVDA270115C00150000,call,2026-08-13,224.08999633789062,150.0,2027-01-15,0.03707000017166138,0.00018390804,1.0000000000000003e-05,78.87,0.0,0.0,0.0,130.0,0.0,yahoo,0.4832856804130985,True
NVDA,american,NVDA270115C00155000,call,2026-08-13,224.08999633789062,155.0,2027-01-15,0.03707000017166138,0.00018390804,1.0000000000000003e-05,73.6,0.0,0.0,0.0,13.0,0.0,yahoo,0.4351019834374042,True
NVDA,american,NVDA270115C00160000,call,2026-08-13,224.08999633789062,160.0,2027-01-15,0.03707000017166138,0.00018390804,1.0000000000000003e-05,70.05,0.0,0.0,0.0,46.0,0.0,yahoo,0.46748769601545115,True
NVDA,american,NVDA270115C00165000,call,2026-08-13,224.08999633789062,165.0,2027-01-15,0.03707000017166138,0.00018390804,1.0000000000000003e-05,65.05,0.0,0.0,0.0,33.0,0.0,yahoo,0.4336832265289348,True
NVDA,american,NVDA270115C00170000,call,2026-08-13,224.08999633789062,170.0,2027-01-15,0.03707000017166138,0.00018390804,1.0000000000000003e-05,60.0,0.0,0.0,0.0,58.0,0.0,yahoo,0.39865189094804226,True
NVDA,american,NVDA270115C00175000,call,2026-08-13,224.08999633789062,175.0,2027-01-15,0.03707000017166138,0.00018390804,1.0000000000000003e-05,57.45,0.0,0.0,0.0,376.0,0.0,yahoo,0.44567252421748416,True
NVDA,american,NVDA270115C00180000,call,2026-08-13,224.08999633789062,180.0,2027-01-15,0.03707000017166138,0.00018390804,1.0000000000000003e-05,53.0,0.0,0.0,0.0,176.0,0.0,yahoo,0.4265626046459341,True
NVDA,american,NVDA270115C00185000,call,2026-08-13,224.08999633789062,185.0,2027-01-15,0.03707000017166138,0.00018390804,1.0000000000000003e-05,49.02,0.0,0.0,0.0,82.0,0.0,yahoo,0.41848817450760556,True
NVDA,american,NVDA270115C00190000,call,2026-08-13,224.08999633789062,190.0,2027-01-15,0.03707000017166138,0.00018390804,1.0000000000000003e-05,45.5,0.0,0.0,0.0,67.0,0.0,yahoo,0.41862366464805967,True
NVDA,american,NVDA270115C00195000,call,2026-08-13,224.08999633789062,195.0,2027-01-15,0.03707000017166138,0.00018390804,1.0000000000000003e-05,41.9,0.0,0.0,0.0,148.0,0.0,yahoo,0.4134409366628751,True
NVDA,american,NVDA270115C00200000,call,2026-08-13,224.08999633789062,200.0,2027-01-15,0.03707000017166138,0.00018390804,1.0000000000000003e-05,39.0,0.0,0.0,0.0,727.0,0.0,yahoo,0.41980040658250733,True
NVDA,american,NVDA270115C00205000,call,2026-08-13,224.08999633789062,205.0,2027-01-15,0.03707000017166138,0.00018390804,1.0000000000000003e-05,34.72,0.0,0.0,0.0,140.0,0.0,yahoo,0.3952000678202867,True
NVDA,american,NVDA270115C00210000,call,2026-08-13,224.08999633789062,210.0,2027-01-15,0.03707000017166138,0.00018390804,1.0000000000000003e-05,32.57,0.0,0.0,0.0,184.0,0.0,yahoo,0.4094238394162807,True
NVDA,american,NVDA270115C00215000,call,2026-08-13,224.08999633789062,215.0,2027-01-15,0.03707000017166138,0.00018390804,1.0000000000000003e-05,29.0,0.0,0.0,0.0,379.0,0.0,yahoo,0.39370322306161726,True
NVDA,american,NVDA270115C00220000,call,2026-08-13,224.08999633789062,220.0,2027-01-15,0.03707000017166138,0.00018390804,1.0000000000000003e-05,27.15,0.0,0.0,0.0,2412.0,0.0,yahoo,0.4062412489299398,True
NVDA,american,NVDA270115C00225000,call,2026-08-13,224.08999633789062,225.0,2027-01-15,0.03707000017166138,0.00018390804,0.00196310546875,24.55,0.0,0.0,0.0,487.0,0.0,yahoo,0.4022840180552806,True
NVDA,american,NVDA270115C00230000,call,2026-08-13,224.08999633789062,230.0,2027-01-15,0.03707000017166138,0.00018390804,0.007822421875,22.1,0.0,0.0,0.0,609.0,0.0,yahoo,0.39818398218224904,True
NVDA,american,NVDA270115C00235000,call,2026-08-13,224.08999633789062,235.0,2027-01-15,0.03707000017166138,0.00018390804,0.015634843750000002,19.85,0.0,0.0,0.0,978.0,0.0,yahoo,0.3948118449810119,True
NVDA,american,NVDA270115C00240000,call,2026-08-13,224.08999633789062,240.0,2027-01-15,0.03707000017166138,0.00018390804,0.0312596875,17.99,0.0,0.0,0.0,355.0,0.0,yahoo,0.39543929430974745,True
NVDA,american,NVDA270115C00245000,call,2026-08-13,224.08999633789062,245.0,2027-01-15,0.03707000017166138,0.00018390804,0.0312596875,15.55,0.0,0.0,0.0,261.0,0.0,yahoo,0.3833336597053472,True
NVDA,american,NVDA270115C00250000,call,2026-08-13,224.08999633789062,250.0,2027-01-15,0.03707000017166138,0.00018390804,0.0312596875,14.66,0.0,0.0,0.0,1002.0,0.0,yahoo,0.39540973608407426,True
NVDA,american,NVDA270115C00255000,call,2026-08-13,224.08999633789062,255.0,2027-01-15,0.03707000017166138,0.00018390804,0.0312596875,13.0,0.0,0.0,0.0,932.0,0.0,yahoo,0.39184670339823535,True
NVDA,american,NVDA270115C00260000,call,2026-08-13,224.08999633789062,260.0,2027-01-15,0.03707000017166138,0.00018390804,0.062509375,11.5,0.0,0.0,0.0,808.0,0.0,yahoo,0.38872389061361456,True
NVDA,american,NVDA270115C00265000,call,2026-08-13,224.08999633789062,265.0,2027-01-15,0.03707000017166138,0.00018390804,0.062509375,10.4,0.0,0.0,0.0,1236.0,0.0,yahoo,0.3908273414184805,True
NVDA,american,NVDA270115C00270000,call,2026-08-13,224.08999633789062,270.0,2027-01-15,0.03707000017166138,0.00018390804,0.062509375,9.25,0.0,0.0,0.0,2117.0,0.0,yahoo,0.3899443875540913,True
NVDA,american,NVDA270115C00275000,call,2026-08-13,224.08999633789062,275.0,2027-01-15,0.03707000017166138,0.00018390804,0.062509375,8.0,0.0,0.0,0.0,480.0,0.0,yahoo,0.3846832807614814,True
NVDA,american,NVDA270115C00280000,call,2026-08-13,224.08999633789062,280.0,2027-01-15,0.03707000017166138,0.00018390804,0.062509375,7.51,0.0,0.0,0.0,345.0,0.0,yahoo,0.39316841903085487,True
NVDA,american,NVDA270115C00285000,call,2026-08-13,224.08999633789062,285.0,2027-01-15,0.03707000017166138,0.00018390804,0.062509375,6.47,0.0,0.0,0.0,170.0,0.0,yahoo,0.3880239324081192,True
NVDA,american,NVDA270115C00290000,call,2026-08-13,224.08999633789062,290.0,2027-01-15,0.03707000017166138,0.00018390804,0.062509375,5.9,0.0,0.0,0.0,598.0,0.0,yahoo,0.3917835368463555,True
NVDA,american,NVDA270115C00295000,call,2026-08-13,224.08999633789062,295.0,2027-01-15,0.03707000017166138,0.00018390804,0.062509375,5.18,0.0,0.0,0.0,99.0,0.0,yahoo,0.39040753174041415,True
NVDA,american,NVDA270115C00300000,call,2026-08-13,224.08999633789062,300.0,2027-01-15,0.03707000017166138,0.00018390804,0.12500875,4.72,0.0,0.0,0.0,1173.0,0.0,yahoo,0.39361805071967054,True
NVDA,american,NVDA270115C00310000,call,2026-08-13,224.08999633789062,310.0,2027-01-15,0.03707000017166138,0.00018390804,0.12500875,3.69,0.0,0.0,0.0,117.0,0.0,yahoo,0.3930864514527204,True
NVDA,american,NVDA270115P00135000,put,2026-08-13,224.08999633789062,135.0,2027-01-15,0.03707000017166138,0.00018390804,0.12500875,1.33,0.0,0.0,0.0,102.0,0.0,yahoo,0.5032251494143822,True
NVDA,american,NVDA270115P00140000,put,2026-08-13,224.08999633789062,140.0,2027-01-15,0.03707000017166138,0.00018390804,0.12500875,1.53,0.0,0.0,0.0,168.0,0.0,yahoo,0.4879989947846551,True
NVDA,american,NVDA270115P00145000,put,2026-08-13,224.08999633789062,145.0,2027-01-15,0.03707000017166138,0.00018390804,0.12500875,1.76,0.0,0.0,0.0,58.0,0.0,yahoo,0.47353855399748307,True
NVDA,american,NVDA270115P00150000,put,2026-08-13,224.08999633789062,150.0,2027-01-15,0.03707000017166138,0.00018390804,0.12500875,2.15,0.0,0.0,0.0,376.0,0.0,yahoo,0.4663866800719954,True
NVDA,american,NVDA270115P00155000,put,2026-08-13,224.08999633789062,155.0,2027-01-15,0.03707000017166138,0.00018390804,0.12500875,2.57,0.0,0.0,0.0,243.0,0.0,yahoo,0.45770274642257086,True
NVDA,american,NVDA270115P00160000,put,2026-08-13,224.08999633789062,160.0,2027-01-15,0.03707000017166138,0.00018390804,0.12500875,3.06,0.0,0.0,0.0,204.0,0.0,yahoo,0.44939044216836743,True
NVDA,american,NVDA270115P00165000,put,2026-08-13,224.08999633789062,165.0,2027-01-15,0.03707000017166138,0.00018390804,0.12500875,3.68,0.0,0.0,0.0,551.0,0.0,yahoo,0.44329044646222154,True
NVDA,american,NVDA270115P00170000,put,2026-08-13,224.08999633789062,170.0,2027-01-15,0.03707000017166138,0.00018390804,0.062509375,4.47,0.0,0.0,0.0,528.0,0.0,yahoo,0.43981048512516424,True
NVDA,american,NVDA270115P00175000,put,2026-08-13,224.08999633789062,175.0,2027-01-15,0.03707000017166138,0.00018390804,0.062509375,5.26,0.0,0.0,0.0,300.0,0.0,yahoo,0.4329273002838242,True
NVDA,american,NVDA270115P00180000,put,2026-08-13,224.08999633789062,180.0,2027-01-15,0.03707000017166138,0.00018390804,0.062509375,6.2,0.0,0.0,0.0,1557.0,0.0,yahoo,0.4273712897492946,True
NVDA,american,NVDA270115P00185000,put,2026-08-13,224.08999633789062,185.0,2027-01-15,0.03707000017166138,0.00018390804,0.062509375,7.2,0.0,0.0,0.0,557.0,0.0,yahoo,0.4203802337563326,True
NVDA,american,NVDA270115P00190000,put,2026-08-13,224.08999633789062,190.0,2027-01-15,0.03707000017166138,0.00018390804,0.062509375,8.4,0.0,0.0,0.0,2129.0,0.0,yahoo,0.41532492436296103,True
NVDA,american,NVDA270115P00195000,put,2026-08-13,224.08999633789062,195.0,2027-01-15,0.03707000017166138,0.00018390804,0.062509375,9.85,0.0,0.0,0.0,656.0,0.0,yahoo,0.4127395974698221,True
NVDA,american,NVDA270115P00200000,put,2026-08-13,224.08999633789062,200.0,2027-01-15,0.03707000017166138,0.00018390804,0.0312596875,11.35,0.0,0.0,0.0,697.0,0.0,yahoo,0.4079651580729105,True
NVDA,american,NVDA270115P00205000,put,2026-08-13,224.08999633789062,205.0,2027-01-15,0.03707000017166138,0.00018390804,0.0312596875,13.5,0.0,0.0,0.0,4955.0,0.0,yahoo,0.41292384354927747,True
NVDA,american,NVDA270115P00210000,put,2026-08-13,224.08999633789062,210.0,2027-01-15,0.03707000017166138,0.00018390804,0.0312596875,15.06,0.0,0.0,0.0,317.0,0.0,yahoo,0.40312850309531184,True
NVDA,american,NVDA270115P00215000,put,2026-08-13,224.08999633789062,215.0,2027-01-15,0.03707000017166138,0.00018390804,0.015634843750000002,17.32,0.0,0.0,0.0,1106.0,0.0,yahoo,0.40347538044670606,True
NVDA,american,NVDA270115P00220000,put,2026-08-13,224.08999633789062,220.0,2027-01-15,0.03707000017166138,0.00018390804,0.007822421875,20.0,0.0,0.0,0.0,1156.0,0.0,yahoo,0.40811331888168045,True
NVDA,american,NVDA270115P00225000,put,2026-08-13,224.08999633789062,225.0,2027-01-15,0.03707000017166138,0.00018390804,1.0000000000000003e-05,22.0,0.0,0.0,0.0,134.0,0.0,yahoo,0.3977217588896703,True
NVDA,american,NVDA270115P00230000,put,2026-08-13,224.08999633789062,230.0,2027-01-15,0.03707000017166138,0.00018390804,1.0000000000000003e-05,25.2,0.0,0.0,0.0,1157.0,0.0,yahoo,0.4053777348392455,True
NVDA,american,NVDA270115P00235000,put,2026-08-13,224.08999633789062,235.0,2027-01-15,0.03707000017166138,0.00018390804,1.0000000000000003e-05,28.03,0.0,0.0,0.0,169.0,0.0,yahoo,0.40374673208675455,True
NVDA,american,NVDA270115P00240000,put,2026-08-13,224.08999633789062,240.0,2027-01-15,0.03707000017166138,0.00018390804,1.0000000000000003e-05,30.3,0.0,0.0,0.0,51.0,0.0,yahoo,0.38948288571025713,True
NVDA,american,NVDA270115P00245000,put,2026-08-13,224.08999633789062,245.0,2027-01-15,0.03707000017166138,0.00018390804,1.0000000000000003e-05,37.33,0.0,0.0,0.0,50.0,0.0,yahoo,0.4553194840041551,True
NVDA,american,NVDA270115P00250000,put,2026-08-13,224.08999633789062,250.0,2027-01-15,0.03707000017166138,0.00018390804,1.0000000000000003e-05,36.7,0.0,0.0,0.0,25.0,0.0,yahoo,0.3846594710302491,True
NVDA,american,NVDA270115P00255000,put,2026-08-13,224.08999633789062,255.0,2027-01-15,0.03707000017166138,0.00018390804,1.0000000000000003e-05,40.2,0.0,0.0,0.0,29.0,0.0,yahoo,0.3834760577247551,True
NVDA,american,NVDA270115P00265000,put,2026-08-13,224.08999633789062,265.0,2027-01-15,0.03707000017166138,0.00018390804,1.0000000000000003e-05,51.2,0.0,0.0,0.0,60.0,0.0,yahoo,0.45103673118877063,True
NVDA,american,NVDA270115P00270000,put,2026-08-13,224.08999633789062,270.0,2027-01-15,0.03707000017166138,0.00018390804,1.0000000000000003e-05,51.44,0.0,0.0,0.0,9.0,0.0,yahoo,0.37821265028854045,True
NVDA,american,NVDA270115P00275000,put,2026-08-13,224.08999633789062,275.0,2027-01-15,0.03707000017166138,0.00018390804,1.0000000000000003e-05,56.34,0.0,0.0,0.0,7.0,0.0,yahoo,0.39678591387711354,True
NVDA,american,NVDA270115P00280000,put,2026-08-13,224.08999633789062,280.0,2027-01-15,0.03707000017166138,0.00018390804,1.0000000000000003e-05,60.95,0.0,0.0,0.0,56.0,0.0,yahoo,0.40762116064444837,True
NVDA,american,NVDA270115P00285000,put,2026-08-13,224.08999633789062,285.0,2027-01-15,0.03707000017166138,0.00018390804,1.0000000000000003e-05,68.15,0.0,0.0,0.0,58.0,0.0,yahoo,0.47537719573968007,True
NVDA,american,NVDA270115P00290000,put,2026-08-13,224.08999633789062,290.0,2027-01-15,0.03707000017166138,0.00018390804,1.0000000000000003e-05,74.25,0.0,0.0,0.0,127.0,0.0,yahoo,0.5177035303354245,True
NVDA,american,NVDA270115P00300000,put,2026-08-13,224.08999633789062,300.0,2027-01-15,0.03707000017166138,0.00018390804,1.0000000000000003e-05,77.5,0.0,0.0,0.0,31.0,0.0,yahoo,0.38258917080816957,True
NVDA,american,NVDA270115P00310000,put,2026-08-13,224.08999633789062,310.0,2027-01-15,0.03707000017166138,0.00018390804,1.0000000000000003e-05,93.55,0.0,0.0,0.0,8.0,0.0,yahoo,0.5740494685510051,True
NVDA,american,NVDA270219C00140000,call,2026-08-13,224.08999633789062,140.0,2027-02-19,0.03707000017166138,0.00018390804,1.0000000000000003e-05,89.35,0.0,0.0,0.0,5.0,0.0,yahoo,0.5042414068987952,True
NVDA,american,NVDA270219C00170000,call,2026-08-13,224.08999633789062,170.0,2027-02-19,0.03707000017166138,0.00018390804,1.0000000000000003e-05,62.65,0.0,0.0,0.0,11.0,0.0,yahoo,0.4275680303861222,True
NVDA,american,NVDA270219C00180000,call,2026-08-13,224.08999633789062,180.0,2027-02-19,0.03707000017166138,0.00018390804,1.0000000000000003e-05,54.91,0.0,0.0,0.0,112.0,0.0,yahoo,0.42087095766446736,True
NVDA,american,NVDA270219C00185000,call,2026-08-13,224.08999633789062,185.0,2027-02-19,0.03707000017166138,0.00018390804,1.0000000000000003e-05,50.66,0.0,0.0,0.0,14.0,0.0,yahoo,0.40468442679587363,True
NVDA,american,NVDA270219C00190000,call,2026-08-13,224.08999633789062,190.0,2027-02-19,0.03707000017166138,0.00018390804,1.0000000000000003e-05,47.72,0.0,0.0,0.0,7.0,0.0,yahoo,0.415313633892121,True
NVDA,american,NVDA270219C00195000,call,2026-08-13,224.08999633789062,195.0,2027-02-19,0.03707000017166138,0.00018390804,1.0000000000000003e-05,44.33,0.0,0.0,0.0,28.0,0.0,yahoo,0.4125632162649585,True
NVDA,american,NVDA270219C00200000,call,2026-08-13,224.08999633789062,200.0,2027-02-19,0.03707000017166138,0.00018390804,1.0000000000000003e-05,40.25,0.0,0.0,0.0,58.0,0.0,yahoo,0.3943115332366928,True
NVDA,american,NVDA270219C00205000,call,2026-08-13,224.08999633789062,205.0,2027-02-19,0.03707000017166138,0.00018390804,1.0000000000000003e-05,38.15,0.0,0.0,0.0,36.0,0.0,yahoo,0.4102005221825981,True
NVDA,american,NVDA270219C00210000,call,2026-08-13,224.08999633789062,210.0,2027-02-19,0.03707000017166138,0.00018390804,1.0000000000000003e-05,34.5,0.0,0.0,0.0,64.0,0.0,yahoo,0.39562310065941764,True
NVDA,american,NVDA270219C00215000,call,2026-08-13,224.08999633789062,215.0,2027-02-19,0.03707000017166138,0.00018390804,1.0000000000000003e-05,31.97,0.0,0.0,0.0,81.0,0.0,yahoo,0.39791475481580046,True
NVDA,american,NVDA270219C00220000,call,2026-08-13,224.08999633789062,220.0,2027-02-19,0.03707000017166138,0.00018390804,1.0000000000000003e-05,30.08,0.0,0.0,0.0,113.0,0.0,yahoo,0.4078651392620157,True
NVDA,american,NVDA270219C00225000,call,2026-08-13,224.08999633789062,225.0,2027-02-19,0.03707000017166138,0.00018390804,0.00196310546875,27.19,0.0,0.0,0.0,130.0,0.0,yahoo,0.3992873326038013,True
NVDA,american,NVDA270219C00230000,call,2026-08-13,224.08999633789062,230.0,2027-02-19,0.03707000017166138,0.00018390804,0.007822421875,24.35,0.0,0.0,0.0,25.0,0.0,yahoo,0.3894351101174421,True
NVDA,american,NVDA270219C00235000,call,2026-08-13,224.08999633789062,235.0,2027-02-19,0.03707000017166138,0.00018390804,0.015634843750000002,21.85,0.0,0.0,0.0,25.0,0.0,yahoo,0.38251625499070235,True
NVDA,american,NVDA270219C00240000,call,2026-08-13,224.08999633789062,240.0,2027-02-19,0.03707000017166138,0.00018390804,0.015634843750000002,20.19,0.0,0.0,0.0,108.0,0.0,yahoo,0.386271728285021,True
NVDA,american,NVDA270219C00245000,call,2026-08-13,224.08999633789062,245.0,2027-02-19,0.03707000017166138,0.00018390804,0.0312596875,18.2,0.0,0.0,0.0,56.0,0.0,yahoo,0.38283562288848,True
NVDA,american,NVDA270219C00250000,call,2026-08-13,224.08999633789062,250.0,2027-02-19,0.03707000017166138,0.00018390804,0.0312596875,16.74,0.0,0.0,0.0,1361.0,0.0,yahoo,0.3856691358008613,True
NVDA,american,NVDA270219C00255000,call,2026-08-13,224.08999633789062,255.0,2027-02-19,0.03707000017166138,0.00018390804,0.0312596875,15.15,0.0,0.0,0.0,26.0,0.0,yahoo,0.3845927722530269,True
NVDA,american,NVDA270219C00260000,call,2026-08-13,224.08999633789062,260.0,2027-02-19,0.03707000017166138,0.00018390804,0.0312596875,13.77,0.0,0.0,0.0,52.0,0.0,yahoo,0.3850530503615574,True
NVDA,american,NVDA270219C00265000,call,2026-08-13,224.08999633789062,265.0,2027-02-19,0.03707000017166138,0.00018390804,0.062509375,12.7,0.0,0.0,0.0,25.0,0.0,yahoo,0.388300296382984,True
NVDA,american,NVDA270219C00270000,call,2026-08-13,224.08999633789062,270.0,2027-02-19,0.03707000017166138,0.00018390804,0.062509375,11.5,0.0,0.0,0.0,11.0,0.0,yahoo,0.387941438034844,True
NVDA,american,NVDA270219C00275000,call,2026-08-13,224.08999633789062,275.0,2027-02-19,0.03707000017166138,0.00018390804,0.062509375,10.44,0.0,0.0,0.0,55.0,0.0,yahoo,0.3885187087344254,True
NVDA,american,NVDA270219C00280000,call,2026-08-13,224.08999633789062,280.0,2027-02-19,0.03707000017166138,0.00018390804,0.062509375,9.3,0.0,0.0,0.0,42.0,0.0,yahoo,0.3859094944934473,True
NVDA,american,NVDA270219C00285000,call,2026-08-13,224.08999633789062,285.0,2027-02-19,0.03707000017166138,0.00018390804,0.062509375,8.5,0.0,0.0,0.0,54.0,0.0,yahoo,0.38754656558461775,True
NVDA,american,NVDA270219C00290000,call,2026-08-13,224.08999633789062,290.0,2027-02-19,0.03707000017166138,0.00018390804,0.062509375,7.7,0.0,0.0,0.0,26.0,0.0,yahoo,0.38808849238759086,True
NVDA,american,NVDA270219C00295000,call,2026-08-13,224.08999633789062,295.0,2027-02-19,0.03707000017166138,0.00018390804,0.062509375,7.05,0.0,0.0,0.0,32.0,0.0,yahoo,0.3904089037852384,True
NVDA,american,NVDA270219C00300000,call,2026-08-13,224.08999633789062,300.0,2027-02-19,0.03707000017166138,0.00018390804,0.062509375,6.5,0.0,0.0,0.0,74.0,0.0,yahoo,0.3931613115305962,True
NVDA,american,NVDA270219C00305000,call,2026-08-13,224.08999633789062,305.0,2027-02-19,0.03707000017166138,0.00018390804,0.062509375,5.75,0.0,0.0,0.0,68.0,0.0,yahoo,0.3906026569388533,True
NVDA,american,NVDA270219C00310000,call,2026-08-13,224.08999633789062,310.0,2027-02-19,0.03707000017166138,0.00018390804,0.12500875,5.23,0.0,0.0,0.0,5.0,0.0,yahoo,0.39183823693579783,True
NVDA,american,NVDA270219P00135000,put,2026-08-13,224.08999633789062,135.0,2027-02-19,0.03707000017166138,0.00018390804,0.12500875,1.7,0.0,0.0,0.0,89.0,0.0,yahoo,0.48207798362733734,True
NVDA,american,NVDA270219P00145000,put,2026-08-13,224.08999633789062,145.0,2027-02-19,0.03707000017166138,0.00018390804,0.12500875,2.4,0.0,0.0,0.0,157.0,0.0,yahoo,0.4639864633723013,True
NVDA,american,NVDA270219P00150000,put,2026-08-13,224.08999633789062,150.0,2027-02-19,0.03707000017166138,0.00018390804,0.12500875,2.8,0.0,0.0,0.0,253.0,0.0,yahoo,0.45408001485915317,True
NVDA,american,NVDA270219P00155000,put,2026-08-13,224.08999633789062,155.0,2027-02-19,0.03707000017166138,0.00018390804,0.12500875,3.45,0.0,0.0,0.0,301.0,0.0,yahoo,0.45190405619041146,True
NVDA,american,NVDA270219P00160000,put,2026-08-13,224.08999633789062,160.0,2027-02-19,0.03707000017166138,0.00018390804,0.12500875,3.96,0.0,0.0,0.0,12.0,0.0,yahoo,0.44159772696889327,True
NVDA,american,NVDA270219P00165000,put,2026-08-13,224.08999633789062,165.0,2027-02-19,0.03707000017166138,0.00018390804,0.062509375,4.6,0.0,0.0,0.0,40.0,0.0,yahoo,0.4336246888472303,True
NVDA,american,NVDA270219P00170000,put,2026-08-13,224.08999633789062,170.0,2027-02-19,0.03707000017166138,0.00018390804,0.062509375,5.5,0.0,0.0,0.0,226.0,0.0,yahoo,0.43076378432831575,True
NVDA,american,NVDA270219P00175000,put,2026-08-13,224.08999633789062,175.0,2027-02-19,0.03707000017166138,0.00018390804,0.062509375,6.3,0.0,0.0,0.0,189.0,0.0,yahoo,0.4222853467915285,True
NVDA,american,NVDA270219P00180000,put,2026-08-13,224.08999633789062,180.0,2027-02-19,0.03707000017166138,0.00018390804,0.062509375,7.7,0.0,0.0,0.0,871.0,0.0,yahoo,0.4261259455345526,True
NVDA,american,NVDA270219P00185000,put,2026-08-13,224.08999633789062,185.0,2027-02-19,0.03707000017166138,0.00018390804,0.062509375,8.9,0.0,0.0,0.0,263.0,0.0,yahoo,0.4216847841190439,True
NVDA,american,NVDA270219P00190000,put,2026-08-13,224.08999633789062,190.0,2027-02-19,0.03707000017166138,0.00018390804,0.062509375,10.3,0.0,0.0,0.0,70.0,0.0,yahoo,0.4187310339119249,True
NVDA,american,NVDA270219P00195000,put,2026-08-13,224.08999633789062,195.0,2027-02-19,0.03707000017166138,0.00018390804,0.0312596875,11.85,0.0,0.0,0.0,132.0,0.0,yahoo,0.4159984479599035,True
NVDA,american,NVDA270219P00200000,put,2026-08-13,224.08999633789062,200.0,2027-02-19,0.03707000017166138,0.00018390804,0.0312596875,13.55,0.0,0.0,0.0,124.0,0.0,yahoo,0.413387600842368,True
NVDA,american,NVDA270219P00205000,put,2026-08-13,224.08999633789062,205.0,2027-02-19,0.03707000017166138,0.00018390804,0.0312596875,15.4,0.0,0.0,0.0,4712.0,0.0,yahoo,0.4108381338620816,True
NVDA,american,NVDA270219P00210000,put,2026-08-13,224.08999633789062,210.0,2027-02-19,0.03707000017166138,0.00018390804,0.015634843750000002,17.45,0.0,0.0,0.0,35.0,0.0,yahoo,0.40916455707420085,True
NVDA,american,NVDA270219P00215000,put,2026-08-13,224.08999633789062,215.0,2027-02-19,0.03707000017166138,0.00018390804,0.015634843750000002,18.98,0.0,0.0,0.0,28.0,0.0,yahoo,0.39644062903576444,True
NVDA,american,NVDA270219P00220000,put,2026-08-13,224.08999633789062,220.0,2027-02-19,0.03707000017166138,0.00018390804,0.007822421875,21.65,0.0,0.0,0.0,66.0,0.0,yahoo,0.40010457898662166,True
NVDA,american,NVDA270219P00230000,put,2026-08-13,224.08999633789062,230.0,2027-02-19,0.03707000017166138,0.00018390804,1.0000000000000003e-05,29.07,0.0,0.0,0.0,12.0,0.0,yahoo,0.4323792689733927,True
NVDA,american,NVDA270219P00235000,put,2026-08-13,224.08999633789062,235.0,2027-02-19,0.03707000017166138,0.00018390804,1.0000000000000003e-05,31.29,0.0,0.0,0.0,40.0,0.0,yahoo,0.42119265306777254,True
NVDA,american,NVDA270219P00260000,put,2026-08-13,224.08999633789062,260.0,2027-02-19,0.03707000017166138,0.00018390804,1.0000000000000003e-05,46.65,0.0,0.0,0.0,21.0,0.0,yahoo,0.40082906125032874,True
NVDA,american,NVDA270219P00265000,put,2026-08-13,224.08999633789062,265.0,2027-02-19,0.03707000017166138,0.00018390804,1.0000000000000003e-05,50.35,0.0,0.0,0.0,20.0,0.0,yahoo,0.4005996307155285,True
NVDA,american,NVDA270219P00280000,put,2026-08-13,224.08999633789062,280.0,2027-02-19,0.03707000017166138,0.00018390804,1.0000000000000003e-05,66.71,0.0,0.0,0.0,19.0,0.0,yahoo,0.48501699752584326,True
NVDA,american,NVDA270219P00285000,put,2026-08-13,224.08999633789062,285.0,2027-02-19,0.03707000017166138,0.00018390804,1.0000000000000003e-05,83.65,0.0,0.0,0.0,35.0,0.0,yahoo,0.7017769383066019,True
NVDA,american,NVDA270219P00295000,put,2026-08-13,224.08999633789062,295.0,2027-02-19,0.03707000017166138,0.00018390804,1.0000000000000003e-05,78.5,0.0,0.0,0.0,9.0,0.0,yahoo,0.4800005112277256,True
NVDA,american,NVDA270219P00300000,put,2026-08-13,224.08999633789062,300.0,2027-02-19,0.03707000017166138,0.00018390804,1.0000000000000003e-05,82.5,0.0,0.0,0.0,52.0,0.0,yahoo,0.4763610131383696,True
