underlying,option_style,contract_symbol,option_type,quote_date,underlying_price,strike,expiry_date,risk_free_rate,dividend_yield,vendor_implied_volatility,market_option_price,bid,ask,bid_ask_spread,volume,open_interest,data_source,implied_volatility,iv_solvable
SPX,european,SPXW260814C06000000,call,2026-08-13,7748.5,6000.0,2026-08-14,0.03707000017166138,0.013,1.78125109375,1757.4499999999998,1756.6,1758.3,1.7000000000000455,120.0,0.0,yahoo,2.5042233547377575,True
SPX,european,SPXW260814C06600000,call,2026-08-13,7748.5,6600.0,2026-08-14,0.03707000017166138,0.013,1.1944620355224609,1157.2,1149.7,1164.7,15.0,5.0,0.0,yahoo,1.6760247694056307,True
SPX,european,SPXW260814C06640000,call,2026-08-13,7748.5,6640.0,2026-08-14,0.03707000017166138,0.013,1.1591838916015624,1117.3,1109.8,1124.8,15.0,5.0,0.0,yahoo,1.6264174133198366,True
SPX,european,SPXW260814C06810000,call,2026-08-13,7748.5,6810.0,2026-08-14,0.03707000017166138,0.013,0.9995117236328125,947.3,939.8,954.8,15.0,10.0,0.0,yahoo,1.4014913438954204,True
SPX,european,SPXW260814C06850000,call,2026-08-13,7748.5,6850.0,2026-08-14,0.03707000017166138,0.013,0.9620365124511718,907.3,899.8,914.8,15.0,10.0,0.0,yahoo,1.3487347385469686,True
SPX,european,SPXW260814C06875000,call,2026-08-13,7748.5,6875.0,2026-08-14,0.03707000017166138,0.013,0.9406744213867188,882.4,874.9,889.9,15.0,10.0,0.0,yahoo,1.3187395435361913,True
SPX,european,SPXW260814C07025000,call,2026-08-13,7748.5,7025.0,2026-08-14,0.03707000017166138,0.013,0.799928758544922,732.4,724.9,739.9,15.0,11.0,0.0,yahoo,1.1206588401331232,True
SPX,european,SPXW260814C07030000,call,2026-08-13,7748.5,7030.0,2026-08-14,0.03707000017166138,0.013,0.7952290985107422,727.4,719.9,734.9,15.0,10.0,0.0,yahoo,1.1140473889627678,True
SPX,european,SPXW260814C07050000,call,2026-08-13,7748.5,7050.0,2026-08-14,0.03707000017166138,0.013,0.7764304583740236,707.4,699.9,714.9,15.0,8.0,0.0,yahoo,1.0875901919932174,True
SPX,european,SPXW260814C07120000,call,2026-08-13,7748.5,7120.0,2026-08-14,0.03707000017166138,0.013,0.7218655743408204,638.1,631.5,644.7,13.200000000000045,10.0,0.0,yahoo,1.0113660363663137,True
SPX,european,SPXW260814C07140000,call,2026-08-13,7748.5,7140.0,2026-08-14,0.03707000017166138,0.013,0.7027312442016601,618.1,611.5,624.7,13.200000000000045,10.0,0.0,yahoo,0.9844768549934079,True
SPX,european,SPXW260814C07160000,call,2026-08-13,7748.5,7160.0,2026-08-14,0.03707000017166138,0.013,0.6820710504150393,598.0,590.5,605.5,15.0,5.0,0.0,yahoo,0.9553077324278634,True
SPX,european,SPXW260814C07180000,call,2026-08-13,7748.5,7180.0,2026-08-14,0.03707000017166138,0.013,0.6644015493774417,578.1,571.5,584.7,13.200000000000045,10.0,0.0,yahoo,0.9305672240977447,True
SPX,european,SPXW260814C07240000,call,2026-08-13,7748.5,7240.0,2026-08-14,0.03707000017166138,0.013,0.5979654461669923,517.5,510.0,525.0,15.0,5.0,0.0,yahoo,0.8367324886905719,True
SPX,european,SPXW260814C07250000,call,2026-08-13,7748.5,7250.0,2026-08-14,0.03707000017166138,0.013,0.5883830224609375,507.5,500.0,515.0,15.0,5.0,0.0,yahoo,0.8232644107699456,True
SPX,european,SPXW260814C07260000,call,2026-08-13,7748.5,7260.0,2026-08-14,0.03707000017166138,0.013,0.5787853401184082,497.5,490.0,505.0,15.0,10.0,0.0,yahoo,0.8097778285087418,True
SPX,european,SPXW260814C07280000,call,2026-08-13,7748.5,7280.0,2026-08-14,0.03707000017166138,0.013,0.5678143804931641,478.1,470.6,485.6,15.0,10.0,0.0,yahoo,0.7947527299265,True
SPX,european,SPXW260814C07300000,call,2026-08-13,7748.5,7300.0,2026-08-14,0.03707000017166138,0.013,0.549656603088379,458.20000000000005,451.6,464.8,13.199999999999989,6.0,0.0,yahoo,0.7692711749963311,True
SPX,european,SPXW260814C07310000,call,2026-08-13,7748.5,7310.0,2026-08-14,0.03707000017166138,0.013,0.5398605584716798,448.20000000000005,441.6,454.8,13.199999999999989,53.0,0.0,yahoo,0.7555131024898952,True
SPX,european,SPXW260814C07315000,call,2026-08-13,7748.5,7315.0,2026-08-14,0.03707000017166138,0.013,0.5236864038085938,442.35,440.5,444.2,3.6999999999999886,10.0,0.0,yahoo,0.7322817711542,True
SPX,european,SPXW260814C07320000,call,2026-08-13,7748.5,7320.0,2026-08-14,0.03707000017166138,0.013,0.5188646746826171,437.35,435.5,439.2,3.6999999999999886,6.0,0.0,yahoo,0.725486830329245,True
SPX,european,SPXW260814C07350000,call,2026-08-13,7748.5,7350.0,2026-08-14,0.03707000017166138,0.013,0.504185866394043,407.95,407.4,408.5,1.1000000000000227,13.0,0.0,yahoo,0.6956860180240744,True
SPX,european,SPXW260814C07360000,call,2026-08-13,7748.5,7360.0,2026-08-14,0.03707000017166138,0.013,0.4942372354125977,398.0,397.5,398.5,1.0,27.0,0.0,yahoo,0.6827400417108668,True
SPX,european,SPXW260814C07370000,call,2026-08-13,7748.5,7370.0,2026-08-14,0.03707000017166138,0.013,0.4733329034423829,387.1,386.6,387.6,1.0,100.0,0.0,yahoo,0.6525261437620307,True
SPX,european,SPXW260814C07380000,call,2026-08-13,7748.5,7380.0,2026-08-14,0.03707000017166138,0.013,0.4868673139953614,377.6,375.6,379.6,4.0,35.0,0.0,yahoo,0.6478745815347389,True
SPX,european,SPXW260814C07390000,call,2026-08-13,7748.5,7390.0,2026-08-14,0.03707000017166138,0.013,0.4766745448303223,367.6,365.6,369.6,4.0,20.0,0.0,yahoo,0.6340127333870353,True
SPX,european,SPXW260814C07400000,call,2026-08-13,7748.5,7400.0,2026-08-14,0.03707000017166138,0.013,0.4553429710388184,358.05,357.5,358.6,1.1000000000000227,42.0,0.0,yahoo,0.6278161596498156,True
SPX,european,SPXW260814C07415000,call,2026-08-13,7748.5,7415.0,2026-08-14,0.03707000017166138,0.013,0.45737236968994144,343.4,341.6,345.2,3.599999999999966,9.0,0.0,yahoo,0.6124603464215671,True
SPX,european,SPXW260814C07425000,call,2026-08-13,7748.5,7425.0,2026-08-14,0.03707000017166138,0.013,0.4469812382507324,333.4,331.6,335.2,3.599999999999966,6.0,0.0,yahoo,0.5982570833493076,True
SPX,european,SPXW260814C07430000,call,2026-08-13,7748.5,7430.0,2026-08-14,0.03707000017166138,0.013,0.441762784576416,328.4,326.6,330.2,3.599999999999966,11.0,0.0,yahoo,0.5911377470057054,True
SPX,european,SPXW260814C07450000,call,2026-08-13,7748.5,7450.0,2026-08-14,0.03707000017166138,0.013,0.40025929336547855,307.7,307.2,308.2,1.0,19.0,0.0,yahoo,0.5515629272451029,True
SPX,european,SPXW260814C07455000,call,2026-08-13,7748.5,7455.0,2026-08-14,0.03707000017166138,0.013,0.41556370574951174,303.45,301.7,305.2,3.5,6.0,0.0,yahoo,0.5561130797474573,True
SPX,european,SPXW260814C07465000,call,2026-08-13,7748.5,7465.0,2026-08-14,0.03707000017166138,0.013,0.40500472930908205,293.45,291.7,295.2,3.5,17.0,0.0,yahoo,0.5416895787219536,True
SPX,european,SPXW260814C07470000,call,2026-08-13,7748.5,7470.0,2026-08-14,0.03707000017166138,0.013,0.3997252410888672,288.45,286.7,290.2,3.5,7.0,0.0,yahoo,0.5344555510800686,True
SPX,european,SPXW260814C07480000,call,2026-08-13,7748.5,7480.0,2026-08-14,0.03707000017166138,0.013,0.37355667953491206,278.1,277.6,278.6,1.0,8.0,0.0,yahoo,0.5147826713180781,True
SPX,european,SPXW260814C07485000,call,2026-08-13,7748.5,7485.0,2026-08-14,0.03707000017166138,0.013,0.38469548416137694,273.5,271.7,275.3,3.6000000000000227,5.0,0.0,yahoo,0.5133823326882194,True
SPX,european,SPXW260814C07490000,call,2026-08-13,7748.5,7490.0,2026-08-14,0.03707000017166138,0.013,0.37933970275878903,268.5,266.7,270.3,3.6000000000000227,14.0,0.0,yahoo,0.5060772241188674,True
SPX,european,SPXW260814C07500000,call,2026-08-13,7748.5,7500.0,2026-08-14,0.03707000017166138,0.013,0.3497532066345214,257.8,257.3,258.3,1.0,691.0,0.0,yahoo,0.4813986105502486,True
SPX,european,SPXW260814C07505000,call,2026-08-13,7748.5,7505.0,2026-08-14,0.03707000017166138,0.013,0.35217932983398437,252.5,250.9,254.1,3.1999999999999886,6.0,0.0,yahoo,0.46977247289755675,True
SPX,european,SPXW260814C07510000,call,2026-08-13,7748.5,7510.0,2026-08-14,0.03707000017166138,0.013,0.3431004411315917,248.2,247.7,248.7,1.0,9.0,0.0,yahoo,0.47250347514112034,True
SPX,european,SPXW260814C07530000,call,2026-08-13,7748.5,7530.0,2026-08-14,0.03707000017166138,0.013,0.32094490097045897,228.14999999999998,227.7,228.6,0.9000000000000057,8.0,0.0,yahoo,0.44226796833502396,True
SPX,european,SPXW260814C07535000,call,2026-08-13,7748.5,7535.0,2026-08-14,0.03707000017166138,0.013,0.31558911956787106,223.14999999999998,222.7,223.6,0.9000000000000057,6.0,0.0,yahoo,0.4348298724873158,True
SPX,european,SPXW260814C07540000,call,2026-08-13,7748.5,7540.0,2026-08-14,0.03707000017166138,0.013,0.30843281906127923,217.9,217.4,218.4,1.0,10.0,0.0,yahoo,0.424042390634369,True
SPX,european,SPXW260814C07545000,call,2026-08-13,7748.5,7545.0,2026-08-14,0.03707000017166138,0.013,0.3186408468627929,213.5,211.8,215.2,3.3999999999999773,48.0,0.0,yahoo,0.4244273387530335,True
SPX,european,SPXW260814C07550000,call,2026-08-13,7748.5,7550.0,2026-08-14,0.03707000017166138,0.013,0.29321995849609367,207.4,206.9,207.9,1.0,67.0,0.0,yahoo,0.40248620872575913,True
SPX,european,SPXW260814C07560000,call,2026-08-13,7748.5,7560.0,2026-08-14,0.03707000017166138,0.013,0.2877421080017089,198.0,197.5,198.5,1.0,10.0,0.0,yahoo,0.39536402319507,True
SPX,european,SPXW260814C07565000,call,2026-08-13,7748.5,7565.0,2026-08-14,0.03707000017166138,0.013,0.2856821920776367,193.4,192.9,193.9,1.0,17.0,0.0,yahoo,0.39279182311850147,True
SPX,european,SPXW260814C07570000,call,2026-08-13,7748.5,7570.0,2026-08-14,0.03707000017166138,0.013,0.28017382431030263,188.4,187.9,188.9,1.0,12.0,0.0,yahoo,0.38513439825647294,True
SPX,european,SPXW260814C07575000,call,2026-08-13,7748.5,7575.0,2026-08-14,0.03707000017166138,0.013,0.2721630401611328,183.1,182.6,183.6,1.0,11.0,0.0,yahoo,0.37379107073050644,True
SPX,european,SPXW260814C07580000,call,2026-08-13,7748.5,7580.0,2026-08-14,0.03707000017166138,0.013,0.2699047619628906,178.5,178.0,179.0,1.0,298.0,0.0,yahoo,0.37091917261731494,True
SPX,european,SPXW260814C07585000,call,2026-08-13,7748.5,7585.0,2026-08-14,0.03707000017166138,0.013,0.26511355010986326,173.55,173.0,174.1,1.0999999999999943,626.0,0.0,yahoo,0.3637384330184762,True
SPX,european,SPXW260814C07590000,call,2026-08-13,7748.5,7590.0,2026-08-14,0.03707000017166138,0.013,0.2594831132507324,168.64999999999998,168.2,169.1,0.9000000000000057,60.0,0.0,yahoo,0.3570851658348753,True
SPX,european,SPXW260814C07595000,call,2026-08-13,7748.5,7595.0,2026-08-14,0.03707000017166138,0.013,0.2467116345214844,162.75,162.3,163.2,0.8999999999999773,27.0,0.0,yahoo,0.3387603264328763,True
SPX,european,SPXW260814C07600000,call,2026-08-13,7748.5,7600.0,2026-08-14,0.03707000017166138,0.013,0.24968706863403317,158.75,158.2,159.3,1.1000000000000227,174.0,0.0,yahoo,0.3424457741774904,True
SPX,european,SPXW260814C07605000,call,2026-08-13,7748.5,7605.0,2026-08-14,0.03707000017166138,0.013,0.2386092985534668,153.14999999999998,152.7,153.6,0.9000000000000057,33.0,0.0,yahoo,0.3277643852624606,True
SPX,european,SPXW260814C07610000,call,2026-08-13,7748.5,7610.0,2026-08-14,0.03707000017166138,0.013,0.23368075897216795,148.2,147.7,148.7,1.0,61.0,0.0,yahoo,0.3204138015307616,True
SPX,european,SPXW260814C07615000,call,2026-08-13,7748.5,7615.0,2026-08-14,0.03707000017166138,0.013,0.2264481652832031,143.05,142.6,143.5,0.9000000000000057,14.0,0.0,yahoo,0.31079530685487095,True
SPX,european,SPXW260814C07620000,call,2026-08-13,7748.5,7620.0,2026-08-14,0.03707000017166138,0.013,0.22218337638854976,138.2,137.7,138.7,1.0,117.0,0.0,yahoo,0.3044441384378452,True
SPX,european,SPXW260814C07625000,call,2026-08-13,7748.5,7625.0,2026-08-14,0.03707000017166138,0.013,0.22425092163085933,134.25,133.7,134.8,1.1000000000000227,47.0,0.0,yahoo,0.30740535368253075,True
SPX,european,SPXW260814C07630000,call,2026-08-13,7748.5,7630.0,2026-08-14,0.03707000017166138,0.013,0.21898669204711912,129.4,128.9,129.9,1.0,57.0,0.0,yahoo,0.300654330097767,True
SPX,european,SPXW260814C07635000,call,2026-08-13,7748.5,7635.0,2026-08-14,0.03707000017166138,0.013,0.20746642150878902,123.65,123.2,124.1,0.8999999999999915,16.0,0.0,yahoo,0.28474494834198005,True
SPX,european,SPXW260814C07640000,call,2026-08-13,7748.5,7640.0,2026-08-14,0.03707000017166138,0.013,0.2028735719299316,118.8,118.3,119.3,1.0,15.0,0.0,yahoo,0.2779539149334921,True
SPX,european,SPXW260814C07645000,call,2026-08-13,7748.5,7645.0,2026-08-14,0.03707000017166138,0.013,0.21376823837280273,115.25,113.6,116.9,3.3000000000000114,9.0,0.0,yahoo,0.2835255154143474,True
SPX,european,SPXW260814C07650000,call,2026-08-13,7748.5,7650.0,2026-08-14,0.03707000017166138,0.013,0.1972889109802246,109.8,109.3,110.3,1.0,340.0,0.0,yahoo,0.27065667491538953,True
SPX,european,SPXW260814C07655000,call,2026-08-13,7748.5,7655.0,2026-08-14,0.03707000017166138,0.013,0.20347628807067872,105.69999999999999,104.1,107.3,3.200000000000003,30.0,0.0,yahoo,0.27019716244369096,True
SPX,european,SPXW260814C07660000,call,2026-08-13,7748.5,7660.0,2026-08-14,0.03707000017166138,0.013,0.18785907363891602,100.35,99.9,100.8,0.8999999999999915,108.0,0.0,yahoo,0.25818559152631954,True
SPX,european,SPXW260814C07670000,call,2026-08-13,7748.5,7670.0,2026-08-14,0.03707000017166138,0.013,0.17556061264038086,90.45,90.0,90.9,0.9000000000000057,84.0,0.0,yahoo,0.24110682284038887,True
SPX,european,SPXW260814C07675000,call,2026-08-13,7748.5,7675.0,2026-08-14,0.03707000017166138,0.013,0.175964966506958,86.65,86.2,87.1,0.8999999999999915,74.0,0.0,yahoo,0.2420257262847242,True
SPX,european,SPXW260814C07680000,call,2026-08-13,7748.5,7680.0,2026-08-14,0.03707000017166138,0.013,0.16864082099914554,81.55,81.1,82.0,0.9000000000000057,76.0,0.0,yahoo,0.23178971029423426,True
SPX,european,SPXW260814C07695000,call,2026-08-13,7748.5,7695.0,2026-08-14,0.03707000017166138,0.013,0.16718362121582034,69.1,67.5,70.7,3.200000000000003,54.0,0.0,yahoo,0.22206518079713194,True
SPX,european,SPXW260814C07700000,call,2026-08-13,7748.5,7700.0,2026-08-14,0.03707000017166138,0.013,0.15359580543518067,64.1,63.7,64.5,0.7999999999999972,301.0,0.0,yahoo,0.21173117504348804,True
SPX,european,SPXW260814C07710000,call,2026-08-13,7748.5,7710.0,2026-08-14,0.03707000017166138,0.013,0.14524170196533204,55.5,55.1,55.9,0.7999999999999972,192.0,0.0,yahoo,0.20027031009953478,True
SPX,european,SPXW260814C07715000,call,2026-08-13,7748.5,7715.0,2026-08-14,0.03707000017166138,0.013,0.14299868240356445,51.7,51.3,52.1,0.8000000000000043,179.0,0.0,yahoo,0.197285064710382,True
SPX,european,SPXW260814C07720000,call,2026-08-13,7748.5,7720.0,2026-08-14,0.03707000017166138,0.013,0.13752846122741702,47.3,46.9,47.7,0.8000000000000043,18.0,0.0,yahoo,0.18970571296214342,True
SPX,european,SPXW260814C07725000,call,2026-08-13,7748.5,7725.0,2026-08-14,0.03707000017166138,0.013,0.1363306582641602,43.9,43.5,44.3,0.7999999999999972,17.0,0.0,yahoo,0.18817918643366047,True
SPX,european,SPXW260814C07730000,call,2026-08-13,7748.5,7730.0,2026-08-14,0.03707000017166138,0.013,0.13101302345275875,39.95,39.8,40.1,0.30000000000000426,19.0,0.0,yahoo,0.1824007822607037,True
SPX,european,SPXW260814C07735000,call,2026-08-13,7748.5,7735.0,2026-08-14,0.03707000017166138,0.013,0.12839616729736325,36.45,36.3,36.6,0.30000000000000426,556.0,0.0,yahoo,0.17882385002703047,True
SPX,european,SPXW260814C07740000,call,2026-08-13,7748.5,7740.0,2026-08-14,0.03707000017166138,0.013,0.12702289001464845,33.35,33.2,33.5,0.29999999999999716,33.0,0.0,yahoo,0.17699087396344967,True
SPX,european,SPXW260814C07745000,call,2026-08-13,7748.5,7745.0,2026-08-14,0.03707000017166138,0.013,0.12551228500366213,30.35,30.2,30.5,0.3000000000000007,52.0,0.0,yahoo,0.17495515200404524,True
SPX,european,SPXW260814C07750000,call,2026-08-13,7748.5,7750.0,2026-08-14,0.03707000017166138,0.013,0.1225368508911133,27.15,27.0,27.3,0.3000000000000007,76.0,0.0,yahoo,0.1708329745794427,True
SPX,european,SPXW260814C07755000,call,2026-08-13,7748.5,7755.0,2026-08-14,0.03707000017166138,0.013,0.12024805541992187,24.25,24.1,24.4,0.29999999999999716,34.0,0.0,yahoo,0.1676731437150739,True
SPX,european,SPXW260814C07760000,call,2026-08-13,7748.5,7760.0,2026-08-14,0.03707000017166138,0.013,0.11728787994384765,21.35,21.2,21.5,0.3000000000000007,39.0,0.0,yahoo,0.1635603595457014,True
SPX,european,SPXW260814C07765000,call,2026-08-13,7748.5,7765.0,2026-08-14,0.03707000017166138,0.013,0.11674619834899902,19.15,19.0,19.3,0.3000000000000007,31.0,0.0,yahoo,0.1628551755794223,True
SPX,european,SPXW260814C07770000,call,2026-08-13,7748.5,7770.0,2026-08-14,0.03707000017166138,0.013,0.11506011901855469,16.9,16.8,17.0,0.1999999999999993,79.0,0.0,yahoo,0.16084998526576044,True
SPX,european,SPXW260814C07775000,call,2026-08-13,7748.5,7775.0,2026-08-14,0.03707000017166138,0.013,0.11451080810546876,15.0,14.9,15.1,0.1999999999999993,26.0,0.0,yahoo,0.16011641962921636,True
SPX,european,SPXW260814C07780000,call,2026-08-13,7748.5,7780.0,2026-08-14,0.03707000017166138,0.013,0.11373261764526366,13.15,13.0,13.3,0.3000000000000007,39.0,0.0,yahoo,0.1587065791875182,True
SPX,european,SPXW260814C07785000,call,2026-08-13,7748.5,7785.0,2026-08-14,0.03707000017166138,0.013,0.11220675399780272,11.4,11.3,11.5,0.1999999999999993,20.0,0.0,yahoo,0.15691696733680358,True
SPX,european,SPXW260814C07790000,call,2026-08-13,7748.5,7790.0,2026-08-14,0.03707000017166138,0.013,0.11144382217407225,9.9,9.8,10.0,0.1999999999999993,23.0,0.0,yahoo,0.15584844850474688,True
SPX,european,SPXW260814C07795000,call,2026-08-13,7748.5,7795.0,2026-08-14,0.03707000017166138,0.013,0.11158114990234375,8.65,8.5,8.8,0.3000000000000007,31.0,0.0,yahoo,0.1556513874876386,True
SPX,european,SPXW260814C07800000,call,2026-08-13,7748.5,7800.0,2026-08-14,0.03707000017166138,0.013,0.11042149353027343,7.4,7.3,7.5,0.20000000000000018,202.0,0.0,yahoo,0.15440308392475477,True
SPX,european,SPXW260814C07805000,call,2026-08-13,7748.5,7805.0,2026-08-14,0.03707000017166138,0.013,0.11031468307495115,6.4,6.3,6.5,0.20000000000000018,20.0,0.0,yahoo,0.15423180598004504,True
SPX,european,SPXW260814C07810000,call,2026-08-13,7748.5,7810.0,2026-08-14,0.03707000017166138,0.013,0.11016209671020508,5.5,5.4,5.6,0.1999999999999993,27.0,0.0,yahoo,0.1539756382030347,True
SPX,european,SPXW260814C07815000,call,2026-08-13,7748.5,7815.0,2026-08-14,0.03707000017166138,0.013,0.11074192489624024,4.800000000000001,4.7,4.9,0.20000000000000018,24.0,0.0,yahoo,0.1547628404521624,True
SPX,european,SPXW260814C07820000,call,2026-08-13,7748.5,7820.0,2026-08-14,0.03707000017166138,0.013,0.1090634748840332,3.95,3.9,4.0,0.10000000000000009,66.0,0.0,yahoo,0.15288344271366122,True
SPX,european,SPXW260814C07825000,call,2026-08-13,7748.5,7825.0,2026-08-14,0.03707000017166138,0.013,0.10900244033813475,3.3499999999999996,3.3,3.4,0.10000000000000009,47.0,0.0,yahoo,0.15277659764044763,True
SPX,european,SPXW260814C07830000,call,2026-08-13,7748.5,7830.0,2026-08-14,0.03707000017166138,0.013,0.10968907897949219,2.875,2.8,2.95,0.15000000000000036,29.0,0.0,yahoo,0.15335589087491114,True
SPX,european,SPXW260814C07835000,call,2026-08-13,7748.5,7835.0,2026-08-14,0.03707000017166138,0.013,0.10921606124877928,2.375,2.3,2.45,0.15000000000000036,18.0,0.0,yahoo,0.15258697837395047,True
SPX,european,SPXW260814C07840000,call,2026-08-13,7748.5,7840.0,2026-08-14,0.03707000017166138,0.013,0.10910925079345701,2.0,1.95,2.05,0.09999999999999987,31.0,0.0,yahoo,0.15276802135886564,True
SPX,european,SPXW260814C07845000,call,2026-08-13,7748.5,7845.0,2026-08-14,0.03707000017166138,0.013,0.10962804443359375,1.7,1.65,1.75,0.10000000000000009,6.0,0.0,yahoo,0.15340459236265322,True
SPX,european,SPXW260814C07850000,call,2026-08-13,7748.5,7850.0,2026-08-14,0.03707000017166138,0.013,0.11026890716552734,1.45,1.4,1.5,0.10000000000000009,125.0,0.0,yahoo,0.15423802723355606,True
SPX,european,SPXW260814C07860000,call,2026-08-13,7748.5,7860.0,2026-08-14,0.03707000017166138,0.013,0.11164218444824218,1.05,1.0,1.1,0.10000000000000009,10.0,0.0,yahoo,0.1559427265460262,True
SPX,european,SPXW260814C07875000,call,2026-08-13,7748.5,7875.0,2026-08-14,0.03707000017166138,0.013,0.11548736083984376,0.7,0.65,0.75,0.09999999999999998,49.0,0.0,yahoo,0.16092607934017683,True
SPX,european,SPXW260814C07880000,call,2026-08-13,7748.5,7880.0,2026-08-14,0.03707000017166138,0.013,0.11646391357421876,0.625,0.6,0.65,0.050000000000000044,11.0,0.0,yahoo,0.16313512059955193,True
SPX,european,SPXW260814C07885000,call,2026-08-13,7748.5,7885.0,2026-08-14,0.03707000017166138,0.013,0.11860012268066406,0.575,0.55,0.6,0.04999999999999993,26.0,0.0,yahoo,0.1660825663507574,True
SPX,european,SPXW260814C07890000,call,2026-08-13,7748.5,7890.0,2026-08-14,0.03707000017166138,0.013,0.12055322814941406,0.525,0.5,0.55,0.050000000000000044,6.0,0.0,yahoo,0.16877629301275265,True
SPX,european,SPXW260814C07900000,call,2026-08-13,7748.5,7900.0,2026-08-14,0.03707000017166138,0.013,0.12391012817382813,0.42500000000000004,0.4,0.45,0.04999999999999999,24.0,0.0,yahoo,0.1732746719749702,True
SPX,european,SPXW260814P07535000,put,2026-08-13,7748.5,7535.0,2026-08-14,0.03707000017166138,0.013,0.1676108630371094,0.375,0.35,0.4,0.050000000000000044,7.0,0.0,yahoo,0.23556853378333512,True
SPX,european,SPXW260814P07540000,put,2026-08-13,7748.5,7540.0,2026-08-14,0.03707000017166138,0.013,0.1641929284667969,0.375,0.35,0.4,0.050000000000000044,432.0,0.0,yahoo,0.2307072137193757,True
SPX,european,SPXW260814P07560000,put,2026-08-13,7748.5,7560.0,2026-08-14,0.03707000017166138,0.013,0.1550377465820313,0.475,0.45,0.5,0.04999999999999999,5.0,0.0,yahoo,0.21817081496799312,True
SPX,european,SPXW260814P07570000,put,2026-08-13,7748.5,7570.0,2026-08-14,0.03707000017166138,0.013,0.14991084472656252,0.525,0.5,0.55,0.050000000000000044,463.0,0.0,yahoo,0.21111488264234807,True
SPX,european,SPXW260814P07575000,put,2026-08-13,7748.5,7575.0,2026-08-14,0.03707000017166138,0.013,0.14820187744140628,0.575,0.55,0.6,0.04999999999999993,9.0,0.0,yahoo,0.20878991438548808,True
SPX,european,SPXW260814P07585000,put,2026-08-13,7748.5,7585.0,2026-08-14,0.03707000017166138,0.013,0.14258669921875,0.625,0.6,0.65,0.050000000000000044,409.0,0.0,yahoo,0.20095389148536072,True
SPX,european,SPXW260814P07590000,put,2026-08-13,7748.5,7590.0,2026-08-14,0.03707000017166138,0.013,0.1404504901123047,0.675,0.65,0.7,0.04999999999999993,7.0,0.0,yahoo,0.19805911928356912,True
SPX,european,SPXW260814P07600000,put,2026-08-13,7748.5,7600.0,2026-08-14,0.03707000017166138,0.013,0.13721565917968753,0.8,0.75,0.85,0.09999999999999998,126.0,0.0,yahoo,0.19264370668664557,True
SPX,european,SPXW260814P07605000,put,2026-08-13,7748.5,7605.0,2026-08-14,0.03707000017166138,0.013,0.1358728991699219,0.8999999999999999,0.85,0.95,0.09999999999999998,5.0,0.0,yahoo,0.19093907607725125,True
SPX,european,SPXW260814P07610000,put,2026-08-13,7748.5,7610.0,2026-08-14,0.03707000017166138,0.013,0.13312634460449219,0.95,0.9,1.0,0.09999999999999998,15.0,0.0,yahoo,0.1871203862225855,True
SPX,european,SPXW260814P07615000,put,2026-08-13,7748.5,7615.0,2026-08-14,0.03707000017166138,0.013,0.1313563427734375,1.0750000000000002,1.05,1.1,0.050000000000000044,13.0,0.0,yahoo,0.1855479208583049,True
SPX,european,SPXW260814P07620000,put,2026-08-13,7748.5,7620.0,2026-08-14,0.03707000017166138,0.013,0.13034927276611324,1.2,1.15,1.25,0.10000000000000009,31.0,0.0,yahoo,0.18351053332592818,True
SPX,european,SPXW260814P07625000,put,2026-08-13,7748.5,7625.0,2026-08-14,0.03707000017166138,0.013,0.12900651275634767,1.325,1.25,1.4,0.1499999999999999,35.0,0.0,yahoo,0.18106965501567024,True
SPX,european,SPXW260814P07630000,put,2026-08-13,7748.5,7630.0,2026-08-14,0.03707000017166138,0.013,0.12732806274414063,1.475,1.4,1.55,0.15000000000000013,6.0,0.0,yahoo,0.17888442569946583,True
SPX,european,SPXW260814P07640000,put,2026-08-13,7748.5,7640.0,2026-08-14,0.03707000017166138,0.013,0.12320823089599611,1.8,1.75,1.85,0.10000000000000009,10.0,0.0,yahoo,0.1738552985279832,True
SPX,european,SPXW260814P07645000,put,2026-08-13,7748.5,7645.0,2026-08-14,0.03707000017166138,0.013,0.12149926361083985,2.0,1.95,2.05,0.09999999999999987,12.0,0.0,yahoo,0.1715010041742644,True
SPX,european,SPXW260814P07650000,put,2026-08-13,7748.5,7650.0,2026-08-14,0.03707000017166138,0.013,0.12009546905517576,2.25,2.2,2.3,0.09999999999999964,38.0,0.0,yahoo,0.16960756055548062,True
SPX,european,SPXW260814P07665000,put,2026-08-13,7748.5,7665.0,2026-08-14,0.03707000017166138,0.013,0.11536529174804688,3.1,3.0,3.2,0.20000000000000018,22.0,0.0,yahoo,0.16245930640895956,True
SPX,european,SPXW260814P07670000,put,2026-08-13,7748.5,7670.0,2026-08-14,0.03707000017166138,0.013,0.1130917549133301,3.45,3.4,3.5,0.10000000000000009,16.0,0.0,yahoo,0.1600138780710265,True
SPX,european,SPXW260814P07675000,put,2026-08-13,7748.5,7675.0,2026-08-14,0.03707000017166138,0.013,0.11138278762817383,3.8,3.7,3.9,0.19999999999999973,19.0,0.0,yahoo,0.15704753874184582,True
SPX,european,SPXW260814P07680000,put,2026-08-13,7748.5,7680.0,2026-08-14,0.03707000017166138,0.013,0.10927709579467773,4.25,4.2,4.3,0.09999999999999964,21.0,0.0,yahoo,0.1547484613775016,True
SPX,european,SPXW260814P07685000,put,2026-08-13,7748.5,7685.0,2026-08-14,0.03707000017166138,0.013,0.10831580169677735,4.800000000000001,4.7,4.9,0.20000000000000018,10.0,0.0,yahoo,0.15292427320687513,True
SPX,european,SPXW260814P07690000,put,2026-08-13,7748.5,7690.0,2026-08-14,0.03707000017166138,0.013,0.1061185580444336,5.35,5.3,5.4,0.10000000000000053,38.0,0.0,yahoo,0.1504220913620027,True
SPX,european,SPXW260814P07695000,put,2026-08-13,7748.5,7695.0,2026-08-14,0.03707000017166138,0.013,0.10419596984863279,5.9,5.8,6.0,0.20000000000000018,17.0,0.0,yahoo,0.147296876647729,True
SPX,european,SPXW260814P07700000,put,2026-08-13,7748.5,7700.0,2026-08-14,0.03707000017166138,0.013,0.1030668307495117,6.699999999999999,6.6,6.8,0.20000000000000018,111.0,0.0,yahoo,0.1457862767282442,True
SPX,european,SPXW260814P07705000,put,2026-08-13,7748.5,7705.0,2026-08-14,0.03707000017166138,0.013,0.1007856645965576,7.4,7.3,7.5,0.20000000000000018,25.0,0.0,yahoo,0.1426454334011713,True
SPX,european,SPXW260814P07710000,put,2026-08-13,7748.5,7710.0,2026-08-14,0.03707000017166138,0.013,0.09859605026245116,8.2,8.1,8.3,0.20000000000000107,15.0,0.0,yahoo,0.1396271313756492,True
SPX,european,SPXW260814P07715000,put,2026-08-13,7748.5,7715.0,2026-08-14,0.03707000017166138,0.013,0.09746691116333009,9.3,9.2,9.4,0.20000000000000107,39.0,0.0,yahoo,0.1381283955579258,True
SPX,european,SPXW260814P07720000,put,2026-08-13,7748.5,7720.0,2026-08-14,0.03707000017166138,0.013,0.09520863296508791,10.3,10.2,10.4,0.20000000000000107,40.0,0.0,yahoo,0.13500936131544594,True
SPX,european,SPXW260814P07725000,put,2026-08-13,7748.5,7725.0,2026-08-14,0.03707000017166138,0.013,0.09236289726257324,11.3,11.2,11.4,0.20000000000000107,13.0,0.0,yahoo,0.1310736995993511,True
SPX,european,SPXW260814P07730000,put,2026-08-13,7748.5,7730.0,2026-08-14,0.03707000017166138,0.013,0.0903411279296875,12.6,12.5,12.7,0.1999999999999993,23.0,0.0,yahoo,0.12830029893421868,True
SPX,european,SPXW260814P07735000,put,2026-08-13,7748.5,7735.0,2026-08-14,0.03707000017166138,0.013,0.08852535018920898,14.149999999999999,14.1,14.2,0.09999999999999964,35.0,0.0,yahoo,0.12616060766844492,True
SPX,european,SPXW260814P07740000,put,2026-08-13,7748.5,7740.0,2026-08-14,0.03707000017166138,0.013,0.08641202903747561,15.7,15.6,15.8,0.20000000000000107,57.0,0.0,yahoo,0.12294908122178706,True
SPX,european,SPXW260814P07745000,put,2026-08-13,7748.5,7745.0,2026-08-14,0.03707000017166138,0.013,0.08393250061035158,17.4,17.3,17.5,0.1999999999999993,54.0,0.0,yahoo,0.11955963565591701,True
SPX,european,SPXW260814P07750000,put,2026-08-13,7748.5,7750.0,2026-08-14,0.03707000017166138,0.013,0.08146060150146486,19.299999999999997,19.2,19.4,0.1999999999999993,72.0,0.0,yahoo,0.11619769801247128,True
SPX,european,SPXW260814P07755000,put,2026-08-13,7748.5,7755.0,2026-08-14,0.03707000017166138,0.013,0.07936253898620607,21.450000000000003,21.3,21.6,0.3000000000000007,27.0,0.0,yahoo,0.11306288969663239,True
SPX,european,SPXW260814P07760000,put,2026-08-13,7748.5,7760.0,2026-08-14,0.03707000017166138,0.013,0.07756964920043946,24.0,23.9,24.1,0.20000000000000284,41.0,0.0,yahoo,0.11101346776040999,True
SPX,european,SPXW260814P07765000,put,2026-08-13,7748.5,7765.0,2026-08-14,0.03707000017166138,0.013,0.07418223190307618,26.35,26.2,26.5,0.3000000000000007,6.0,0.0,yahoo,0.10611270195133082,True
SPX,european,SPXW260814P07775000,put,2026-08-13,7748.5,7775.0,2026-08-14,0.03707000017166138,0.013,0.07079481460571291,32.65,32.5,32.8,0.29999999999999716,102.0,0.0,yahoo,0.10183297130464783,True
SPX,european,SPXW260814P07780000,put,2026-08-13,7748.5,7780.0,2026-08-14,0.03707000017166138,0.013,0.06276114250183107,35.15,35.0,35.3,0.29999999999999716,28.0,0.0,yahoo,0.09107293896483881,True
SPX,european,SPXW260814P07785000,put,2026-08-13,7748.5,7785.0,2026-08-14,0.03707000017166138,0.013,0.05870997451782227,38.8,38.7,38.9,0.19999999999999574,8.0,0.0,yahoo,0.08663874502467715,True
SPX,european,SPXW260814P07790000,put,2026-08-13,7748.5,7790.0,2026-08-14,0.03707000017166138,0.013,0.053964538574218755,42.3,41.8,42.8,1.0,153.0,0.0,yahoo,0.07577262338593557,True
SPX,european,SPXW260817C06875000,call,2026-08-13,7748.5,6875.0,2026-08-17,0.03707000017166138,0.013,0.5948526843261719,882.4,874.9,889.9,15.0,5.0,0.0,yahoo,0.6407015534087415,True
SPX,european,SPXW260817C06900000,call,2026-08-13,7748.5,6900.0,2026-08-17,0.03707000017166138,0.013,0.5736431796264648,856.9,849.4,864.4,15.0,5.0,0.0,yahoo,0.6163055460795976,True
SPX,european,SPXW260817C06925000,call,2026-08-13,7748.5,6925.0,2026-08-17,0.03707000017166138,0.013,0.5589338540649414,831.9,824.4,839.4,15.0,18.0,0.0,yahoo,0.6001960216574294,True
SPX,european,SPXW260817C06950000,call,2026-08-13,7748.5,6950.0,2026-08-17,0.03707000017166138,0.013,0.5454757366943359,807.0,799.5,814.5,15.0,18.0,0.0,yahoo,0.5856860632761431,True
SPX,european,SPXW260817C07050000,call,2026-08-13,7748.5,7050.0,2026-08-17,0.03707000017166138,0.013,0.5582929913330079,707.0,699.5,714.5,15.0,13.0,0.0,yahoo,0.5211582118219328,True
SPX,european,SPXW260817C07280000,call,2026-08-13,7748.5,7280.0,2026-08-17,0.03707000017166138,0.013,0.4084989570617676,477.2,469.7,484.7,15.0,10.0,0.0,yahoo,0.3741231885193413,True
SPX,european,SPXW260817C07325000,call,2026-08-13,7748.5,7325.0,2026-08-17,0.03707000017166138,0.013,0.3820404814147949,432.8,425.3,440.3,15.0,10.0,0.0,yahoo,0.3507522282277921,True
SPX,european,SPXW260817C07350000,call,2026-08-13,7748.5,7350.0,2026-08-17,0.03707000017166138,0.013,0.3619295985412598,407.3,399.8,414.8,15.0,26.0,0.0,yahoo,0.32882137319409027,True
SPX,european,SPXW260817C07365000,call,2026-08-13,7748.5,7365.0,2026-08-17,0.03707000017166138,0.013,0.3553149796295165,392.9,385.4,400.4,15.0,6.0,0.0,yahoo,0.3247847185231728,True
SPX,european,SPXW260817C07390000,call,2026-08-13,7748.5,7390.0,2026-08-17,0.03707000017166138,0.013,0.33515069152832033,367.4,359.9,374.9,15.0,8.0,0.0,yahoo,0.3029878216563313,True
SPX,european,SPXW260817C07400000,call,2026-08-13,7748.5,7400.0,2026-08-17,0.03707000017166138,0.013,0.28357650024414055,357.45,356.9,358.0,1.1000000000000227,83.0,0.0,yahoo,0.2967117403356436,True
SPX,european,SPXW260817C07435000,call,2026-08-13,7748.5,7435.0,2026-08-17,0.03707000017166138,0.013,0.30499962585449214,322.6,315.1,330.1,15.0,5.0,0.0,yahoo,0.2742493882822401,True
SPX,european,SPXW260817C07440000,call,2026-08-13,7748.5,7440.0,2026-08-17,0.03707000017166138,0.013,0.30421380607604975,318.1,310.6,325.6,15.0,6.0,0.0,yahoo,0.2752056635380608,True
SPX,european,SPXW260817C07480000,call,2026-08-13,7748.5,7480.0,2026-08-17,0.03707000017166138,0.013,0.2767101138305663,278.3,270.8,285.8,15.0,11.0,0.0,yahoo,0.24883345647717625,True
SPX,european,SPXW260817C07500000,call,2026-08-13,7748.5,7500.0,2026-08-17,0.03707000017166138,0.013,0.22178665184020993,257.9,257.4,258.4,1.0,1968.0,0.0,yahoo,0.23150497265054004,True
SPX,european,SPXW260817C07510000,call,2026-08-13,7748.5,7510.0,2026-08-17,0.03707000017166138,0.013,0.25586681640625003,248.5,241.0,256.0,15.0,6.0,0.0,yahoo,0.2289609715807814,True
SPX,european,SPXW260817C07520000,call,2026-08-13,7748.5,7520.0,2026-08-17,0.03707000017166138,0.013,0.24897754203796388,238.6,231.1,246.1,15.0,5.0,0.0,yahoo,0.22246785927487558,True
SPX,european,SPXW260817C07525000,call,2026-08-13,7748.5,7525.0,2026-08-17,0.03707000017166138,0.013,0.2069018519592285,233.14999999999998,232.6,233.7,1.0999999999999943,1802.0,0.0,yahoo,0.2155535907797178,True
SPX,european,SPXW260817C07530000,call,2026-08-13,7748.5,7530.0,2026-08-17,0.03707000017166138,0.013,0.242019603805542,228.7,221.2,236.2,15.0,12.0,0.0,yahoo,0.21590271318441476,True
SPX,european,SPXW260817C07535000,call,2026-08-13,7748.5,7535.0,2026-08-17,0.03707000017166138,0.013,0.23642731353759766,223.3,215.8,230.8,15.0,5.0,0.0,yahoo,0.2094045775329887,True
SPX,european,SPXW260817C07540000,call,2026-08-13,7748.5,7540.0,2026-08-17,0.03707000017166138,0.013,0.20009650009155272,218.7,218.1,219.3,1.200000000000017,7.0,0.0,yahoo,0.20857005949816182,True
SPX,european,SPXW260817C07545000,call,2026-08-13,7748.5,7545.0,2026-08-17,0.03707000017166138,0.013,0.2316818775939941,213.9,206.4,221.4,15.0,6.0,0.0,yahoo,0.20625363500035335,True
SPX,european,SPXW260817C07550000,call,2026-08-13,7748.5,7550.0,2026-08-17,0.03707000017166138,0.013,0.19428295959472658,208.9,208.3,209.5,1.1999999999999886,19.0,0.0,yahoo,0.20254397540803815,True
SPX,european,SPXW260817C07555000,call,2026-08-13,7748.5,7555.0,2026-08-17,0.03707000017166138,0.013,0.21127345130920408,203.6,198.6,208.6,10.0,9.0,0.0,yahoo,0.19681105976940633,True
SPX,european,SPXW260817C07560000,call,2026-08-13,7748.5,7560.0,2026-08-17,0.03707000017166138,0.013,0.20804624969482416,198.7,193.7,203.7,10.0,8.0,0.0,yahoo,0.1937649447437616,True
SPX,european,SPXW260817C07565000,call,2026-08-13,7748.5,7565.0,2026-08-17,0.03707000017166138,0.013,0.20479616012573237,193.8,188.8,198.8,10.0,7.0,0.0,yahoo,0.1906870227305655,True
SPX,european,SPXW260817C07575000,call,2026-08-13,7748.5,7575.0,2026-08-17,0.03707000017166138,0.013,0.17928371994018555,184.4,183.8,185.0,1.1999999999999886,14.0,0.0,yahoo,0.18693846046468024,True
SPX,european,SPXW260817C07585000,call,2026-08-13,7748.5,7585.0,2026-08-17,0.03707000017166138,0.013,0.19196364685058598,174.3,169.3,179.3,10.0,27.0,0.0,yahoo,0.178656993561956,True
SPX,european,SPXW260817C07590000,call,2026-08-13,7748.5,7590.0,2026-08-17,0.03707000017166138,0.013,0.19072006797790528,169.9,164.9,174.9,10.0,11.0,0.0,yahoo,0.17836031390219054,True
SPX,european,SPXW260817C07600000,call,2026-08-13,7748.5,7600.0,2026-08-17,0.03707000017166138,0.013,0.15980607048034667,159.2,158.7,159.7,1.0,142.0,0.0,yahoo,0.1664528325028311,True
SPX,european,SPXW260817C07610000,call,2026-08-13,7748.5,7610.0,2026-08-17,0.03707000017166138,0.013,0.17633880310058597,150.2,145.2,155.2,10.0,16.0,0.0,yahoo,0.16423537897901416,True
SPX,european,SPXW260817C07615000,call,2026-08-13,7748.5,7615.0,2026-08-17,0.03707000017166138,0.013,0.1751715174102783,145.9,140.9,150.9,10.0,20.0,0.0,yahoo,0.16396322183195497,True
SPX,european,SPXW260817C07620000,call,2026-08-13,7748.5,7620.0,2026-08-17,0.03707000017166138,0.013,0.14955989608764647,140.2,139.7,140.7,1.0,31.0,0.0,yahoo,0.1561723427097796,True
SPX,european,SPXW260817C07625000,call,2026-08-13,7748.5,7625.0,2026-08-17,0.03707000017166138,0.013,0.15089502677917485,136.35000000000002,135.8,136.9,1.0999999999999943,27.0,0.0,yahoo,0.15804917617485723,True
SPX,european,SPXW260817C07635000,call,2026-08-13,7748.5,7635.0,2026-08-17,0.03707000017166138,0.013,0.1615455550384521,126.6,121.6,131.6,10.0,15.0,0.0,yahoo,0.1508945062064128,True
SPX,european,SPXW260817C07640000,call,2026-08-13,7748.5,7640.0,2026-08-17,0.03707000017166138,0.013,0.142762173538208,122.25,121.7,122.8,1.0999999999999943,7.0,0.0,yahoo,0.14974810600660848,True
SPX,european,SPXW260817C07650000,call,2026-08-13,7748.5,7650.0,2026-08-17,0.03707000017166138,0.013,0.1362238478088379,112.7,112.2,113.2,1.0,221.0,0.0,yahoo,0.14311050110393947,True
SPX,european,SPXW260817C07660000,call,2026-08-13,7748.5,7660.0,2026-08-17,0.03707000017166138,0.013,0.13091384231567382,103.55,103.1,104.0,0.9000000000000057,15.0,0.0,yahoo,0.1379183910629907,True
SPX,european,SPXW260817C07665000,call,2026-08-13,7748.5,7665.0,2026-08-17,0.03707000017166138,0.013,0.1376963062286377,99.6,97.1,102.1,5.0,21.0,0.0,yahoo,0.13777564911344126,True
SPX,european,SPXW260817C07675000,call,2026-08-13,7748.5,7675.0,2026-08-17,0.03707000017166138,0.013,0.12432974067687991,90.3,89.8,90.8,1.0,835.0,0.0,yahoo,0.13116555232231455,True
SPX,european,SPXW260817C07680000,call,2026-08-13,7748.5,7680.0,2026-08-17,0.03707000017166138,0.013,0.1292125043487549,86.1,83.6,88.6,5.0,19.0,0.0,yahoo,0.1294609744256344,True
SPX,european,SPXW260817C07685000,call,2026-08-13,7748.5,7685.0,2026-08-17,0.03707000017166138,0.013,0.128113882522583,82.2,79.7,84.7,5.0,23.0,0.0,yahoo,0.12870185517742866,True
SPX,european,SPXW260817C07690000,call,2026-08-13,7748.5,7690.0,2026-08-17,0.03707000017166138,0.013,0.12460439613342286,77.6,75.1,80.1,5.0,22.0,0.0,yahoo,0.12510532830366056,True
SPX,european,SPXW260817C07695000,call,2026-08-13,7748.5,7695.0,2026-08-17,0.03707000017166138,0.013,0.12348670101165772,73.8,71.3,76.3,5.0,9.0,0.0,yahoo,0.12428363606692919,True
SPX,european,SPXW260817C07700000,call,2026-08-13,7748.5,7700.0,2026-08-17,0.03707000017166138,0.013,0.11293535388946534,69.05,68.6,69.5,0.9000000000000057,215.0,0.0,yahoo,0.11984026356285728,True
SPX,european,SPXW260817C07705000,call,2026-08-13,7748.5,7705.0,2026-08-17,0.03707000017166138,0.013,0.11945079166412353,65.8,63.3,68.3,5.0,33.0,0.0,yahoo,0.12048740525466238,True
SPX,european,SPXW260817C07710000,call,2026-08-13,7748.5,7710.0,2026-08-17,0.03707000017166138,0.013,0.11745953960418702,61.900000000000006,59.4,64.4,5.000000000000007,528.0,0.0,yahoo,0.11859296941414448,True
SPX,european,SPXW260817C07715000,call,2026-08-13,7748.5,7715.0,2026-08-17,0.03707000017166138,0.013,0.11440018299102785,57.7,55.2,60.2,5.0,10.0,0.0,yahoo,0.11546039259476445,True
SPX,european,SPXW260817C07720000,call,2026-08-13,7748.5,7720.0,2026-08-17,0.03707000017166138,0.013,0.1045164012145996,53.55,53.4,53.7,0.30000000000000426,8.0,0.0,yahoo,0.11228045182253553,True
SPX,european,SPXW260817C07725000,call,2026-08-13,7748.5,7725.0,2026-08-17,0.03707000017166138,0.013,0.10317364120483397,50.05,49.9,50.2,0.30000000000000426,6.0,0.0,yahoo,0.11096926318764393,True
SPX,european,SPXW260817C07730000,call,2026-08-13,7748.5,7730.0,2026-08-17,0.03707000017166138,0.013,0.1024183386993408,46.85,46.7,47.0,0.29999999999999716,108.0,0.0,yahoo,0.11031239524890428,True
SPX,european,SPXW260817C07735000,call,2026-08-13,7748.5,7735.0,2026-08-17,0.03707000017166138,0.013,0.1016668508529663,43.75,43.6,43.9,0.29999999999999716,246.0,0.0,yahoo,0.10964450974288338,True
SPX,european,SPXW260817C07750000,call,2026-08-13,7748.5,7750.0,2026-08-17,0.03707000017166138,0.013,0.09766908809661866,34.45,34.3,34.6,0.30000000000000426,6.0,0.0,yahoo,0.10563461325102105,True
SPX,european,SPXW260817C07760000,call,2026-08-13,7748.5,7760.0,2026-08-17,0.03707000017166138,0.013,0.09512089580535892,28.85,28.7,29.0,0.3000000000000007,11.0,0.0,yahoo,0.10305157907870371,True
SPX,european,SPXW260817C07790000,call,2026-08-13,7748.5,7790.0,2026-08-17,0.03707000017166138,0.013,0.09027246406555176,16.0,15.9,16.1,0.20000000000000107,16.0,0.0,yahoo,0.09839920680622134,True
SPX,european,SPXW260817C07795000,call,2026-08-13,7748.5,7795.0,2026-08-17,0.03707000017166138,0.013,0.0901809122467041,14.5,14.4,14.6,0.1999999999999993,80.0,0.0,yahoo,0.0983673083147968,True
SPX,european,SPXW260817C07800000,call,2026-08-13,7748.5,7800.0,2026-08-17,0.03707000017166138,0.013,0.09007410179138184,13.05,12.9,13.2,0.29999999999999893,12.0,0.0,yahoo,0.09812379651288751,True
SPX,european,SPXW260817C07805000,call,2026-08-13,7748.5,7805.0,2026-08-17,0.03707000017166138,0.013,0.08995966201782227,11.75,11.6,11.9,0.3000000000000007,38.0,0.0,yahoo,0.0980458106085918,True
SPX,european,SPXW260817C07810000,call,2026-08-13,7748.5,7810.0,2026-08-17,0.03707000017166138,0.013,0.08912043701171876,10.35,10.2,10.5,0.3000000000000007,462.0,0.0,yahoo,0.09715330437464864,True
SPX,european,SPXW260817C07815000,call,2026-08-13,7748.5,7815.0,2026-08-17,0.03707000017166138,0.013,0.08860927268981933,9.2,9.1,9.3,0.20000000000000107,114.0,0.0,yahoo,0.0968381917477606,True
SPX,european,SPXW260817C07820000,call,2026-08-13,7748.5,7820.0,2026-08-17,0.03707000017166138,0.013,0.08891444541931154,8.3,8.2,8.4,0.20000000000000107,6.0,0.0,yahoo,0.09721445013747097,True
SPX,european,SPXW260817C07825000,call,2026-08-13,7748.5,7825.0,2026-08-17,0.03707000017166138,0.013,0.08932642860412598,7.5,7.4,7.6,0.1999999999999993,6.0,0.0,yahoo,0.09770474938480002,True
SPX,european,SPXW260817C07830000,call,2026-08-13,7748.5,7830.0,2026-08-17,0.03707000017166138,0.013,0.08806759109497073,6.4,6.3,6.5,0.20000000000000018,6.0,0.0,yahoo,0.09632301216694097,True
SPX,european,SPXW260817C07835000,call,2026-08-13,7748.5,7835.0,2026-08-17,0.03707000017166138,0.013,0.0887160831451416,5.800000000000001,5.7,5.9,0.20000000000000018,9.0,0.0,yahoo,0.09706611886061428,True
SPX,european,SPXW260817C07840000,call,2026-08-13,7748.5,7840.0,2026-08-17,0.03707000017166138,0.013,0.08805233245849611,5.0,4.9,5.1,0.1999999999999993,17.0,0.0,yahoo,0.09633540106866255,True
SPX,european,SPXW260817C07845000,call,2026-08-13,7748.5,7845.0,2026-08-17,0.03707000017166138,0.013,0.08805233245849611,4.4,4.3,4.5,0.20000000000000018,11.0,0.0,yahoo,0.0963376837965226,True
SPX,european,SPXW260817C07850000,call,2026-08-13,7748.5,7850.0,2026-08-17,0.03707000017166138,0.013,0.08829647064208986,3.9,3.8,4.0,0.20000000000000018,61.0,0.0,yahoo,0.09660681908114419,True
SPX,european,SPXW260817C07860000,call,2026-08-13,7748.5,7860.0,2026-08-17,0.03707000017166138,0.013,0.08776241836547852,2.95,2.9,3.0,0.10000000000000009,15.0,0.0,yahoo,0.09637091245651876,True
SPX,european,SPXW260817C07870000,call,2026-08-13,7748.5,7870.0,2026-08-17,0.03707000017166138,0.013,0.08799129791259766,2.25,2.2,2.3,0.09999999999999964,5.0,0.0,yahoo,0.09661294702314643,True
SPX,european,SPXW260817C07875000,call,2026-08-13,7748.5,7875.0,2026-08-17,0.03707000017166138,0.013,0.08851009155273437,1.9749999999999999,1.9,2.05,0.1499999999999999,12.0,0.0,yahoo,0.09691539817516105,True
SPX,european,SPXW260817C07880000,call,2026-08-13,7748.5,7880.0,2026-08-17,0.03707000017166138,0.013,0.08823543609619142,1.7,1.65,1.75,0.10000000000000009,989.0,0.0,yahoo,0.09686232494100754,True
SPX,european,SPXW260817C07885000,call,2026-08-13,7748.5,7885.0,2026-08-17,0.03707000017166138,0.013,0.08869319519042969,1.5,1.45,1.55,0.10000000000000009,666.0,0.0,yahoo,0.097341307280856,True
SPX,european,SPXW260817C07890000,call,2026-08-13,7748.5,7890.0,2026-08-17,0.03707000017166138,0.013,0.08948664428710937,1.325,1.25,1.4,0.1499999999999999,481.0,0.0,yahoo,0.09785834951568502,True
SPX,european,SPXW260817C07895000,call,2026-08-13,7748.5,7895.0,2026-08-17,0.03707000017166138,0.013,0.08942560974121094,1.15,1.1,1.2,0.09999999999999987,429.0,0.0,yahoo,0.09807570048445939,True
SPX,european,SPXW260817C07900000,call,2026-08-13,7748.5,7900.0,2026-08-17,0.03707000017166138,0.013,0.09046319702148437,1.025,0.95,1.1,0.15000000000000013,18.0,0.0,yahoo,0.09878292069625957,True
SPX,european,SPXW260817P07375000,put,2026-08-13,7748.5,7375.0,2026-08-17,0.03707000017166138,0.013,0.17469087036132813,0.375,0.35,0.4,0.050000000000000044,112.0,0.0,yahoo,0.19471051710037565,True
SPX,european,SPXW260817P07400000,put,2026-08-13,7748.5,7400.0,2026-08-17,0.03707000017166138,0.013,0.16651224121093755,0.42500000000000004,0.4,0.45,0.04999999999999999,478.0,0.0,yahoo,0.18574903302457324,True
SPX,european,SPXW260817P07420000,put,2026-08-13,7748.5,7420.0,2026-08-17,0.03707000017166138,0.013,0.16004257934570312,0.475,0.45,0.5,0.04999999999999999,193.0,0.0,yahoo,0.17866919034973547,True
SPX,european,SPXW260817P07425000,put,2026-08-13,7748.5,7425.0,2026-08-17,0.03707000017166138,0.013,0.15784533569335937,0.475,0.45,0.5,0.04999999999999999,35.0,0.0,yahoo,0.17624851981045245,True
SPX,european,SPXW260817P07440000,put,2026-08-13,7748.5,7440.0,2026-08-17,0.03707000017166138,0.013,0.15320671020507814,0.525,0.5,0.55,0.050000000000000044,5.0,0.0,yahoo,0.17117886090201637,True
SPX,european,SPXW260817P07455000,put,2026-08-13,7748.5,7455.0,2026-08-17,0.03707000017166138,0.013,0.1482629119873047,0.575,0.55,0.6,0.04999999999999993,551.0,0.0,yahoo,0.16580504754814426,True
SPX,european,SPXW260817P07465000,put,2026-08-13,7748.5,7465.0,2026-08-17,0.03707000017166138,0.013,0.14539428833007811,0.625,0.6,0.65,0.050000000000000044,9.0,0.0,yahoo,0.16267010822713207,True
SPX,european,SPXW260817P07475000,put,2026-08-13,7748.5,7475.0,2026-08-17,0.03707000017166138,0.013,0.14234256103515625,0.675,0.65,0.7,0.04999999999999993,2156.0,0.0,yahoo,0.1593418072865498,True
SPX,european,SPXW260817P07480000,put,2026-08-13,7748.5,7480.0,2026-08-17,0.03707000017166138,0.013,0.14148807739257813,0.7,0.65,0.75,0.09999999999999998,281.0,0.0,yahoo,0.15761071421302508,True
SPX,european,SPXW260817P07485000,put,2026-08-13,7748.5,7485.0,2026-08-17,0.03707000017166138,0.013,0.13916876464843753,0.725,0.7,0.75,0.050000000000000044,6.0,0.0,yahoo,0.1558375046070705,True
SPX,european,SPXW260817P07490000,put,2026-08-13,7748.5,7490.0,2026-08-17,0.03707000017166138,0.013,0.13813117736816405,0.75,0.7,0.8,0.10000000000000009,88.0,0.0,yahoo,0.15402381985744543,True
SPX,european,SPXW260817P07495000,put,2026-08-13,7748.5,7495.0,2026-08-17,0.03707000017166138,0.013,0.13703255554199223,0.8,0.75,0.85,0.09999999999999998,105.0,0.0,yahoo,0.15288341802710292,True
SPX,european,SPXW260817P07500000,put,2026-08-13,7748.5,7500.0,2026-08-17,0.03707000017166138,0.013,0.13471324279785157,0.825,0.8,0.85,0.04999999999999993,8.0,0.0,yahoo,0.15096971237404067,True
SPX,european,SPXW260817P07505000,put,2026-08-13,7748.5,7505.0,2026-08-17,0.03707000017166138,0.013,0.1334925518798828,0.8500000000000001,0.8,0.9,0.09999999999999998,109.0,0.0,yahoo,0.1490206324962075,True
SPX,european,SPXW260817P07515000,put,2026-08-13,7748.5,7515.0,2026-08-17,0.03707000017166138,0.013,0.1308985836791992,0.95,0.9,1.0,0.09999999999999998,24.0,0.0,yahoo,0.14623815933933396,True
SPX,european,SPXW260817P07520000,put,2026-08-13,7748.5,7520.0,2026-08-17,0.03707000017166138,0.013,0.12949478912353518,1.0,0.95,1.05,0.10000000000000009,119.0,0.0,yahoo,0.14472784018348783,True
SPX,european,SPXW260817P07525000,put,2026-08-13,7748.5,7525.0,2026-08-17,0.03707000017166138,0.013,0.12802996002197264,1.05,1.0,1.1,0.10000000000000009,571.0,0.0,yahoo,0.14314474209346692,True
SPX,european,SPXW260817P07530000,put,2026-08-13,7748.5,7530.0,2026-08-17,0.03707000017166138,0.013,0.1265040963745117,1.1,1.05,1.15,0.09999999999999987,69.0,0.0,yahoo,0.14149299087118444,True
SPX,european,SPXW260817P07535000,put,2026-08-13,7748.5,7535.0,2026-08-17,0.03707000017166138,0.013,0.12491719818115235,1.15,1.1,1.2,0.09999999999999987,11.0,0.0,yahoo,0.13977617259397912,True
SPX,european,SPXW260817P07540000,put,2026-08-13,7748.5,7540.0,2026-08-17,0.03707000017166138,0.013,0.12412374908447266,1.25,1.2,1.3,0.10000000000000009,117.0,0.0,yahoo,0.1389498193331087,True
SPX,european,SPXW260817P07545000,put,2026-08-13,7748.5,7545.0,2026-08-17,0.03707000017166138,0.013,0.12241478179931642,1.3,1.25,1.35,0.10000000000000009,6264.0,0.0,yahoo,0.13707532062499767,True
SPX,european,SPXW260817P07550000,put,2026-08-13,7748.5,7550.0,2026-08-17,0.03707000017166138,0.013,0.12137719451904297,1.375,1.3,1.45,0.1499999999999999,14.0,0.0,yahoo,0.1355795880779874,True
SPX,european,SPXW260817P07555000,put,2026-08-13,7748.5,7555.0,2026-08-17,0.03707000017166138,0.013,0.12026331405639648,1.475,1.4,1.55,0.15000000000000013,672.0,0.0,yahoo,0.13440471435033238,True
SPX,european,SPXW260817P07565000,put,2026-08-13,7748.5,7565.0,2026-08-17,0.03707000017166138,0.013,0.11771512176513671,1.675,1.6,1.75,0.1499999999999999,154.0,0.0,yahoo,0.13169609222174475,True
SPX,european,SPXW260817P07570000,put,2026-08-13,7748.5,7570.0,2026-08-17,0.03707000017166138,0.013,0.11629606857299804,1.8,1.75,1.85,0.10000000000000009,64.0,0.0,yahoo,0.13052734395897125,True
SPX,european,SPXW260817P07575000,put,2026-08-13,7748.5,7575.0,2026-08-17,0.03707000017166138,0.013,0.11480072219848633,1.9,1.85,1.95,0.09999999999999987,13.0,0.0,yahoo,0.12889655174261258,True
SPX,european,SPXW260817P07580000,put,2026-08-13,7748.5,7580.0,2026-08-17,0.03707000017166138,0.013,0.1137783935546875,2.05,2.0,2.1,0.10000000000000009,12.0,0.0,yahoo,0.12780126454963647,True
SPX,european,SPXW260817P07585000,put,2026-08-13,7748.5,7585.0,2026-08-17,0.03707000017166138,0.013,0.11261873718261718,2.175,2.1,2.25,0.1499999999999999,8.0,0.0,yahoo,0.12626264702129358,True
SPX,european,SPXW260817P07600000,put,2026-08-13,7748.5,7600.0,2026-08-17,0.03707000017166138,0.013,0.10846838806152344,2.6500000000000004,2.6,2.7,0.10000000000000009,26.0,0.0,yahoo,0.12205099769612246,True
SPX,european,SPXW260817P07610000,put,2026-08-13,7748.5,7610.0,2026-08-17,0.03707000017166138,0.013,0.10601174758911133,3.05,3.0,3.1,0.10000000000000009,11.0,0.0,yahoo,0.11939422308819521,True
SPX,european,SPXW260817P07615000,put,2026-08-13,7748.5,7615.0,2026-08-17,0.03707000017166138,0.013,0.10534799690246582,3.3,3.2,3.4,0.19999999999999973,231.0,0.0,yahoo,0.11828097828022327,True
SPX,european,SPXW260817P07620000,put,2026-08-13,7748.5,7620.0,2026-08-17,0.03707000017166138,0.013,0.10378398666381836,3.55,3.5,3.6,0.10000000000000009,18.0,0.0,yahoo,0.11699262972567992,True
SPX,european,SPXW260817P07625000,put,2026-08-13,7748.5,7625.0,2026-08-17,0.03707000017166138,0.013,0.10346355529785155,3.9,3.8,4.0,0.20000000000000018,8.0,0.0,yahoo,0.11631262873655211,True
SPX,european,SPXW260817P07640000,put,2026-08-13,7748.5,7640.0,2026-08-17,0.03707000017166138,0.013,0.09942001663208008,4.800000000000001,4.7,4.9,0.20000000000000018,7.0,0.0,yahoo,0.11197842506784557,True
SPX,european,SPXW260817P07650000,put,2026-08-13,7748.5,7650.0,2026-08-17,0.03707000017166138,0.013,0.09655139297485352,5.55,5.5,5.6,0.09999999999999964,21.0,0.0,yahoo,0.1091971133480411,True
SPX,european,SPXW260817P07655000,put,2026-08-13,7748.5,7655.0,2026-08-17,0.03707000017166138,0.013,0.09565113342285157,6.05,6.0,6.1,0.09999999999999964,74.0,0.0,yahoo,0.10824192259974535,True
SPX,european,SPXW260817P07660000,put,2026-08-13,7748.5,7660.0,2026-08-17,0.03707000017166138,0.013,0.0950179000091553,6.6,6.5,6.7,0.20000000000000018,8.0,0.0,yahoo,0.10731938312166266,True
SPX,european,SPXW260817P07665000,put,2026-08-13,7748.5,7665.0,2026-08-17,0.03707000017166138,0.013,0.09369039863586426,7.1,7.0,7.2,0.20000000000000018,10.0,0.0,yahoo,0.10589486970076727,True
SPX,european,SPXW260817P07670000,put,2026-08-13,7748.5,7670.0,2026-08-17,0.03707000017166138,0.013,0.09217216430664063,7.6,7.5,7.7,0.20000000000000018,11.0,0.0,yahoo,0.10426255939408242,True
SPX,european,SPXW260817P07675000,put,2026-08-13,7748.5,7675.0,2026-08-17,0.03707000017166138,0.013,0.09089806816101073,8.2,8.1,8.3,0.20000000000000107,9.0,0.0,yahoo,0.10290147954226753,True
SPX,european,SPXW260817P07690000,put,2026-08-13,7748.5,7690.0,2026-08-17,0.03707000017166138,0.013,0.08769375450134279,10.5,10.4,10.6,0.1999999999999993,120.0,0.0,yahoo,0.09953819338704116,True
SPX,european,SPXW260817P07695000,put,2026-08-13,7748.5,7695.0,2026-08-17,0.03707000017166138,0.013,0.08626707199096681,11.3,11.2,11.4,0.20000000000000107,184.0,0.0,yahoo,0.09801971061762522,True
SPX,european,SPXW260817P07700000,put,2026-08-13,7748.5,7700.0,2026-08-17,0.03707000017166138,0.013,0.08461150993347169,12.1,12.0,12.2,0.1999999999999993,9.0,0.0,yahoo,0.09624170381577493,True
SPX,european,SPXW260817P07705000,put,2026-08-13,7748.5,7705.0,2026-08-17,0.03707000017166138,0.013,0.08403168174743655,13.3,13.2,13.4,0.20000000000000107,7.0,0.0,yahoo,0.0956867177347438,True
SPX,european,SPXW260817P07710000,put,2026-08-13,7748.5,7710.0,2026-08-17,0.03707000017166138,0.013,0.08250963275909425,14.3,14.2,14.4,0.20000000000000107,12.0,0.0,yahoo,0.09407038832210628,True
SPX,european,SPXW260817P07725000,put,2026-08-13,7748.5,7725.0,2026-08-17,0.03707000017166138,0.013,0.07896581443786621,18.15,18.0,18.3,0.3000000000000007,204.0,0.0,yahoo,0.09025801527409437,True
SPX,european,SPXW260817P07745000,put,2026-08-13,7748.5,7745.0,2026-08-17,0.03707000017166138,0.013,0.0744187407684326,25.049999999999997,24.9,25.2,0.3000000000000007,10.0,0.0,yahoo,0.085743736830552,True
SPX,european,SPXW260817P07750000,put,2026-08-13,7748.5,7750.0,2026-08-17,0.03707000017166138,0.013,0.07337352416992188,27.1,26.9,27.3,0.40000000000000213,9.0,0.0,yahoo,0.08459794057630185,True
SPX,european,SPXW260817P07755000,put,2026-08-13,7748.5,7755.0,2026-08-17,0.03707000017166138,0.013,0.07163022495269776,29.1,28.9,29.3,0.40000000000000213,9.0,0.0,yahoo,0.08284971480858222,True
SPX,european,SPXW260817P07760000,put,2026-08-13,7748.5,7760.0,2026-08-17,0.03707000017166138,0.013,0.07027602096557617,31.450000000000003,31.3,31.6,0.3000000000000007,5.0,0.0,yahoo,0.0817159662971942,True
SPX,european,SPXW260817P07765000,put,2026-08-13,7748.5,7765.0,2026-08-17,0.03707000017166138,0.013,0.0690095541381836,33.900000000000006,33.7,34.1,0.3999999999999986,147.0,0.0,yahoo,0.08040445092128175,True
SPX,european,SPXW260817P07770000,put,2026-08-13,7748.5,7770.0,2026-08-17,0.03707000017166138,0.013,0.06841446731567385,36.8,36.6,37.0,0.3999999999999986,162.0,0.0,yahoo,0.08002077097965418,True
SPX,european,SPXW260817P07775000,put,2026-08-13,7748.5,7775.0,2026-08-17,0.03707000017166138,0.013,0.0664232152557373,39.400000000000006,39.2,39.6,0.3999999999999986,65.0,0.0,yahoo,0.07813822875440433,True
SPX,european,SPXW260817P07780000,put,2026-08-13,7748.5,7780.0,2026-08-17,0.03707000017166138,0.013,0.06537799865722656,42.55,42.4,42.7,0.30000000000000426,102.0,0.0,yahoo,0.07752701777174179,True
SPX,european,SPXW260817P07785000,put,2026-08-13,7748.5,7785.0,2026-08-17,0.03707000017166138,0.013,0.06374532455444337,45.65,45.5,45.8,0.29999999999999716,88.0,0.0,yahoo,0.07618062565280241,True
SPX,european,SPXW260817P07795000,put,2026-08-13,7748.5,7795.0,2026-08-17,0.03707000017166138,0.013,0.060113769073486326,52.35,52.2,52.5,0.29999999999999716,41.0,0.0,yahoo,0.07341930153989529,True
SPX,european,SPXW260817P07800000,put,2026-08-13,7748.5,7800.0,2026-08-17,0.03707000017166138,0.013,0.06597308547973635,55.5,53.0,58.0,5.0,26.0,0.0,yahoo,0.07000523593970454,True
SPX,european,SPXW260817P07805000,put,2026-08-13,7748.5,7805.0,2026-08-17,0.03707000017166138,0.013,0.06561450752258302,59.5,57.0,62.0,5.0,6.0,0.0,yahoo,0.06952781740272396,True
SPX,european,SPXW260817P07810000,put,2026-08-13,7748.5,7810.0,2026-08-17,0.03707000017166138,0.013,0.061273425445556653,62.8,60.3,65.3,5.0,9.0,0.0,yahoo,0.06441593346624118,True
SPX,european,SPXW260817P07815000,put,2026-08-13,7748.5,7815.0,2026-08-17,0.03707000017166138,0.013,0.06084618362426758,67.1,64.6,69.6,5.0,5.0,0.0,yahoo,0.06371117265841837,True
SPX,european,SPXW260817P07820000,put,2026-08-13,7748.5,7820.0,2026-08-17,0.03707000017166138,0.013,0.054834280853271494,71.0,68.8,73.2,4.400000000000006,14.0,0.0,yahoo,0.05878527649810545,True
SPX,european,SPXW260818C07150000,call,2026-08-13,7748.5,7150.0,2026-08-18,0.03707000017166138,0.013,0.4542138319396973,607.6,600.1,615.1,15.0,86.0,0.0,yahoo,0.41036187278241215,True
SPX,european,SPXW260818C07250000,call,2026-08-13,7748.5,7250.0,2026-08-18,0.03707000017166138,0.013,0.39798575653076174,508.29999999999995,500.8,515.8,14.999999999999943,10.0,0.0,yahoo,0.35917263291207635,True
SPX,european,SPXW260818C07300000,call,2026-08-13,7748.5,7300.0,2026-08-18,0.03707000017166138,0.013,0.36771262176513675,458.4,450.9,465.9,15.0,6.0,0.0,yahoo,0.33027197550752524,True
SPX,european,SPXW260818C07325000,call,2026-08-13,7748.5,7325.0,2026-08-18,0.03707000017166138,0.013,0.3481739377593994,433.6,427.0,440.2,13.199999999999989,75.0,0.0,yahoo,0.31706376825775207,True
SPX,european,SPXW260818C07350000,call,2026-08-13,7748.5,7350.0,2026-08-18,0.03707000017166138,0.013,0.33484551879882807,408.1,400.6,415.6,15.0,10.0,0.0,yahoo,0.29743353354896856,True
SPX,european,SPXW260818C07375000,call,2026-08-13,7748.5,7375.0,2026-08-18,0.03707000017166138,0.013,0.3196784341430663,383.2,375.7,390.7,15.0,10.0,0.0,yahoo,0.2832232016474159,True
SPX,european,SPXW260818C07390000,call,2026-08-13,7748.5,7390.0,2026-08-18,0.03707000017166138,0.013,0.3127967890930175,368.7,361.2,376.2,15.0,8.0,0.0,yahoo,0.2783178587067319,True
SPX,european,SPXW260818C07420000,call,2026-08-13,7748.5,7420.0,2026-08-18,0.03707000017166138,0.013,0.2920679314422606,338.4,330.9,345.9,15.0,40.0,0.0,yahoo,0.25741426646924165,True
SPX,european,SPXW260818C07440000,call,2026-08-13,7748.5,7440.0,2026-08-18,0.03707000017166138,0.013,0.28209641250610346,319.0,311.5,326.5,15.0,42.0,0.0,yahoo,0.24966768864703684,True
SPX,european,SPXW260818C07445000,call,2026-08-13,7748.5,7445.0,2026-08-18,0.03707000017166138,0.013,0.2764201997375488,313.5,306.0,321.0,15.0,8.0,0.0,yahoo,0.242735088724585,True
SPX,european,SPXW260818C07455000,call,2026-08-13,7748.5,7455.0,2026-08-18,0.03707000017166138,0.013,0.2727733856201171,304.1,296.6,311.6,15.0,10.0,0.0,yahoo,0.2409739768668637,True
SPX,european,SPXW260818C07460000,call,2026-08-13,7748.5,7460.0,2026-08-18,0.03707000017166138,0.013,0.2676007078552246,298.7,291.2,306.2,15.0,21.0,0.0,yahoo,0.2348786556150766,True
SPX,european,SPXW260818C07480000,call,2026-08-13,7748.5,7480.0,2026-08-18,0.03707000017166138,0.013,0.25536328140258796,278.9,271.4,286.4,15.0,7.0,0.0,yahoo,0.2237058425067025,True
SPX,european,SPXW260818C07485000,call,2026-08-13,7748.5,7485.0,2026-08-18,0.03707000017166138,0.013,0.25431043548583987,274.4,266.9,281.9,15.0,6.0,0.0,yahoo,0.22399241692211236,True
SPX,european,SPXW260818C07495000,call,2026-08-13,7748.5,7495.0,2026-08-18,0.03707000017166138,0.013,0.24583426292419433,264.0,256.5,271.5,15.0,5.0,0.0,yahoo,0.21483870587932027,True
SPX,european,SPXW260818C07505000,call,2026-08-13,7748.5,7505.0,2026-08-18,0.03707000017166138,0.013,0.24001309310913083,254.2,246.7,261.7,15.0,5.0,0.0,yahoo,0.20975963927733257,True
SPX,european,SPXW260818C07520000,call,2026-08-13,7748.5,7520.0,2026-08-18,0.03707000017166138,0.013,0.23284916328430175,239.9,232.4,247.4,15.0,5.0,0.0,yahoo,0.20448270361386,True
SPX,european,SPXW260818C07525000,call,2026-08-13,7748.5,7525.0,2026-08-18,0.03707000017166138,0.013,0.22984321189880372,235.0,227.5,242.5,15.0,12.0,0.0,yahoo,0.2017970903665986,True
SPX,european,SPXW260818C07530000,call,2026-08-13,7748.5,7530.0,2026-08-18,0.03707000017166138,0.013,0.22346510185241697,230.25,223.7,236.8,13.100000000000023,20.0,0.0,yahoo,0.19999352637731757,True
SPX,european,SPXW260818C07545000,call,2026-08-13,7748.5,7545.0,2026-08-18,0.03707000017166138,0.013,0.21761341476440427,215.4,207.9,222.9,15.0,11.0,0.0,yahoo,0.19080849829685062,True
SPX,european,SPXW260818C07550000,call,2026-08-13,7748.5,7550.0,2026-08-18,0.03707000017166138,0.013,0.18310600837707516,210.14999999999998,209.6,210.7,1.0999999999999943,10.0,0.0,yahoo,0.18598198499181695,True
SPX,european,SPXW260818C07555000,call,2026-08-13,7748.5,7555.0,2026-08-18,0.03707000017166138,0.013,0.20170628623962403,205.7,200.7,210.7,10.0,14.0,0.0,yahoo,0.18572416582077292,True
SPX,european,SPXW260818C07560000,call,2026-08-13,7748.5,7560.0,2026-08-18,0.03707000017166138,0.013,0.19702188484191893,200.4,195.4,205.4,10.0,6.0,0.0,yahoo,0.18062457430467163,True
SPX,european,SPXW260818C07565000,call,2026-08-13,7748.5,7565.0,2026-08-18,0.03707000017166138,0.013,0.19599192687988282,196.0,191.0,201.0,10.0,14.0,0.0,yahoo,0.1804991010865488,True
SPX,european,SPXW260818C07580000,call,2026-08-13,7748.5,7580.0,2026-08-18,0.03707000017166138,0.013,0.18585256294250488,181.1,176.1,186.1,10.0,17.0,0.0,yahoo,0.17057688434177054,True
SPX,european,SPXW260818C07590000,call,2026-08-13,7748.5,7590.0,2026-08-18,0.03707000017166138,0.013,0.18026790199279788,171.5,166.5,176.5,10.0,51.0,0.0,yahoo,0.16555274381697982,True
SPX,european,SPXW260818C07600000,call,2026-08-13,7748.5,7600.0,2026-08-18,0.03707000017166138,0.013,0.15798266342163086,162.05,161.5,162.6,1.0999999999999943,20.0,0.0,yahoo,0.16106232811341478,True
SPX,european,SPXW260818C07605000,call,2026-08-13,7748.5,7605.0,2026-08-18,0.03707000017166138,0.013,0.1738058694458008,157.7,152.7,162.7,10.0,7.0,0.0,yahoo,0.16048115956651277,True
SPX,european,SPXW260818C07610000,call,2026-08-13,7748.5,7610.0,2026-08-18,0.03707000017166138,0.013,0.17117375465393067,153.0,148.0,158.0,10.0,11.0,0.0,yahoo,0.1581579233808125,True
SPX,european,SPXW260818C07615000,call,2026-08-13,7748.5,7615.0,2026-08-18,0.03707000017166138,0.013,0.16708444007873538,147.9,142.9,152.9,10.0,10.0,0.0,yahoo,0.1539702998645036,True
SPX,european,SPXW260818C07625000,call,2026-08-13,7748.5,7625.0,2026-08-18,0.03707000017166138,0.013,0.16333081550598147,139.0,134.0,144.0,10.0,5.0,0.0,yahoo,0.15121803940665546,True
SPX,european,SPXW260818C07630000,call,2026-08-13,7748.5,7630.0,2026-08-18,0.03707000017166138,0.013,0.1608283991241455,134.4,129.4,139.4,10.0,7.0,0.0,yahoo,0.14903833920560047,True
SPX,european,SPXW260818C07635000,call,2026-08-13,7748.5,7635.0,2026-08-18,0.03707000017166138,0.013,0.15827257751464846,129.8,124.8,134.8,10.000000000000014,12.0,0.0,yahoo,0.1467734301080817,True
SPX,european,SPXW260818C07640000,call,2026-08-13,7748.5,7640.0,2026-08-18,0.03707000017166138,0.013,0.15466390998840335,124.9,119.9,129.9,10.0,5.0,0.0,yahoo,0.1432168323499087,True
SPX,european,SPXW260818C07650000,call,2026-08-13,7748.5,7650.0,2026-08-18,0.03707000017166138,0.013,0.14955989608764647,115.8,110.8,120.8,10.0,15.0,0.0,yahoo,0.13869496449277205,True
SPX,european,SPXW260818C07655000,call,2026-08-13,7748.5,7655.0,2026-08-18,0.03707000017166138,0.013,0.14861386062622073,111.8,106.8,116.8,10.0,14.0,0.0,yahoo,0.13835746813812816,True
SPX,european,SPXW260818C07660000,call,2026-08-13,7748.5,7660.0,2026-08-18,0.03707000017166138,0.013,0.1404504901123047,106.95,103.4,110.5,7.099999999999994,14.0,0.0,yahoo,0.13471086379522598,True
SPX,european,SPXW260818C07675000,call,2026-08-13,7748.5,7675.0,2026-08-18,0.03707000017166138,0.013,0.1303034968566894,94.1,91.9,96.3,4.3999999999999915,18.0,0.0,yahoo,0.1293167940629076,True
SPX,european,SPXW260818C07680000,call,2026-08-13,7748.5,7680.0,2026-08-18,0.03707000017166138,0.013,0.13010131992340085,90.2,87.7,92.7,5.0,14.0,0.0,yahoo,0.12852679002623812,True
SPX,european,SPXW260818C07685000,call,2026-08-13,7748.5,7685.0,2026-08-18,0.03707000017166138,0.013,0.1282817275238037,86.1,83.6,88.6,5.0,14.0,0.0,yahoo,0.12688623827664586,True
SPX,european,SPXW260818C07690000,call,2026-08-13,7748.5,7690.0,2026-08-18,0.03707000017166138,0.013,0.1263286220550537,82.0,79.5,84.5,5.0,11.0,0.0,yahoo,0.12508238273462013,True
SPX,european,SPXW260818C07695000,call,2026-08-13,7748.5,7695.0,2026-08-18,0.03707000017166138,0.013,0.12313193771362305,77.5,75.0,80.0,5.0,34.0,0.0,yahoo,0.12185350609019148,True
SPX,european,SPXW260818C07700000,call,2026-08-13,7748.5,7700.0,2026-08-18,0.03707000017166138,0.013,0.11707044437408447,73.95,73.4,74.5,1.0999999999999943,80.0,0.0,yahoo,0.12144690732041552,True
SPX,european,SPXW260818C07705000,call,2026-08-13,7748.5,7705.0,2026-08-18,0.03707000017166138,0.013,0.12074777576446534,70.1,67.6,72.6,5.0,59.0,0.0,yahoo,0.11989902258913679,True
SPX,european,SPXW260818C07715000,call,2026-08-13,7748.5,7715.0,2026-08-18,0.03707000017166138,0.013,0.11027653648376465,62.2,62.0,62.4,0.3999999999999986,13.0,0.0,yahoo,0.11562880492742555,True
SPX,european,SPXW260818C07720000,call,2026-08-13,7748.5,7720.0,2026-08-18,0.03707000017166138,0.013,0.10934575965881346,58.85,58.7,59.0,0.29999999999999716,22.0,0.0,yahoo,0.11494608279693658,True
SPX,european,SPXW260818C07730000,call,2026-08-13,7748.5,7730.0,2026-08-18,0.03707000017166138,0.013,0.10660301975250246,51.900000000000006,51.7,52.1,0.3999999999999986,293.0,0.0,yahoo,0.11214395375400699,True
SPX,european,SPXW260818C07735000,call,2026-08-13,7748.5,7735.0,2026-08-18,0.03707000017166138,0.013,0.10376872802734374,48.05,47.9,48.2,0.30000000000000426,97.0,0.0,yahoo,0.10933494440910771,True
SPX,european,SPXW260818C07745000,call,2026-08-13,7748.5,7745.0,2026-08-18,0.03707000017166138,0.013,0.10200635551452636,42.05,41.9,42.2,0.30000000000000426,106.0,0.0,yahoo,0.10771613020285922,True
SPX,european,SPXW260818C07755000,call,2026-08-13,7748.5,7755.0,2026-08-18,0.03707000017166138,0.013,0.10002273277282714,36.35,36.2,36.5,0.29999999999999716,612.0,0.0,yahoo,0.10582246642708654,True
SPX,european,SPXW260818C07760000,call,2026-08-13,7748.5,7760.0,2026-08-18,0.03707000017166138,0.013,0.09953445640563965,33.85,33.7,34.0,0.29999999999999716,280.0,0.0,yahoo,0.10541385182999134,True
SPX,european,SPXW260818C07765000,call,2026-08-13,7748.5,7765.0,2026-08-18,0.03707000017166138,0.013,0.0987867832183838,31.3,31.1,31.5,0.3999999999999986,24.0,0.0,yahoo,0.10457270124991597,True
SPX,european,SPXW260818C07770000,call,2026-08-13,7748.5,7770.0,2026-08-18,0.03707000017166138,0.013,0.0972494755935669,28.65,28.5,28.8,0.3000000000000007,73.0,0.0,yahoo,0.10314499042746537,True
SPX,european,SPXW260818C07780000,call,2026-08-13,7748.5,7780.0,2026-08-18,0.03707000017166138,0.013,0.09618137104034426,24.35,24.2,24.5,0.3000000000000007,69.0,0.0,yahoo,0.1021804717552081,True
SPX,european,SPXW260818C07785000,call,2026-08-13,7748.5,7785.0,2026-08-18,0.03707000017166138,0.013,0.09562824546813967,22.35,22.2,22.5,0.3000000000000007,42.0,0.0,yahoo,0.10166514094229129,True
SPX,european,SPXW260818C07790000,call,2026-08-13,7748.5,7790.0,2026-08-18,0.03707000017166138,0.013,0.09450292102813722,20.25,20.1,20.4,0.29999999999999716,101.0,0.0,yahoo,0.10052429498251193,True
SPX,european,SPXW260818C07795000,call,2026-08-13,7748.5,7795.0,2026-08-18,0.03707000017166138,0.013,0.09419011898040772,18.549999999999997,18.4,18.7,0.3000000000000007,114.0,0.0,yahoo,0.10026006747353548,True
SPX,european,SPXW260818C07800000,call,2026-08-13,7748.5,7800.0,2026-08-18,0.03707000017166138,0.013,0.09388113159179687,16.950000000000003,16.8,17.1,0.3000000000000007,12.0,0.0,yahoo,0.09999191637228835,True
SPX,european,SPXW260818C07810000,call,2026-08-13,7748.5,7810.0,2026-08-18,0.03707000017166138,0.013,0.09266806999206542,13.85,13.7,14.0,0.3000000000000007,245.0,0.0,yahoo,0.09879088958285229,True
SPX,european,SPXW260818C07815000,call,2026-08-13,7748.5,7815.0,2026-08-18,0.03707000017166138,0.013,0.09205772453308106,12.5,12.4,12.6,0.1999999999999993,66.0,0.0,yahoo,0.09835482632336039,True
SPX,european,SPXW260818C07830000,call,2026-08-13,7748.5,7830.0,2026-08-18,0.03707000017166138,0.013,0.09143974975585936,9.2,9.1,9.3,0.20000000000000107,66.0,0.0,yahoo,0.09781944621990611,True
SPX,european,SPXW260818C07835000,call,2026-08-13,7748.5,7835.0,2026-08-18,0.03707000017166138,0.013,0.09099724929809572,8.2,8.1,8.3,0.20000000000000107,62.0,0.0,yahoo,0.09737041352119076,True
SPX,european,SPXW260818C07840000,call,2026-08-13,7748.5,7840.0,2026-08-18,0.03707000017166138,0.013,0.09063104202270508,7.300000000000001,7.2,7.4,0.20000000000000018,37.0,0.0,yahoo,0.09700137575008783,True
SPX,european,SPXW260818C07845000,call,2026-08-13,7748.5,7845.0,2026-08-18,0.03707000017166138,0.013,0.09081414566040039,6.6,6.5,6.7,0.20000000000000018,84.0,0.0,yahoo,0.09722825697138295,True
SPX,european,SPXW260818C07850000,call,2026-08-13,7748.5,7850.0,2026-08-18,0.03707000017166138,0.013,0.09026483474731445,5.800000000000001,5.7,5.9,0.20000000000000018,5.0,0.0,yahoo,0.09664574720052396,True
SPX,european,SPXW260818C07855000,call,2026-08-13,7748.5,7855.0,2026-08-18,0.03707000017166138,0.013,0.0903487572479248,5.199999999999999,5.1,5.3,0.20000000000000018,153.0,0.0,yahoo,0.09675487138520111,True
SPX,european,SPXW260818C07860000,call,2026-08-13,7748.5,7860.0,2026-08-18,0.03707000017166138,0.013,0.0901580242919922,4.65,4.6,4.7,0.10000000000000053,44.0,0.0,yahoo,0.0968455346460977,True
SPX,european,SPXW260818C07865000,call,2026-08-13,7748.5,7865.0,2026-08-18,0.03707000017166138,0.013,0.09021905883789064,4.1,4.0,4.2,0.20000000000000018,7.0,0.0,yahoo,0.09662176778315103,True
SPX,european,SPXW260818C07870000,call,2026-08-13,7748.5,7870.0,2026-08-18,0.03707000017166138,0.013,0.0900054379272461,3.6500000000000004,3.6,3.7,0.10000000000000009,276.0,0.0,yahoo,0.09671327594901462,True
SPX,european,SPXW260818C07880000,call,2026-08-13,7748.5,7880.0,2026-08-18,0.03707000017166138,0.013,0.0903258692932129,2.875,2.8,2.95,0.15000000000000036,538.0,0.0,yahoo,0.09689216766835919,True
SPX,european,SPXW260818C07885000,call,2026-08-13,7748.5,7885.0,2026-08-18,0.03707000017166138,0.013,0.09028009338378906,2.55,2.5,2.6,0.10000000000000009,80.0,0.0,yahoo,0.09703341422207072,True
SPX,european,SPXW260818C07910000,call,2026-08-13,7748.5,7910.0,2026-08-18,0.03707000017166138,0.013,0.09143974975585936,1.375,1.3,1.45,0.1499999999999999,243.0,0.0,yahoo,0.097902787918916,True
SPX,european,SPXW260818C07920000,call,2026-08-13,7748.5,7920.0,2026-08-18,0.03707000017166138,0.013,0.09208061248779298,1.075,1.0,1.15,0.1499999999999999,107.0,0.0,yahoo,0.09845966815637952,True
SPX,european,SPXW260818P07380000,put,2026-08-13,7748.5,7380.0,2026-08-18,0.03707000017166138,0.013,0.17072362487792972,0.7,0.65,0.75,0.09999999999999998,9.0,0.0,yahoo,0.18635498110742357,True
SPX,european,SPXW260818P07385000,put,2026-08-13,7748.5,7385.0,2026-08-18,0.03707000017166138,0.013,0.16864845031738285,0.7,0.65,0.75,0.09999999999999998,5.0,0.0,yahoo,0.18411557102099146,True
SPX,european,SPXW260818P07390000,put,2026-08-13,7748.5,7390.0,2026-08-18,0.03707000017166138,0.013,0.166573275756836,0.7,0.65,0.75,0.09999999999999998,13.0,0.0,yahoo,0.18187458271975313,True
SPX,european,SPXW260818P07395000,put,2026-08-13,7748.5,7395.0,2026-08-18,0.03707000017166138,0.013,0.16449810119628905,0.725,0.7,0.75,0.050000000000000044,21.0,0.0,yahoo,0.18048502503162708,True
SPX,european,SPXW260818P07400000,put,2026-08-13,7748.5,7400.0,2026-08-18,0.03707000017166138,0.013,0.1638877557373047,0.75,0.7,0.8,0.10000000000000009,33.0,0.0,yahoo,0.17905776324834405,True
SPX,european,SPXW260818P07405000,put,2026-08-13,7748.5,7405.0,2026-08-18,0.03707000017166138,0.013,0.16181258117675779,0.75,0.7,0.8,0.10000000000000009,8.0,0.0,yahoo,0.17679517532404224,True
SPX,european,SPXW260818P07410000,put,2026-08-13,7748.5,7410.0,2026-08-18,0.03707000017166138,0.013,0.16108016662597657,0.8,0.75,0.85,0.09999999999999998,7.0,0.0,yahoo,0.17609643017173135,True
SPX,european,SPXW260818P07425000,put,2026-08-13,7748.5,7425.0,2026-08-18,0.03707000017166138,0.013,0.15729602478027344,0.8999999999999999,0.85,0.95,0.09999999999999998,5.0,0.0,yahoo,0.17210153393725014,True
SPX,european,SPXW260818P07445000,put,2026-08-13,7748.5,7445.0,2026-08-18,0.03707000017166138,0.013,0.15100946655273442,1.0,0.95,1.05,0.10000000000000009,470.0,0.0,yahoo,0.1653603386357305,True
SPX,european,SPXW260818P07475000,put,2026-08-13,7748.5,7475.0,2026-08-18,0.03707000017166138,0.013,0.14267825103759768,1.25,1.2,1.3,0.10000000000000009,51.0,0.0,yahoo,0.15652830562071024,True
SPX,european,SPXW260818P07480000,put,2026-08-13,7748.5,7480.0,2026-08-18,0.03707000017166138,0.013,0.14130497375488282,1.275,1.2,1.35,0.15000000000000013,63.0,0.0,yahoo,0.15458184491578134,True
SPX,european,SPXW260818P07485000,put,2026-08-13,7748.5,7485.0,2026-08-18,0.03707000017166138,0.013,0.13990117919921874,1.35,1.3,1.4,0.09999999999999987,7.0,0.0,yahoo,0.15355484167168248,True
SPX,european,SPXW260818P07490000,put,2026-08-13,7748.5,7490.0,2026-08-18,0.03707000017166138,0.013,0.13922979919433598,1.425,1.35,1.5,0.1499999999999999,77.0,0.0,yahoo,0.15244281496568388,True
SPX,european,SPXW260818P07495000,put,2026-08-13,7748.5,7495.0,2026-08-18,0.03707000017166138,0.013,0.13770393554687502,1.5,1.45,1.55,0.10000000000000009,32.0,0.0,yahoo,0.15125157024210392,True
SPX,european,SPXW260818P07505000,put,2026-08-13,7748.5,7505.0,2026-08-18,0.03707000017166138,0.013,0.13526255371093754,1.625,1.55,1.7,0.1499999999999999,11.0,0.0,yahoo,0.14825717904743982,True
SPX,european,SPXW260818P07510000,put,2026-08-13,7748.5,7510.0,2026-08-18,0.03707000017166138,0.013,0.1336146209716797,1.675,1.6,1.75,0.1499999999999999,2333.0,0.0,yahoo,0.14648919436799474,True
SPX,european,SPXW260818P07515000,put,2026-08-13,7748.5,7515.0,2026-08-18,0.03707000017166138,0.013,0.13257703369140628,1.775,1.7,1.85,0.15000000000000013,29.0,0.0,yahoo,0.14542109031627143,True
SPX,european,SPXW260818P07520000,put,2026-08-13,7748.5,7520.0,2026-08-18,0.03707000017166138,0.013,0.13083754913330076,1.85,1.8,1.9,0.09999999999999987,73.0,0.0,yahoo,0.1439104939639151,True
SPX,european,SPXW260818P07525000,put,2026-08-13,7748.5,7525.0,2026-08-18,0.03707000017166138,0.013,0.12967789276123048,1.925,1.85,2.0,0.1499999999999999,127.0,0.0,yahoo,0.14234189846448414,True
SPX,european,SPXW260818P07530000,put,2026-08-13,7748.5,7530.0,2026-08-18,0.03707000017166138,0.013,0.12842668457031248,2.05,2.0,2.1,0.10000000000000009,84.0,0.0,yahoo,0.141369257981536,True
SPX,european,SPXW260818P07535000,put,2026-08-13,7748.5,7535.0,2026-08-18,0.03707000017166138,0.013,0.1271449591064453,2.1500000000000004,2.1,2.2,0.10000000000000009,91.0,0.0,yahoo,0.13998121637759395,True
SPX,european,SPXW260818P07540000,put,2026-08-13,7748.5,7540.0,2026-08-18,0.03707000017166138,0.013,0.1257716818237305,2.25,2.2,2.3,0.09999999999999964,196.0,0.0,yahoo,0.13852043973753064,True
SPX,european,SPXW260818P07545000,put,2026-08-13,7748.5,7545.0,2026-08-18,0.03707000017166138,0.013,0.1243373699951172,2.3499999999999996,2.3,2.4,0.10000000000000009,40.0,0.0,yahoo,0.1369904127057953,True
SPX,european,SPXW260818P07550000,put,2026-08-13,7748.5,7550.0,2026-08-18,0.03707000017166138,0.013,0.12285728225708009,2.475,2.45,2.5,0.04999999999999982,158.0,0.0,yahoo,0.13567044480965398,True
SPX,european,SPXW260818P07560000,put,2026-08-13,7748.5,7560.0,2026-08-18,0.03707000017166138,0.013,0.12062952133178712,2.775,2.75,2.8,0.04999999999999982,104.0,0.0,yahoo,0.1332871559823968,True
SPX,european,SPXW260818P07565000,put,2026-08-13,7748.5,7565.0,2026-08-18,0.03707000017166138,0.013,0.11937831314086914,2.9000000000000004,2.85,2.95,0.10000000000000009,179.0,0.0,yahoo,0.13170724684856044,True
SPX,european,SPXW260818P07570000,put,2026-08-13,7748.5,7570.0,2026-08-18,0.03707000017166138,0.013,0.11887477813720701,3.1,3.0,3.2,0.20000000000000018,91.0,0.0,yahoo,0.1307513973825726,True
SPX,european,SPXW260818P07575000,put,2026-08-13,7748.5,7575.0,2026-08-18,0.03707000017166138,0.013,0.1170437417602539,3.2,3.1,3.3,0.19999999999999973,136.0,0.0,yahoo,0.12878301534764436,True
SPX,european,SPXW260818P07585000,put,2026-08-13,7748.5,7585.0,2026-08-18,0.03707000017166138,0.013,0.1147244290161133,3.6500000000000004,3.6,3.7,0.10000000000000009,5.0,0.0,yahoo,0.12675701940980297,True
SPX,european,SPXW260818P07590000,put,2026-08-13,7748.5,7590.0,2026-08-18,0.03707000017166138,0.013,0.11341218627929686,3.8499999999999996,3.8,3.9,0.10000000000000009,80.0,0.0,yahoo,0.12536026485567003,True
SPX,european,SPXW260818P07595000,put,2026-08-13,7748.5,7595.0,2026-08-18,0.03707000017166138,0.013,0.11268740104675293,4.1,4.0,4.2,0.20000000000000018,167.0,0.0,yahoo,0.1242359846000618,True
SPX,european,SPXW260818P07610000,put,2026-08-13,7748.5,7610.0,2026-08-18,0.03707000017166138,0.013,0.1090939921569824,4.95,4.9,5.0,0.09999999999999964,5.0,0.0,yahoo,0.12078833573785602,True
SPX,european,SPXW260818P07615000,put,2026-08-13,7748.5,7615.0,2026-08-18,0.03707000017166138,0.013,0.10843787078857423,5.300000000000001,5.2,5.4,0.20000000000000018,22.0,0.0,yahoo,0.11979716870502476,True
SPX,european,SPXW260818P07620000,put,2026-08-13,7748.5,7620.0,2026-08-18,0.03707000017166138,0.013,0.10653817054748535,5.55,5.5,5.6,0.09999999999999964,80.0,0.0,yahoo,0.11806018952225883,True
SPX,european,SPXW260818P07625000,put,2026-08-13,7748.5,7625.0,2026-08-18,0.03707000017166138,0.013,0.10561502304077147,5.95,5.9,6.0,0.09999999999999964,99.0,0.0,yahoo,0.11708616831233475,True
SPX,european,SPXW260818P07630000,put,2026-08-13,7748.5,7630.0,2026-08-18,0.03707000017166138,0.013,0.10453165985107421,6.300000000000001,6.2,6.4,0.20000000000000018,5.0,0.0,yahoo,0.11567841807761822,True
SPX,european,SPXW260818P07635000,put,2026-08-13,7748.5,7635.0,2026-08-18,0.03707000017166138,0.013,0.10332622756958007,6.75,6.7,6.8,0.09999999999999964,6.0,0.0,yahoo,0.1146664649519346,True
SPX,european,SPXW260818P07640000,put,2026-08-13,7748.5,7640.0,2026-08-18,0.03707000017166138,0.013,0.10243359733581542,7.15,7.0,7.3,0.2999999999999998,16.0,0.0,yahoo,0.11323750269852097,True
SPX,european,SPXW260818P07645000,put,2026-08-13,7748.5,7645.0,2026-08-18,0.03707000017166138,0.013,0.10138838073730468,7.699999999999999,7.6,7.8,0.20000000000000018,49.0,0.0,yahoo,0.11239609071890001,True
SPX,european,SPXW260818P07650000,put,2026-08-13,7748.5,7650.0,2026-08-18,0.03707000017166138,0.013,0.10018294845581055,8.2,8.1,8.3,0.20000000000000107,5.0,0.0,yahoo,0.11113508488364719,True
SPX,european,SPXW260818P07655000,put,2026-08-13,7748.5,7655.0,2026-08-18,0.03707000017166138,0.013,0.09884018844604492,8.7,8.6,8.8,0.20000000000000107,36.0,0.0,yahoo,0.10971380958801531,True
SPX,european,SPXW260818P07660000,put,2026-08-13,7748.5,7660.0,2026-08-18,0.03707000017166138,0.013,0.09773393730163574,9.25,9.1,9.4,0.3000000000000007,10.0,0.0,yahoo,0.10835314030162592,True
SPX,european,SPXW260818P07670000,put,2026-08-13,7748.5,7670.0,2026-08-18,0.03707000017166138,0.013,0.09540699523925782,10.55,10.4,10.7,0.29999999999999893,37.0,0.0,yahoo,0.10594174592492948,True
SPX,european,SPXW260818P07675000,put,2026-08-13,7748.5,7675.0,2026-08-18,0.03707000017166138,0.013,0.09451436500549318,11.35,11.2,11.5,0.3000000000000007,40.0,0.0,yahoo,0.10503663843330399,True
SPX,european,SPXW260818P07680000,put,2026-08-13,7748.5,7680.0,2026-08-18,0.03707000017166138,0.013,0.09309149715423584,12.05,11.9,12.2,0.29999999999999893,38.0,0.0,yahoo,0.10354657993113886,True
SPX,european,SPXW260818P07685000,put,2026-08-13,7748.5,7685.0,2026-08-18,0.03707000017166138,0.013,0.09214927635192871,13.0,12.9,13.1,0.1999999999999993,33.0,0.0,yahoo,0.10276982000425423,True
SPX,european,SPXW260818P07690000,put,2026-08-13,7748.5,7690.0,2026-08-18,0.03707000017166138,0.013,0.0913100513458252,14.0,13.9,14.1,0.1999999999999993,106.0,0.0,yahoo,0.10193063125930463,True
SPX,european,SPXW260818P07695000,put,2026-08-13,7748.5,7695.0,2026-08-18,0.03707000017166138,0.013,0.09025720542907714,15.0,14.9,15.1,0.1999999999999993,41.0,0.0,yahoo,0.10085436274687826,True
SPX,european,SPXW260818P07700000,put,2026-08-13,7748.5,7700.0,2026-08-18,0.03707000017166138,0.013,0.08928828201293945,16.05,15.9,16.2,0.29999999999999893,30.0,0.0,yahoo,0.0997112414878794,True
SPX,european,SPXW260818P07705000,put,2026-08-13,7748.5,7705.0,2026-08-18,0.03707000017166138,0.013,0.08780819427490236,17.049999999999997,16.9,17.2,0.3000000000000007,83.0,0.0,yahoo,0.09817576128701018,True
SPX,european,SPXW260818P07710000,put,2026-08-13,7748.5,7710.0,2026-08-18,0.03707000017166138,0.013,0.08667905517578126,18.25,18.1,18.4,0.29999999999999716,31.0,0.0,yahoo,0.09703592125541065,True
SPX,european,SPXW260818P07715000,put,2026-08-13,7748.5,7715.0,2026-08-18,0.03707000017166138,0.013,0.085595691986084,19.549999999999997,19.4,19.7,0.3000000000000007,17.0,0.0,yahoo,0.09594635864975579,True
SPX,european,SPXW260818P07725000,put,2026-08-13,7748.5,7725.0,2026-08-18,0.03707000017166138,0.013,0.08294831855773929,22.25,22.1,22.4,0.29999999999999716,107.0,0.0,yahoo,0.09326805339299778,True
SPX,european,SPXW260818P07740000,put,2026-08-13,7748.5,7740.0,2026-08-18,0.03707000017166138,0.013,0.08021702262878419,27.5,27.3,27.7,0.3999999999999986,91.0,0.0,yahoo,0.09054158520967488,True
SPX,european,SPXW260818P07745000,put,2026-08-13,7748.5,7745.0,2026-08-18,0.03707000017166138,0.013,0.07905736625671386,29.450000000000003,29.3,29.6,0.3000000000000007,116.0,0.0,yahoo,0.08956577823315094,True
SPX,european,SPXW260818P07755000,put,2026-08-13,7748.5,7755.0,2026-08-18,0.03707000017166138,0.013,0.07754676124572757,33.95,33.8,34.1,0.30000000000000426,6.0,0.0,yahoo,0.08827474838279169,True
SPX,european,SPXW260818P07760000,put,2026-08-13,7748.5,7760.0,2026-08-18,0.03707000017166138,0.013,0.07591408714294434,36.0,35.8,36.2,0.4000000000000057,285.0,0.0,yahoo,0.08655313603212936,True
SPX,european,SPXW260818P07765000,put,2026-08-13,7748.5,7765.0,2026-08-18,0.03707000017166138,0.013,0.07416315860748292,38.2,38.0,38.4,0.3999999999999986,32.0,0.0,yahoo,0.08487467047818358,True
SPX,european,SPXW260818P07770000,put,2026-08-13,7748.5,7770.0,2026-08-18,0.03707000017166138,0.013,0.07359477439880371,41.05,40.9,41.2,0.30000000000000426,157.0,0.0,yahoo,0.08464564197603776,True
SPX,european,SPXW260818P07775000,put,2026-08-13,7748.5,7775.0,2026-08-18,0.03707000017166138,0.013,0.07238171279907227,43.75,43.6,43.9,0.29999999999999716,10.0,0.0,yahoo,0.08361067654736729,True
SPX,european,SPXW260818P07780000,put,2026-08-13,7748.5,7780.0,2026-08-18,0.03707000017166138,0.013,0.07101987949371337,46.55,46.4,46.7,0.30000000000000426,70.0,0.0,yahoo,0.08245855864096548,True
SPX,european,SPXW260818P07785000,put,2026-08-13,7748.5,7785.0,2026-08-18,0.03707000017166138,0.013,0.07035231414794924,49.75,49.6,49.9,0.29999999999999716,23.0,0.0,yahoo,0.08209210871307034,True
SPX,european,SPXW260818P07790000,put,2026-08-13,7748.5,7790.0,2026-08-18,0.03707000017166138,0.013,0.06835724742889406,52.65,52.5,52.8,0.29999999999999716,16.0,0.0,yahoo,0.08037122249613396,True
SPX,european,SPXW260818P07795000,put,2026-08-13,7748.5,7795.0,2026-08-18,0.03707000017166138,0.013,0.06575946456909179,55.55,55.4,55.7,0.30000000000000426,7.0,0.0,yahoo,0.07811714296010737,True
SPX,european,SPXW260818P07800000,put,2026-08-13,7748.5,7800.0,2026-08-18,0.03707000017166138,0.013,0.0637911004638672,58.85,58.7,59.0,0.29999999999999716,12.0,0.0,yahoo,0.07663806018120138,True
SPX,european,SPXW260818P07805000,put,2026-08-13,7748.5,7805.0,2026-08-18,0.03707000017166138,0.013,0.06986403778076172,62.2,59.7,64.7,5.0,6.0,0.0,yahoo,0.0747571141427411,True
SPX,european,SPXW260818P07825000,put,2026-08-13,7748.5,7825.0,2026-08-18,0.03707000017166138,0.013,0.06138786521911621,77.1,74.6,79.6,5.0,5.0,0.0,yahoo,0.06609460527523253,True
SPX,european,SPXW260818P07830000,put,2026-08-13,7748.5,7830.0,2026-08-18,0.03707000017166138,0.013,0.06009088111877442,81.4,78.9,83.9,5.0,6.0,0.0,yahoo,0.06484529825954519,True
SPX,european,SPXW260819C07050000,call,2026-08-13,7748.5,7050.0,2026-08-19,0.03707000017166138,0.013,0.47664402755737306,707.7,700.2,715.2,15.0,13.0,0.0,yahoo,0.42385191383029,True
SPX,european,SPXW260819C07200000,call,2026-08-13,7748.5,7200.0,2026-08-19,0.03707000017166138,0.013,0.3943847183227539,557.9,550.4,565.4,15.0,6.0,0.0,yahoo,0.3466306081142683,True
SPX,european,SPXW260819C07330000,call,2026-08-13,7748.5,7330.0,2026-08-19,0.03707000017166138,0.013,0.3257055955505371,428.9,421.4,436.4,15.0,10.0,0.0,yahoo,0.28555013853759553,True
SPX,european,SPXW260819C07340000,call,2026-08-13,7748.5,7340.0,2026-08-19,0.03707000017166138,0.013,0.3198844257354736,418.9,411.4,426.4,15.0,75.0,0.0,yahoo,0.28002769375130104,True
SPX,european,SPXW260819C07375000,call,2026-08-13,7748.5,7375.0,2026-08-19,0.03707000017166138,0.013,0.30036100036621094,384.1,376.6,391.6,15.0,25.0,0.0,yahoo,0.26217624278579094,True
SPX,european,SPXW260819C07385000,call,2026-08-13,7748.5,7385.0,2026-08-19,0.03707000017166138,0.013,0.29493655509948724,374.2,366.7,381.7,15.0,10.0,0.0,yahoo,0.257344109155899,True
SPX,european,SPXW260819C07410000,call,2026-08-13,7748.5,7410.0,2026-08-19,0.03707000017166138,0.013,0.2809977906799316,349.4,341.9,356.9,15.0,7.0,0.0,yahoo,0.24472870797172547,True
SPX,european,SPXW260819C07425000,call,2026-08-13,7748.5,7425.0,2026-08-19,0.03707000017166138,0.013,0.27245295425415034,334.5,327.0,342.0,15.0,11.0,0.0,yahoo,0.2369134848667835,True
SPX,european,SPXW260819C07435000,call,2026-08-13,7748.5,7435.0,2026-08-19,0.03707000017166138,0.013,0.2668682933044434,324.6,317.1,332.1,15.0,20.0,0.0,yahoo,0.23189200370768173,True
SPX,european,SPXW260819C07455000,call,2026-08-13,7748.5,7455.0,2026-08-19,0.03707000017166138,0.013,0.2538450470733643,304.4,296.9,311.9,15.0,28.0,0.0,yahoo,0.21904722827130524,True
SPX,european,SPXW260819C07460000,call,2026-08-13,7748.5,7460.0,2026-08-19,0.03707000017166138,0.013,0.2529447875213623,299.9,292.4,307.4,15.0,6.0,0.0,yahoo,0.21947120220179245,True
SPX,european,SPXW260819C07465000,call,2026-08-13,7748.5,7465.0,2026-08-19,0.03707000017166138,0.013,0.2502974140930176,295.0,287.5,302.5,15.0,10.0,0.0,yahoo,0.21720552921783254,True
SPX,european,SPXW260819C07480000,call,2026-08-13,7748.5,7480.0,2026-08-19,0.03707000017166138,0.013,0.2418670174407959,280.2,272.7,287.7,15.0,15.0,0.0,yahoo,0.20967238051919418,True
SPX,european,SPXW260819C07495000,call,2026-08-13,7748.5,7495.0,2026-08-19,0.03707000017166138,0.013,0.23371890556335448,265.5,258.0,273.0,15.0,15.0,0.0,yahoo,0.20260269108410173,True
SPX,european,SPXW260819C07500000,call,2026-08-13,7748.5,7500.0,2026-08-19,0.03707000017166138,0.013,0.23097998031616213,260.6,253.1,268.1,15.000000000000028,13.0,0.0,yahoo,0.20020553009030215,True
SPX,european,SPXW260819C07505000,call,2026-08-13,7748.5,7505.0,2026-08-19,0.03707000017166138,0.013,0.2282181671142578,255.7,248.2,263.2,15.0,5.0,0.0,yahoo,0.19778783796587385,True
SPX,european,SPXW260819C07510000,call,2026-08-13,7748.5,7510.0,2026-08-19,0.03707000017166138,0.013,0.2254410952758789,250.8,243.3,258.3,15.0,6.0,0.0,yahoo,0.1953494440089933,True
SPX,european,SPXW260819C07535000,call,2026-08-13,7748.5,7535.0,2026-08-19,0.03707000017166138,0.013,0.21205927108764644,226.5,219.0,234.0,15.0,34.0,0.0,yahoo,0.1838983666196335,True
SPX,european,SPXW260819C07550000,call,2026-08-13,7748.5,7550.0,2026-08-19,0.03707000017166138,0.013,0.2040675602340698,212.0,204.5,219.5,15.0,23.0,0.0,yahoo,0.17709210272357873,True
SPX,european,SPXW260819C07555000,call,2026-08-13,7748.5,7555.0,2026-08-19,0.03707000017166138,0.013,0.17327181716918943,206.7,206.1,207.3,1.200000000000017,9.0,0.0,yahoo,0.1724354967541933,True
SPX,european,SPXW260819C07560000,call,2026-08-13,7748.5,7560.0,2026-08-19,0.03707000017166138,0.013,0.1880269186401367,201.9,196.9,206.9,10.0,6.0,0.0,yahoo,0.17027051283655714,True
SPX,european,SPXW260819C07565000,call,2026-08-13,7748.5,7565.0,2026-08-19,0.03707000017166138,0.013,0.1873250213623047,197.6,192.6,202.6,10.0,9.0,0.0,yahoo,0.1704643771673658,True
SPX,european,SPXW260819C07580000,call,2026-08-13,7748.5,7580.0,2026-08-19,0.03707000017166138,0.013,0.179871177444458,183.3,178.3,188.3,10.0,17.0,0.0,yahoo,0.16393596496871332,True
SPX,european,SPXW260819C07590000,call,2026-08-13,7748.5,7590.0,2026-08-19,0.03707000017166138,0.013,0.17347780876159669,173.4,168.4,178.4,10.0,27.0,0.0,yahoo,0.15775983373274116,True
SPX,european,SPXW260819C07600000,call,2026-08-13,7748.5,7600.0,2026-08-19,0.03707000017166138,0.013,0.15355002952575683,164.0,163.4,164.6,1.1999999999999886,8.0,0.0,yahoo,0.15362165808708456,True
SPX,european,SPXW260819C07610000,call,2026-08-13,7748.5,7610.0,2026-08-19,0.03707000017166138,0.013,0.1656348696136475,155.2,150.2,160.2,10.0,21.0,0.0,yahoo,0.15166707336128737,True
SPX,european,SPXW260819C07615000,call,2026-08-13,7748.5,7615.0,2026-08-19,0.03707000017166138,0.013,0.1633765914154053,150.6,145.6,155.6,10.0,10.0,0.0,yahoo,0.14974326052338563,True
SPX,european,SPXW260819C07620000,call,2026-08-13,7748.5,7620.0,2026-08-19,0.03707000017166138,0.013,0.16105727867126465,146.0,141.0,151.0,10.0,36.0,0.0,yahoo,0.1477476937690239,True
SPX,european,SPXW260819C07625000,call,2026-08-13,7748.5,7625.0,2026-08-19,0.03707000017166138,0.013,0.15745624046325682,141.0,136.0,146.0,10.0,14.0,0.0,yahoo,0.14417343613521527,True
SPX,european,SPXW260819C07640000,call,2026-08-13,7748.5,7640.0,2026-08-19,0.03707000017166138,0.013,0.15125360473632815,127.6,122.6,132.6,10.0,8.0,0.0,yahoo,0.13904811743811415,True
SPX,european,SPXW260819C07645000,call,2026-08-13,7748.5,7645.0,2026-08-19,0.03707000017166138,0.013,0.15011683631896974,123.5,118.5,128.5,10.0,21.0,0.0,yahoo,0.13842122971872878,True
SPX,european,SPXW260819C07650000,call,2026-08-13,7748.5,7650.0,2026-08-19,0.03707000017166138,0.013,0.14801877380371098,119.1,114.1,124.1,10.0,20.0,0.0,yahoo,0.13663517213648804,True
SPX,european,SPXW260819C07660000,call,2026-08-13,7748.5,7660.0,2026-08-19,0.03707000017166138,0.013,0.1430330143356323,110.1,105.1,115.1,10.0,8.0,0.0,yahoo,0.1321148830908305,True
SPX,european,SPXW260819C07675000,call,2026-08-13,7748.5,7675.0,2026-08-19,0.03707000017166138,0.013,0.12991440162658688,97.5,95.3,99.7,4.400000000000006,46.0,0.0,yahoo,0.12742431104475535,True
SPX,european,SPXW260819C07680000,call,2026-08-13,7748.5,7680.0,2026-08-19,0.03707000017166138,0.013,0.1287547452545166,93.3,90.8,95.8,5.0,12.0,0.0,yahoo,0.12560927219222573,True
SPX,european,SPXW260819C07685000,call,2026-08-13,7748.5,7685.0,2026-08-19,0.03707000017166138,0.013,0.1279841841125488,89.6,87.1,92.1,5.0,6.0,0.0,yahoo,0.12513510976835593,True
SPX,european,SPXW260819C07690000,call,2026-08-13,7748.5,7690.0,2026-08-19,0.03707000017166138,0.013,0.1262981047821045,85.6,83.1,88.1,5.0,22.0,0.0,yahoo,0.12361736815704573,True
SPX,european,SPXW260819C07695000,call,2026-08-13,7748.5,7695.0,2026-08-19,0.03707000017166138,0.013,0.12372702453613281,81.3,78.8,83.8,5.0,15.0,0.0,yahoo,0.1211043629946028,True
SPX,european,SPXW260819C07700000,call,2026-08-13,7748.5,7700.0,2026-08-19,0.03707000017166138,0.013,0.11727643596649169,77.4,76.8,78.0,1.2000000000000028,144.0,0.0,yahoo,0.11958484165700432,True
SPX,european,SPXW260819C07705000,call,2026-08-13,7748.5,7705.0,2026-08-19,0.03707000017166138,0.013,0.1217434017944336,74.1,71.6,76.6,5.0,45.0,0.0,yahoo,0.11954927421420146,True
SPX,european,SPXW260819C07715000,call,2026-08-13,7748.5,7715.0,2026-08-19,0.03707000017166138,0.013,0.11210757286071776,66.35,66.2,66.5,0.29999999999999716,9.0,0.0,yahoo,0.1157980779750126,True
SPX,european,SPXW260819C07720000,call,2026-08-13,7748.5,7720.0,2026-08-19,0.03707000017166138,0.013,0.11161548183441163,63.099999999999994,62.9,63.3,0.3999999999999986,21.0,0.0,yahoo,0.11531764249211197,True
SPX,european,SPXW260819C07725000,call,2026-08-13,7748.5,7725.0,2026-08-19,0.03707000017166138,0.013,0.10974248420715332,59.400000000000006,59.2,59.6,0.3999999999999986,48.0,0.0,yahoo,0.11346060978075942,True
SPX,european,SPXW260819C07730000,call,2026-08-13,7748.5,7730.0,2026-08-19,0.03707000017166138,0.013,0.10912450942993163,56.3,56.1,56.5,0.3999999999999986,40.0,0.0,yahoo,0.11296420520849375,True
SPX,european,SPXW260819C07735000,call,2026-08-13,7748.5,7735.0,2026-08-19,0.03707000017166138,0.013,0.10737739555358886,52.85,52.7,53.0,0.29999999999999716,121.0,0.0,yahoo,0.11135880700355966,True
SPX,european,SPXW260819C07740000,call,2026-08-13,7748.5,7740.0,2026-08-19,0.03707000017166138,0.013,0.10685097259521485,49.900000000000006,49.7,50.1,0.3999999999999986,402.0,0.0,yahoo,0.11081852990485373,True
SPX,european,SPXW260819C07745000,call,2026-08-13,7748.5,7745.0,2026-08-19,0.03707000017166138,0.013,0.1056607989501953,46.85,46.7,47.0,0.29999999999999716,158.0,0.0,yahoo,0.10980264882489339,True
SPX,european,SPXW260819C07755000,call,2026-08-13,7748.5,7755.0,2026-08-19,0.03707000017166138,0.013,0.10383357723236084,41.099999999999994,40.9,41.3,0.3999999999999986,165.0,0.0,yahoo,0.10797528154071846,True
SPX,european,SPXW260819C07760000,call,2026-08-13,7748.5,7760.0,2026-08-19,0.03707000017166138,0.013,0.10177747596740722,37.900000000000006,37.7,38.1,0.3999999999999986,5.0,0.0,yahoo,0.10588671884818672,True
SPX,european,SPXW260819C07765000,call,2026-08-13,7748.5,7765.0,2026-08-19,0.03707000017166138,0.013,0.10185376914978028,35.75,35.6,35.9,0.29999999999999716,73.0,0.0,yahoo,0.10621324226952249,True
SPX,european,SPXW260819C07775000,call,2026-08-13,7748.5,7775.0,2026-08-19,0.03707000017166138,0.013,0.09991973697662354,30.75,30.6,30.9,0.29999999999999716,252.0,0.0,yahoo,0.10434937221386067,True
SPX,european,SPXW260819C07780000,call,2026-08-13,7748.5,7780.0,2026-08-19,0.03707000017166138,0.013,0.0993208354949951,28.549999999999997,28.4,28.7,0.3000000000000007,97.0,0.0,yahoo,0.10380806946555524,True
SPX,european,SPXW260819C07785000,call,2026-08-13,7748.5,7785.0,2026-08-19,0.03707000017166138,0.013,0.09873719264984131,26.450000000000003,26.3,26.6,0.3000000000000007,162.0,0.0,yahoo,0.10327223907886335,True
SPX,european,SPXW260819C07790000,call,2026-08-13,7748.5,7790.0,2026-08-19,0.03707000017166138,0.013,0.09790941162109376,24.35,24.2,24.5,0.3000000000000007,97.0,0.0,yahoo,0.10247203970409494,True
SPX,european,SPXW260819C07795000,call,2026-08-13,7748.5,7795.0,2026-08-19,0.03707000017166138,0.013,0.0968260484313965,22.299999999999997,22.2,22.4,0.1999999999999993,91.0,0.0,yahoo,0.1015297202614193,True
SPX,european,SPXW260819C07800000,call,2026-08-13,7748.5,7800.0,2026-08-19,0.03707000017166138,0.013,0.09731051013946533,20.85,20.7,21.0,0.3000000000000007,5.0,0.0,yahoo,0.10198708437976578,True
SPX,european,SPXW260819C07805000,call,2026-08-13,7748.5,7805.0,2026-08-19,0.03707000017166138,0.013,0.09678027252197266,19.15,19.0,19.3,0.3000000000000007,243.0,0.0,yahoo,0.10149258744894084,True
SPX,european,SPXW260819C07810000,call,2026-08-13,7748.5,7810.0,2026-08-19,0.03707000017166138,0.013,0.09571979728698732,17.35,17.2,17.5,0.3000000000000007,16.0,0.0,yahoo,0.10042021215584788,True
SPX,european,SPXW260819C07815000,call,2026-08-13,7748.5,7815.0,2026-08-19,0.03707000017166138,0.013,0.09522389160156251,15.85,15.7,16.0,0.3000000000000007,17.0,0.0,yahoo,0.09994788009491465,True
SPX,european,SPXW260819C07820000,call,2026-08-13,7748.5,7820.0,2026-08-19,0.03707000017166138,0.013,0.09535359001159668,14.65,14.5,14.8,0.3000000000000007,189.0,0.0,yahoo,0.10014073583308739,True
SPX,european,SPXW260819C07825000,call,2026-08-13,7748.5,7825.0,2026-08-19,0.03707000017166138,0.013,0.0949530508041382,13.4,13.3,13.5,0.1999999999999993,284.0,0.0,yahoo,0.09992523238497387,True
SPX,european,SPXW260819C07830000,call,2026-08-13,7748.5,7830.0,2026-08-19,0.03707000017166138,0.013,0.09428548545837404,12.1,12.0,12.2,0.1999999999999993,674.0,0.0,yahoo,0.0992629391585536,True
SPX,european,SPXW260819C07835000,call,2026-08-13,7748.5,7835.0,2026-08-19,0.03707000017166138,0.013,0.09399557136535644,10.95,10.8,11.1,0.29999999999999893,9.0,0.0,yahoo,0.09882052225303022,True
SPX,european,SPXW260819C07840000,call,2026-08-13,7748.5,7840.0,2026-08-19,0.03707000017166138,0.013,0.09414815773010254,10.05,9.9,10.2,0.29999999999999893,231.0,0.0,yahoo,0.0990131261376777,True
SPX,european,SPXW260819C07845000,call,2026-08-13,7748.5,7845.0,2026-08-19,0.03707000017166138,0.013,0.0929732427215576,8.9,8.8,9.0,0.1999999999999993,150.0,0.0,yahoo,0.09797801314254015,True
SPX,european,SPXW260819C07850000,call,2026-08-13,7748.5,7850.0,2026-08-19,0.03707000017166138,0.013,0.09298087203979491,8.05,7.9,8.2,0.29999999999999893,467.0,0.0,yahoo,0.09781450669052925,True
SPX,european,SPXW260819C07855000,call,2026-08-13,7748.5,7855.0,2026-08-19,0.03707000017166138,0.013,0.09315634635925293,7.4,7.3,7.5,0.20000000000000018,724.0,0.0,yahoo,0.09824310515191156,True
SPX,european,SPXW260819C07860000,call,2026-08-13,7748.5,7860.0,2026-08-19,0.03707000017166138,0.013,0.09269095794677734,6.6,6.5,6.7,0.20000000000000018,194.0,0.0,yahoo,0.09776154025322543,True
SPX,european,SPXW260819C07865000,call,2026-08-13,7748.5,7865.0,2026-08-19,0.03707000017166138,0.013,0.09282828567504883,6.0,5.9,6.1,0.1999999999999993,12.0,0.0,yahoo,0.09793554950826283,True
SPX,european,SPXW260819C07875000,call,2026-08-13,7748.5,7875.0,2026-08-19,0.03707000017166138,0.013,0.09189750885009765,4.75,4.7,4.8,0.09999999999999964,1174.0,0.0,yahoo,0.09723710437039883,True
SPX,european,SPXW260819C07880000,call,2026-08-13,7748.5,7880.0,2026-08-19,0.03707000017166138,0.013,0.09179832771301269,4.25,4.2,4.3,0.09999999999999964,1260.0,0.0,yahoo,0.0971461624772671,True
SPX,european,SPXW260819C07885000,call,2026-08-13,7748.5,7885.0,2026-08-19,0.03707000017166138,0.013,0.09202720726013183,3.8,3.7,3.9,0.19999999999999973,872.0,0.0,yahoo,0.09709206187448041,True
SPX,european,SPXW260819C07890000,call,2026-08-13,7748.5,7890.0,2026-08-19,0.03707000017166138,0.013,0.09205009521484375,3.4,3.3,3.5,0.20000000000000018,112.0,0.0,yahoo,0.09710313017763235,True
SPX,european,SPXW260819C07900000,call,2026-08-13,7748.5,7900.0,2026-08-19,0.03707000017166138,0.013,0.09205009521484375,2.7249999999999996,2.65,2.8,0.1499999999999999,5.0,0.0,yahoo,0.09727234959104752,True
SPX,european,SPXW260819C07910000,call,2026-08-13,7748.5,7910.0,2026-08-19,0.03707000017166138,0.013,0.0922789747619629,2.175,2.1,2.25,0.1499999999999999,505.0,0.0,yahoo,0.09748987135010612,True
SPX,european,SPXW260819C07920000,call,2026-08-13,7748.5,7920.0,2026-08-19,0.03707000017166138,0.013,0.09253837158203124,1.725,1.65,1.8,0.15000000000000013,331.0,0.0,yahoo,0.09770377046385793,True
SPX,european,SPXW260819C07925000,call,2026-08-13,7748.5,7925.0,2026-08-19,0.03707000017166138,0.013,0.09313345840454101,1.575,1.5,1.65,0.1499999999999999,338.0,0.0,yahoo,0.09830785068516044,True
SPX,european,SPXW260819C07930000,call,2026-08-13,7748.5,7930.0,2026-08-19,0.03707000017166138,0.013,0.09299613067626952,1.4,1.35,1.45,0.09999999999999987,307.0,0.0,yahoo,0.0984331464923295,True
SPX,european,SPXW260819C07940000,call,2026-08-13,7748.5,7940.0,2026-08-19,0.03707000017166138,0.013,0.0939574247741699,1.15,1.1,1.2,0.09999999999999987,14.0,0.0,yahoo,0.09940865868187906,True
SPX,european,SPXW260819C07950000,call,2026-08-13,7748.5,7950.0,2026-08-19,0.03707000017166138,0.013,0.09504078796386721,0.95,0.9,1.0,0.09999999999999998,14.0,0.0,yahoo,0.1004909379348245,True
SPX,european,SPXW260819C07960000,call,2026-08-13,7748.5,7960.0,2026-08-19,0.03707000017166138,0.013,0.09638354797363281,0.8,0.75,0.85,0.09999999999999998,422.0,0.0,yahoo,0.10187669847891176,True
SPX,european,SPXW260819P07290000,put,2026-08-13,7748.5,7290.0,2026-08-19,0.03707000017166138,0.013,0.1922077850341797,0.7,0.65,0.75,0.09999999999999998,10.0,0.0,yahoo,0.2069116574643844,True
SPX,european,SPXW260819P07295000,put,2026-08-13,7748.5,7295.0,2026-08-19,0.03707000017166138,0.013,0.19031571411132814,0.7,0.65,0.75,0.09999999999999998,23.0,0.0,yahoo,0.2048866754978557,True
SPX,european,SPXW260819P07300000,put,2026-08-13,7748.5,7300.0,2026-08-19,0.03707000017166138,0.013,0.18842364318847654,0.7,0.65,0.75,0.09999999999999998,126.0,0.0,yahoo,0.2028609247343784,True
SPX,european,SPXW260819P07310000,put,2026-08-13,7748.5,7310.0,2026-08-19,0.03707000017166138,0.013,0.1862263995361328,0.75,0.7,0.8,0.10000000000000009,11.0,0.0,yahoo,0.20059840165377232,True
SPX,european,SPXW260819P07315000,put,2026-08-13,7748.5,7315.0,2026-08-19,0.03707000017166138,0.013,0.1842732940673828,0.75,0.7,0.8,0.10000000000000009,12.0,0.0,yahoo,0.19855570011055793,True
SPX,european,SPXW260819P07320000,put,2026-08-13,7748.5,7320.0,2026-08-19,0.03707000017166138,0.013,0.1839070867919922,0.8,0.75,0.85,0.09999999999999998,47.0,0.0,yahoo,0.19819639664508992,True
SPX,european,SPXW260819P07325000,put,2026-08-13,7748.5,7325.0,2026-08-19,0.03707000017166138,0.013,0.1819539813232422,0.8,0.75,0.85,0.09999999999999998,40.0,0.0,yahoo,0.19613800710203727,True
SPX,european,SPXW260819P07330000,put,2026-08-13,7748.5,7330.0,2026-08-19,0.03707000017166138,0.013,0.18006191040039063,0.8,0.75,0.85,0.09999999999999998,296.0,0.0,yahoo,0.1940786005998962,True
SPX,european,SPXW260819P07335000,put,2026-08-13,7748.5,7335.0,2026-08-19,0.03707000017166138,0.013,0.1795125994873047,0.8500000000000001,0.8,0.9,0.09999999999999998,10.0,0.0,yahoo,0.1935930732268388,True
SPX,european,SPXW260819P07340000,put,2026-08-13,7748.5,7340.0,2026-08-19,0.03707000017166138,0.013,0.1775594940185547,0.8500000000000001,0.8,0.9,0.09999999999999998,41.0,0.0,yahoo,0.19151825633476668,True
SPX,european,SPXW260819P07345000,put,2026-08-13,7748.5,7345.0,2026-08-19,0.03707000017166138,0.013,0.1769491485595703,0.8999999999999999,0.85,0.95,0.09999999999999998,9.0,0.0,yahoo,0.19093077178674683,True
SPX,european,SPXW260819P07350000,put,2026-08-13,7748.5,7350.0,2026-08-19,0.03707000017166138,0.013,0.1749960430908203,0.8999999999999999,0.85,0.95,0.09999999999999998,188.0,0.0,yahoo,0.18884084985348396,True
SPX,european,SPXW260819P07355000,put,2026-08-13,7748.5,7355.0,2026-08-19,0.03707000017166138,0.013,0.17432466308593753,0.95,0.9,1.0,0.09999999999999998,27.0,0.0,yahoo,0.18815946623260751,True
SPX,european,SPXW260819P07360000,put,2026-08-13,7748.5,7360.0,2026-08-19,0.03707000017166138,0.013,0.17237155761718753,0.95,0.9,1.0,0.09999999999999998,143.0,0.0,yahoo,0.18605467665355502,True
SPX,european,SPXW260819P07365000,put,2026-08-13,7748.5,7365.0,2026-08-19,0.03707000017166138,0.013,0.1715781085205078,1.0,0.95,1.05,0.10000000000000009,14.0,0.0,yahoo,0.1852862745210632,True
SPX,european,SPXW260819P07370000,put,2026-08-13,7748.5,7370.0,2026-08-19,0.03707000017166138,0.013,0.16962500305175782,1.0,0.95,1.05,0.10000000000000009,8.0,0.0,yahoo,0.1831667957055086,True
SPX,european,SPXW260819P07375000,put,2026-08-13,7748.5,7375.0,2026-08-19,0.03707000017166138,0.013,0.16877051940917973,1.05,1.0,1.1,0.10000000000000009,108.0,0.0,yahoo,0.1823172967135522,True
SPX,european,SPXW260819P07380000,put,2026-08-13,7748.5,7380.0,2026-08-19,0.03707000017166138,0.013,0.16678689666748053,1.05,1.0,1.1,0.10000000000000009,81.0,0.0,yahoo,0.18018325541884853,True
SPX,european,SPXW260819P07385000,put,2026-08-13,7748.5,7385.0,2026-08-19,0.03707000017166138,0.013,0.16587137847900396,1.1,1.05,1.15,0.09999999999999987,16.0,0.0,yahoo,0.1792577837151164,True
SPX,european,SPXW260819P07390000,put,2026-08-13,7748.5,7390.0,2026-08-19,0.03707000017166138,0.013,0.16492534301757814,1.15,1.1,1.2,0.09999999999999987,20.0,0.0,yahoo,0.17827339551203514,True
SPX,european,SPXW260819P07395000,put,2026-08-13,7748.5,7395.0,2026-08-19,0.03707000017166138,0.013,0.16291120300292972,1.15,1.1,1.2,0.09999999999999987,52.0,0.0,yahoo,0.17611226004304356,True
SPX,european,SPXW260819P07400000,put,2026-08-13,7748.5,7400.0,2026-08-19,0.03707000017166138,0.013,0.16187361572265624,1.2,1.15,1.25,0.10000000000000009,239.0,0.0,yahoo,0.1750600987319588,True
SPX,european,SPXW260819P07405000,put,2026-08-13,7748.5,7405.0,2026-08-19,0.03707000017166138,0.013,0.16083602844238282,1.25,1.2,1.3,0.10000000000000009,49.0,0.0,yahoo,0.1739558752024059,True
SPX,european,SPXW260819P07410000,put,2026-08-13,7748.5,7410.0,2026-08-19,0.03707000017166138,0.013,0.1587913711547852,1.25,1.2,1.3,0.10000000000000009,25.0,0.0,yahoo,0.17176813622018688,True
SPX,european,SPXW260819P07415000,put,2026-08-13,7748.5,7415.0,2026-08-19,0.03707000017166138,0.013,0.15766223205566404,1.3,1.25,1.35,0.10000000000000009,45.0,0.0,yahoo,0.1706025011075663,True
SPX,european,SPXW260819P07425000,put,2026-08-13,7748.5,7425.0,2026-08-19,0.03707000017166138,0.013,0.15531240203857422,1.4,1.35,1.45,0.09999999999999987,33.0,0.0,yahoo,0.1681333832770857,True
SPX,european,SPXW260819P07430000,put,2026-08-13,7748.5,7430.0,2026-08-19,0.03707000017166138,0.013,0.15406119384765626,1.425,1.35,1.5,0.1499999999999999,31.0,0.0,yahoo,0.16637326101115288,True
SPX,european,SPXW260819P07435000,put,2026-08-13,7748.5,7435.0,2026-08-19,0.03707000017166138,0.013,0.1528099856567383,1.5,1.45,1.55,0.10000000000000009,111.0,0.0,yahoo,0.1654940579023831,True
SPX,european,SPXW260819P07440000,put,2026-08-13,7748.5,7440.0,2026-08-19,0.03707000017166138,0.013,0.1514977429199219,1.55,1.5,1.6,0.10000000000000009,98.0,0.0,yahoo,0.16411493770938496,True
SPX,european,SPXW260819P07445000,put,2026-08-13,7748.5,7445.0,2026-08-19,0.03707000017166138,0.013,0.15088739746093754,1.625,1.55,1.7,0.1499999999999999,109.0,0.0,yahoo,0.16311435259273502,True
SPX,european,SPXW260819P07455000,put,2026-08-13,7748.5,7455.0,2026-08-19,0.03707000017166138,0.013,0.1480798083496094,1.725,1.65,1.8,0.15000000000000013,122.0,0.0,yahoo,0.1601497973788694,True
SPX,european,SPXW260819P07460000,put,2026-08-13,7748.5,7460.0,2026-08-19,0.03707000017166138,0.013,0.14661497924804687,1.8,1.75,1.85,0.10000000000000009,2988.0,0.0,yahoo,0.15899544770855956,True
SPX,european,SPXW260819P07465000,put,2026-08-13,7748.5,7465.0,2026-08-19,0.03707000017166138,0.013,0.14515015014648439,1.85,1.8,1.9,0.09999999999999987,24.0,0.0,yahoo,0.15741968701992082,True
SPX,european,SPXW260819P07475000,put,2026-08-13,7748.5,7475.0,2026-08-19,0.03707000017166138,0.013,0.14270876831054688,2.0,1.95,2.05,0.09999999999999987,149.0,0.0,yahoo,0.1548658338478156,True
SPX,european,SPXW260819P07480000,put,2026-08-13,7748.5,7480.0,2026-08-19,0.03707000017166138,0.013,0.14173221557617188,2.075,2.0,2.15,0.1499999999999999,137.0,0.0,yahoo,0.1535138190346714,True
SPX,european,SPXW260819P07485000,put,2026-08-13,7748.5,7485.0,2026-08-19,0.03707000017166138,0.013,0.14069462829589846,2.175,2.1,2.25,0.1499999999999999,41.0,0.0,yahoo,0.1524345555388641,True
SPX,european,SPXW260819P07490000,put,2026-08-13,7748.5,7490.0,2026-08-19,0.03707000017166138,0.013,0.13901617828369145,2.25,2.2,2.3,0.09999999999999964,96.0,0.0,yahoo,0.15097989218528865,True
SPX,european,SPXW260819P07495000,put,2026-08-13,7748.5,7495.0,2026-08-19,0.03707000017166138,0.013,0.13788703918457032,2.3499999999999996,2.3,2.4,0.10000000000000009,112.0,0.0,yahoo,0.1497808697131311,True
SPX,european,SPXW260819P07505000,put,2026-08-13,7748.5,7505.0,2026-08-19,0.03707000017166138,0.013,0.13544565734863284,2.55,2.5,2.6,0.10000000000000009,50.0,0.0,yahoo,0.14720206941957606,True
SPX,european,SPXW260819P07515000,put,2026-08-13,7748.5,7515.0,2026-08-19,0.03707000017166138,0.013,0.1327906546020508,2.75,2.7,2.8,0.09999999999999964,88.0,0.0,yahoo,0.14439963912563827,True
SPX,european,SPXW260819P07520000,put,2026-08-13,7748.5,7520.0,2026-08-19,0.03707000017166138,0.013,0.1323023782348633,2.925,2.85,3.0,0.1499999999999999,247.0,0.0,yahoo,0.14367069521786044,True
SPX,european,SPXW260819P07525000,put,2026-08-13,7748.5,7525.0,2026-08-19,0.03707000017166138,0.013,0.13083754913330076,3.05,3.0,3.1,0.10000000000000009,493.0,0.0,yahoo,0.1423588053868702,True
SPX,european,SPXW260819P07530000,put,2026-08-13,7748.5,7530.0,2026-08-19,0.03707000017166138,0.013,0.13016616912841794,3.2,3.1,3.3,0.19999999999999973,5.0,0.0,yahoo,0.14121596605499653,True
SPX,european,SPXW260819P07535000,put,2026-08-13,7748.5,7535.0,2026-08-19,0.03707000017166138,0.013,0.12777056320190427,3.2,3.1,3.3,0.19999999999999973,147.0,0.0,yahoo,0.1386461196499528,True
SPX,european,SPXW260819P07540000,put,2026-08-13,7748.5,7540.0,2026-08-19,0.03707000017166138,0.013,0.1269771141052246,3.4,3.3,3.5,0.20000000000000018,181.0,0.0,yahoo,0.13784144506224655,True
SPX,european,SPXW260819P07545000,put,2026-08-13,7748.5,7545.0,2026-08-19,0.03707000017166138,0.013,0.12607685455322265,3.6,3.5,3.7,0.20000000000000018,208.0,0.0,yahoo,0.1369309653315325,True
SPX,european,SPXW260819P07555000,put,2026-08-13,7748.5,7555.0,2026-08-19,0.03707000017166138,0.013,0.12333029998779299,3.95,3.9,4.0,0.10000000000000009,320.0,0.0,yahoo,0.13443243659111437,True
SPX,european,SPXW260819P07565000,put,2026-08-13,7748.5,7565.0,2026-08-19,0.03707000017166138,0.013,0.12166710861206054,4.4,4.3,4.5,0.20000000000000018,240.0,0.0,yahoo,0.13235491722600892,True
SPX,european,SPXW260819P07570000,put,2026-08-13,7748.5,7570.0,2026-08-19,0.03707000017166138,0.013,0.12099572860717775,4.699999999999999,4.6,4.8,0.20000000000000018,1158.0,0.0,yahoo,0.13168875254560283,True
SPX,european,SPXW260819P07580000,put,2026-08-13,7748.5,7580.0,2026-08-19,0.03707000017166138,0.013,0.11875270904541015,5.15,5.0,5.3,0.2999999999999998,403.0,0.0,yahoo,0.12902905912345297,True
SPX,european,SPXW260819P07585000,put,2026-08-13,7748.5,7585.0,2026-08-19,0.03707000017166138,0.013,0.11721158676147461,5.35,5.2,5.5,0.2999999999999998,397.0,0.0,yahoo,0.12742310407351126,True
SPX,european,SPXW260819P07595000,put,2026-08-13,7748.5,7595.0,2026-08-19,0.03707000017166138,0.013,0.11501434310913086,6.0,5.9,6.1,0.1999999999999993,259.0,0.0,yahoo,0.12544823709299613,True
SPX,european,SPXW260819P07600000,put,2026-08-13,7748.5,7600.0,2026-08-19,0.03707000017166138,0.013,0.1137783935546875,6.25,6.1,6.4,0.3000000000000007,34.0,0.0,yahoo,0.12387873256083276,True
SPX,european,SPXW260819P07605000,put,2026-08-13,7748.5,7605.0,2026-08-19,0.03707000017166138,0.013,0.11245089218139648,6.65,6.6,6.7,0.10000000000000053,558.0,0.0,yahoo,0.12302980274770027,True
SPX,european,SPXW260819P07615000,put,2026-08-13,7748.5,7615.0,2026-08-19,0.03707000017166138,0.013,0.11000188102722167,7.35,7.3,7.4,0.10000000000000053,5.0,0.0,yahoo,0.1204539399927857,True
SPX,european,SPXW260819P07620000,put,2026-08-13,7748.5,7620.0,2026-08-19,0.03707000017166138,0.013,0.10884985397338867,7.699999999999999,7.6,7.8,0.20000000000000018,308.0,0.0,yahoo,0.11901116951556819,True
SPX,european,SPXW260819P07625000,put,2026-08-13,7748.5,7625.0,2026-08-19,0.03707000017166138,0.013,0.10843787078857423,8.3,8.2,8.4,0.20000000000000107,336.0,0.0,yahoo,0.11861915575265253,True
SPX,european,SPXW260819P07630000,put,2026-08-13,7748.5,7630.0,2026-08-19,0.03707000017166138,0.013,0.10745368873596192,8.8,8.7,8.9,0.20000000000000107,187.0,0.0,yahoo,0.11760972826709813,True
SPX,european,SPXW260819P07635000,put,2026-08-13,7748.5,7635.0,2026-08-19,0.03707000017166138,0.013,0.10634743759155274,9.25,9.1,9.4,0.3000000000000007,172.0,0.0,yahoo,0.1162531538020159,True
SPX,european,SPXW260819P07640000,put,2026-08-13,7748.5,7640.0,2026-08-19,0.03707000017166138,0.013,0.1055005832672119,9.85,9.7,10.0,0.3000000000000007,121.0,0.0,yahoo,0.11539945571725747,True
SPX,european,SPXW260819P07645000,put,2026-08-13,7748.5,7645.0,2026-08-19,0.03707000017166138,0.013,0.10415019393920896,10.35,10.2,10.5,0.3000000000000007,644.0,0.0,yahoo,0.11399658410229171,True
SPX,european,SPXW260819P07650000,put,2026-08-13,7748.5,7650.0,2026-08-19,0.03707000017166138,0.013,0.10268536483764648,10.9,10.8,11.0,0.1999999999999993,31.0,0.0,yahoo,0.11266638340928498,True
SPX,european,SPXW260819P07660000,put,2026-08-13,7748.5,7660.0,2026-08-19,0.03707000017166138,0.013,0.10076277664184571,12.3,12.2,12.4,0.20000000000000107,434.0,0.0,yahoo,0.11070721828204184,True
SPX,european,SPXW260819P07665000,put,2026-08-13,7748.5,7665.0,2026-08-19,0.03707000017166138,0.013,0.0999082929992676,13.05,12.9,13.2,0.29999999999999893,70.0,0.0,yahoo,0.10966815698282953,True
SPX,european,SPXW260819P07675000,put,2026-08-13,7748.5,7675.0,2026-08-19,0.03707000017166138,0.013,0.09772249332427979,14.65,14.5,14.8,0.3000000000000007,218.0,0.0,yahoo,0.10744440010633369,True
SPX,european,SPXW260819P07685000,put,2026-08-13,7748.5,7685.0,2026-08-19,0.03707000017166138,0.013,0.09579609046936036,16.549999999999997,16.4,16.7,0.3000000000000007,103.0,0.0,yahoo,0.10551057436382197,True
SPX,european,SPXW260819P07690000,put,2026-08-13,7748.5,7690.0,2026-08-19,0.03707000017166138,0.013,0.09471654193878175,17.549999999999997,17.4,17.7,0.3000000000000007,76.0,0.0,yahoo,0.10442539415169047,True
SPX,european,SPXW260819P07695000,put,2026-08-13,7748.5,7695.0,2026-08-19,0.03707000017166138,0.013,0.09373998920440675,18.65,18.5,18.8,0.3000000000000007,88.0,0.0,yahoo,0.10345307564325341,True
SPX,european,SPXW260819P07700000,put,2026-08-13,7748.5,7700.0,2026-08-19,0.03707000017166138,0.013,0.0923171213531494,19.65,19.5,19.8,0.3000000000000007,8.0,0.0,yahoo,0.1019991766717463,True
SPX,european,SPXW260819P07705000,put,2026-08-13,7748.5,7705.0,2026-08-19,0.03707000017166138,0.013,0.09124901679992675,20.9,20.8,21.0,0.1999999999999993,63.0,0.0,yahoo,0.1010724160592541,True
SPX,european,SPXW260819P07710000,put,2026-08-13,7748.5,7710.0,2026-08-19,0.03707000017166138,0.013,0.09024194679260256,22.15,22.0,22.3,0.3000000000000007,115.0,0.0,yahoo,0.09993841118959156,True
SPX,european,SPXW260819P07715000,put,2026-08-13,7748.5,7715.0,2026-08-19,0.03707000017166138,0.013,0.08903269985198976,23.450000000000003,23.3,23.6,0.3000000000000007,91.0,0.0,yahoo,0.098734510591484,True
SPX,european,SPXW260819P07720000,put,2026-08-13,7748.5,7720.0,2026-08-19,0.03707000017166138,0.013,0.08836131984710695,25.049999999999997,24.9,25.2,0.3000000000000007,73.0,0.0,yahoo,0.0981201154163829,True
SPX,european,SPXW260819P07725000,put,2026-08-13,7748.5,7725.0,2026-08-19,0.03707000017166138,0.013,0.0872283660888672,26.549999999999997,26.4,26.7,0.3000000000000007,739.0,0.0,yahoo,0.09700718417710733,True
SPX,european,SPXW260819P07730000,put,2026-08-13,7748.5,7730.0,2026-08-19,0.03707000017166138,0.013,0.08611448562622073,28.1,27.9,28.3,0.40000000000000213,111.0,0.0,yahoo,0.09579582405823488,True
SPX,european,SPXW260819P07735000,put,2026-08-13,7748.5,7735.0,2026-08-19,0.03707000017166138,0.013,0.08548125221252442,30.049999999999997,29.9,30.2,0.3000000000000007,45.0,0.0,yahoo,0.09537649251548089,True
SPX,european,SPXW260819P07740000,put,2026-08-13,7748.5,7740.0,2026-08-19,0.03707000017166138,0.013,0.08413467754364017,31.7,31.5,31.9,0.3999999999999986,146.0,0.0,yahoo,0.09393726140134294,True
SPX,european,SPXW260819P07745000,put,2026-08-13,7748.5,7745.0,2026-08-19,0.03707000017166138,0.013,0.08348237083435062,33.85,33.7,34.0,0.29999999999999716,664.0,0.0,yahoo,0.09351446186414421,True
SPX,european,SPXW260819P07750000,put,2026-08-13,7748.5,7750.0,2026-08-19,0.03707000017166138,0.013,0.08210909355163576,35.7,35.5,35.9,0.3999999999999986,477.0,0.0,yahoo,0.09206748961045612,True
SPX,european,SPXW260819P07755000,put,2026-08-13,7748.5,7755.0,2026-08-19,0.03707000017166138,0.013,0.08140338161468506,38.05,37.9,38.2,0.30000000000000426,598.0,0.0,yahoo,0.09161155286002037,True
SPX,european,SPXW260819P07765000,put,2026-08-13,7748.5,7765.0,2026-08-19,0.03707000017166138,0.013,0.07986988864898682,42.95,42.8,43.1,0.30000000000000426,58.0,0.0,yahoo,0.09036582212516248,True
SPX,european,SPXW260819P07770000,put,2026-08-13,7748.5,7770.0,2026-08-19,0.03707000017166138,0.013,0.07806555488586428,45.099999999999994,44.9,45.3,0.3999999999999986,60.0,0.0,yahoo,0.08853404645443597,True
SPX,european,SPXW260819P07775000,put,2026-08-13,7748.5,7775.0,2026-08-19,0.03707000017166138,0.013,0.07690589851379395,47.75,47.6,47.9,0.29999999999999716,54.0,0.0,yahoo,0.08767585438431366,True
SPX,european,SPXW260819P07780000,put,2026-08-13,7748.5,7780.0,2026-08-19,0.03707000017166138,0.013,0.0761658546447754,50.65,50.5,50.8,0.29999999999999716,47.0,0.0,yahoo,0.08716349343367297,True
SPX,european,SPXW260819P07785000,put,2026-08-13,7748.5,7785.0,2026-08-19,0.03707000017166138,0.013,0.07458658576965332,53.35,53.2,53.5,0.29999999999999716,10.0,0.0,yahoo,0.08579357201004068,True
SPX,european,SPXW260819P07790000,put,2026-08-13,7748.5,7790.0,2026-08-19,0.03707000017166138,0.013,0.0734040414428711,56.3,56.1,56.5,0.3999999999999986,6.0,0.0,yahoo,0.08475472720417287,True
SPX,european,SPXW260819P07795000,put,2026-08-13,7748.5,7795.0,2026-08-19,0.03707000017166138,0.013,0.07211468666076659,59.400000000000006,59.2,59.6,0.3999999999999986,11.0,0.0,yahoo,0.08378341968364313,True
SPX,european,SPXW260819P07800000,put,2026-08-13,7748.5,7800.0,2026-08-19,0.03707000017166138,0.013,0.07215283325195312,63.15,63.0,63.3,0.29999999999999716,60.0,0.0,yahoo,0.08437472628550402,True
SPX,european,SPXW260819P07805000,put,2026-08-13,7748.5,7805.0,2026-08-19,0.03707000017166138,0.013,0.06911636459350587,65.9,65.7,66.1,0.3999999999999915,5.0,0.0,yahoo,0.08160406567929196,True
SPX,european,SPXW260819P07820000,put,2026-08-13,7748.5,7820.0,2026-08-19,0.03707000017166138,0.013,0.0691621405029297,76.30000000000001,74.4,78.2,3.799999999999997,7.0,0.0,yahoo,0.07720795292185285,True
SPX,european,SPXW260819P07825000,put,2026-08-13,7748.5,7825.0,2026-08-19,0.03707000017166138,0.013,0.06715562980651857,80.0,78.1,81.9,3.8000000000000114,13.0,0.0,yahoo,0.07557060855321371,True
SPX,european,SPXW260819P07830000,put,2026-08-13,7748.5,7830.0,2026-08-19,0.03707000017166138,0.013,0.06484394638061525,83.80000000000001,81.9,85.7,3.799999999999997,20.0,0.0,yahoo,0.07374955624974018,True
SPX,european,SPXW260820C06400000,call,2026-08-13,7748.5,6400.0,2026-08-20,0.03707000017166138,0.013,0.6849396740722657,1356.6999999999998,1347.1,1366.3,19.200000000000045,5.0,0.0,yahoo,0.6893382431470866,True
SPX,european,SPXW260820C07000000,call,2026-08-13,7748.5,7000.0,2026-08-20,0.03707000017166138,0.013,0.4839223971557618,757.75,748.4,767.1,18.700000000000045,20.0,0.0,yahoo,0.41247399071376817,True
SPX,european,SPXW260820C07050000,call,2026-08-13,7748.5,7050.0,2026-08-20,0.03707000017166138,0.013,0.45825737060546884,707.85,698.5,717.2,18.700000000000045,20.0,0.0,yahoo,0.3893357075104523,True
SPX,european,SPXW260820C07290000,call,2026-08-13,7748.5,7290.0,2026-08-20,0.03707000017166138,0.013,0.3351278035736084,468.65,459.1,478.2,19.099999999999966,10.0,0.0,yahoo,0.27904382611421286,True
SPX,european,SPXW260820C07340000,call,2026-08-13,7748.5,7340.0,2026-08-20,0.03707000017166138,0.013,0.3098518722534179,419.1,409.5,428.7,19.19999999999999,10.0,0.0,yahoo,0.25743244411020805,True
SPX,european,SPXW260820C07375000,call,2026-08-13,7748.5,7375.0,2026-08-20,0.03707000017166138,0.013,0.29112952529907216,384.35,374.8,393.9,19.099999999999966,8.0,0.0,yahoo,0.24136858725444144,True
SPX,european,SPXW260820C07395000,call,2026-08-13,7748.5,7395.0,2026-08-20,0.03707000017166138,0.013,0.2815165843200683,364.95000000000005,355.6,374.3,18.69999999999999,5.0,0.0,yahoo,0.23520164353170298,True
SPX,european,SPXW260820C07400000,call,2026-08-13,7748.5,7400.0,2026-08-20,0.03707000017166138,0.013,0.2765727861022949,359.25,349.7,368.8,19.100000000000023,140.0,0.0,yahoo,0.2277307107298857,True
SPX,european,SPXW260820C07410000,call,2026-08-13,7748.5,7410.0,2026-08-20,0.03707000017166138,0.013,0.272544506072998,349.65,340.1,359.2,19.099999999999966,10.0,0.0,yahoo,0.22530318082613754,True
SPX,european,SPXW260820C07415000,call,2026-08-13,7748.5,7415.0,2026-08-20,0.03707000017166138,0.013,0.26968351173400884,344.65,335.1,354.2,19.099999999999966,8.0,0.0,yahoo,0.22268558555893656,True
SPX,european,SPXW260820C07455000,call,2026-08-13,7748.5,7455.0,2026-08-20,0.03707000017166138,0.013,0.24815357566833499,305.05,295.5,314.6,19.100000000000023,7.0,0.0,yahoo,0.20411378779582942,True
SPX,european,SPXW260820C07470000,call,2026-08-13,7748.5,7470.0,2026-08-20,0.03707000017166138,0.013,0.24050136947631834,290.35,280.8,299.9,19.099999999999966,80.0,0.0,yahoo,0.1978730536113462,True
SPX,european,SPXW260820C07480000,call,2026-08-13,7748.5,7480.0,2026-08-20,0.03707000017166138,0.013,0.2357025283050537,280.65,271.1,290.2,19.099999999999966,31.0,0.0,yahoo,0.19419687762620336,True
SPX,european,SPXW260820C07495000,call,2026-08-13,7748.5,7495.0,2026-08-20,0.03707000017166138,0.013,0.22784433052062988,265.95,256.4,275.5,19.100000000000023,9.0,0.0,yahoo,0.18765480926802808,True
SPX,european,SPXW260820C07500000,call,2026-08-13,7748.5,7500.0,2026-08-20,0.03707000017166138,0.013,0.22554790573120115,261.15,251.6,270.7,19.099999999999994,13.0,0.0,yahoo,0.1859793965050539,True
SPX,european,SPXW260820C07505000,call,2026-08-13,7748.5,7505.0,2026-08-20,0.03707000017166138,0.013,0.2211076425170898,255.85000000000002,246.4,265.3,18.900000000000006,5.0,0.0,yahoo,0.18157818932009917,True
SPX,european,SPXW260820C07510000,call,2026-08-13,7748.5,7510.0,2026-08-20,0.03707000017166138,0.013,0.2205583316040039,251.45,241.9,261.0,19.099999999999994,6.0,0.0,yahoo,0.18199681118699684,True
SPX,european,SPXW260820C07530000,call,2026-08-13,7748.5,7530.0,2026-08-20,0.03707000017166138,0.013,0.20864896583557122,231.64999999999998,222.2,241.1,18.900000000000006,16.0,0.0,yahoo,0.1717240935848422,True
SPX,european,SPXW260820C07535000,call,2026-08-13,7748.5,7535.0,2026-08-20,0.03707000017166138,0.013,0.2079089219665527,227.25,217.7,236.8,19.100000000000023,32.0,0.0,yahoo,0.1718108276161421,True
SPX,european,SPXW260820C07550000,call,2026-08-13,7748.5,7550.0,2026-08-20,0.03707000017166138,0.013,0.20079839736938476,212.9,203.3,222.5,19.19999999999999,13.0,0.0,yahoo,0.16613539306643504,True
SPX,european,SPXW260820C07560000,call,2026-08-13,7748.5,7560.0,2026-08-20,0.03707000017166138,0.013,0.18961000217437746,203.85,196.7,211.0,14.300000000000011,8.0,0.0,yahoo,0.16442541781116563,True
SPX,european,SPXW260820C07575000,call,2026-08-13,7748.5,7575.0,2026-08-20,0.03707000017166138,0.013,0.15915376377105717,189.0,188.3,189.7,1.3999999999999773,10.0,0.0,yahoo,0.15599151953774,True
SPX,european,SPXW260820C07580000,call,2026-08-13,7748.5,7580.0,2026-08-20,0.03707000017166138,0.013,0.16661142234802254,184.15,180.5,187.8,7.300000000000011,30.0,0.0,yahoo,0.15355934107115113,True
SPX,european,SPXW260820C07590000,call,2026-08-13,7748.5,7590.0,2026-08-20,0.03707000017166138,0.013,0.1625907716369629,174.85,171.2,178.5,7.300000000000011,5.0,0.0,yahoo,0.1501976171153771,True
SPX,european,SPXW260820C07600000,call,2026-08-13,7748.5,7600.0,2026-08-20,0.03707000017166138,0.013,0.15050593154907232,166.05,165.4,166.7,1.299999999999983,28.0,0.0,yahoo,0.1484904155108387,True
SPX,european,SPXW260820C07605000,call,2026-08-13,7748.5,7605.0,2026-08-20,0.03707000017166138,0.013,0.1563881359100342,161.05,157.5,164.6,7.099999999999994,25.0,0.0,yahoo,0.14527558935410692,True
SPX,european,SPXW260820C07610000,call,2026-08-13,7748.5,7610.0,2026-08-20,0.03707000017166138,0.013,0.1543320346450806,156.5,153.0,160.0,7.0,21.0,0.0,yahoo,0.14368653492649075,True
SPX,european,SPXW260820C07620000,call,2026-08-13,7748.5,7620.0,2026-08-20,0.03707000017166138,0.013,0.15123834609985354,147.55,143.9,151.2,7.299999999999983,34.0,0.0,yahoo,0.14081585927976262,True
SPX,european,SPXW260820C07625000,call,2026-08-13,7748.5,7625.0,2026-08-20,0.03707000017166138,0.013,0.14872830039978027,143.0,139.5,146.5,7.0,16.0,0.0,yahoo,0.13900288803771058,True
SPX,european,SPXW260820C07630000,call,2026-08-13,7748.5,7630.0,2026-08-20,0.03707000017166138,0.013,0.14673704833984375,138.5,135.0,142.0,7.0,14.0,0.0,yahoo,0.13728674761210738,True
SPX,european,SPXW260820C07640000,call,2026-08-13,7748.5,7640.0,2026-08-20,0.03707000017166138,0.013,0.14477631355285644,130.3,126.8,133.8,7.000000000000014,32.0,0.0,yahoo,0.1361763759632654,True
SPX,european,SPXW260820C07645000,call,2026-08-13,7748.5,7645.0,2026-08-20,0.03707000017166138,0.013,0.1412286805725098,125.4,122.0,128.8,6.800000000000011,14.0,0.0,yahoo,0.13293440804959583,True
SPX,european,SPXW260820C07650000,call,2026-08-13,7748.5,7650.0,2026-08-20,0.03707000017166138,0.013,0.13333996551513672,121.5,120.8,122.2,1.4000000000000057,269.0,0.0,yahoo,0.13272571026131827,True
SPX,european,SPXW260820C07680000,call,2026-08-13,7748.5,7680.0,2026-08-20,0.03707000017166138,0.013,0.130768885269165,96.75,93.5,100.0,6.5,20.0,0.0,yahoo,0.12477983682699119,True
SPX,european,SPXW260820C07710000,call,2026-08-13,7748.5,7710.0,2026-08-20,0.03707000017166138,0.013,0.11571242572784425,74.1,73.9,74.3,0.3999999999999915,48.0,0.0,yahoo,0.11786223286196663,True
SPX,european,SPXW260820C07715000,call,2026-08-13,7748.5,7715.0,2026-08-20,0.03707000017166138,0.013,0.11394623855590821,70.3,70.1,70.5,0.4000000000000057,9.0,0.0,yahoo,0.11614357533441204,True
SPX,european,SPXW260820C07725000,call,2026-08-13,7748.5,7725.0,2026-08-20,0.03707000017166138,0.013,0.11223727127075195,63.7,63.5,63.9,0.3999999999999986,21.0,0.0,yahoo,0.11466104307154666,True
SPX,european,SPXW260820C07735000,call,2026-08-13,7748.5,7735.0,2026-08-20,0.03707000017166138,0.013,0.1099026998901367,57.15,57.0,57.3,0.29999999999999716,7.0,0.0,yahoo,0.11259950432413657,True
SPX,european,SPXW260820C07740000,call,2026-08-13,7748.5,7740.0,2026-08-20,0.03707000017166138,0.013,0.10893377647399902,54.05,53.9,54.2,0.30000000000000426,8.0,0.0,yahoo,0.1117129807236947,True
SPX,european,SPXW260820C07745000,call,2026-08-13,7748.5,7745.0,2026-08-20,0.03707000017166138,0.013,0.10757957248687745,50.8,50.6,51.0,0.3999999999999986,107.0,0.0,yahoo,0.11028904467436043,True
SPX,european,SPXW260820C07750000,call,2026-08-13,7748.5,7750.0,2026-08-20,0.03707000017166138,0.013,0.10714470134735106,48.099999999999994,47.9,48.3,0.3999999999999986,60.0,0.0,yahoo,0.10996200264396273,True
SPX,european,SPXW260820C07755000,call,2026-08-13,7748.5,7755.0,2026-08-20,0.03707000017166138,0.013,0.10565698429107664,45.05,44.9,45.2,0.30000000000000426,163.0,0.0,yahoo,0.10862042443702716,True
SPX,european,SPXW260820C07765000,call,2026-08-13,7748.5,7765.0,2026-08-20,0.03707000017166138,0.013,0.10453547451019286,39.95,39.8,40.1,0.30000000000000426,87.0,0.0,yahoo,0.10767171251944356,True
SPX,european,SPXW260820C07785000,call,2026-08-13,7748.5,7785.0,2026-08-20,0.03707000017166138,0.013,0.10178510528564452,30.549999999999997,30.4,30.7,0.3000000000000007,21.0,0.0,yahoo,0.10516439961300958,True
SPX,european,SPXW260820C07790000,call,2026-08-13,7748.5,7790.0,2026-08-20,0.03707000017166138,0.013,0.10070174209594726,28.25,28.1,28.4,0.29999999999999716,19.0,0.0,yahoo,0.10410493622351105,True
SPX,european,SPXW260820C07795000,call,2026-08-13,7748.5,7795.0,2026-08-20,0.03707000017166138,0.013,0.1001066552734375,26.25,26.1,26.4,0.29999999999999716,5.0,0.0,yahoo,0.10355573712462249,True
SPX,european,SPXW260820C07800000,call,2026-08-13,7748.5,7800.0,2026-08-20,0.03707000017166138,0.013,0.09953445640563965,24.35,24.2,24.5,0.3000000000000007,13.0,0.0,yahoo,0.10303183285436793,True
SPX,european,SPXW260820C07815000,call,2026-08-13,7748.5,7815.0,2026-08-20,0.03707000017166138,0.013,0.09828324821472167,19.35,19.2,19.5,0.3000000000000007,12.0,0.0,yahoo,0.101917926178627,True
SPX,european,SPXW260820C07825000,call,2026-08-13,7748.5,7825.0,2026-08-20,0.03707000017166138,0.013,0.09723421695709229,16.4,16.3,16.5,0.1999999999999993,40.0,0.0,yahoo,0.10107078106281371,True
SPX,european,SPXW260820C07830000,call,2026-08-13,7748.5,7830.0,2026-08-20,0.03707000017166138,0.013,0.09721132900238037,15.15,15.0,15.3,0.3000000000000007,81.0,0.0,yahoo,0.10095372390092874,True
SPX,european,SPXW260820C07835000,call,2026-08-13,7748.5,7835.0,2026-08-20,0.03707000017166138,0.013,0.09698626411437991,14.0,13.9,14.1,0.1999999999999993,39.0,0.0,yahoo,0.10092154859258043,True
SPX,european,SPXW260820C07855000,call,2026-08-13,7748.5,7855.0,2026-08-20,0.03707000017166138,0.013,0.09546040046691895,9.65,9.5,9.8,0.3000000000000007,20.0,0.0,yahoo,0.0992946998532194,True
SPX,european,SPXW260820C07860000,call,2026-08-13,7748.5,7860.0,2026-08-20,0.03707000017166138,0.013,0.09545277114868164,8.9,8.8,9.0,0.1999999999999993,10.0,0.0,yahoo,0.0995097509107124,True
SPX,european,SPXW260820C07875000,call,2026-08-13,7748.5,7875.0,2026-08-20,0.03707000017166138,0.013,0.09497975341796877,6.65,6.5,6.8,0.2999999999999998,26.0,0.0,yahoo,0.0988601106000567,True
SPX,european,SPXW260820C07890000,call,2026-08-13,7748.5,7890.0,2026-08-20,0.03707000017166138,0.013,0.0942473388671875,4.9,4.8,5.0,0.20000000000000018,60.0,0.0,yahoo,0.09835101515493869,True
SPX,european,SPXW260820C07900000,call,2026-08-13,7748.5,7900.0,2026-08-20,0.03707000017166138,0.013,0.09417104568481446,4.0,3.9,4.1,0.19999999999999973,20.0,0.0,yahoo,0.09827980739762057,True
SPX,european,SPXW260820C07910000,call,2026-08-13,7748.5,7910.0,2026-08-20,0.03707000017166138,0.013,0.09448384773254395,3.25,3.1,3.4,0.2999999999999998,745.0,0.0,yahoo,0.0982562103483447,True
SPX,european,SPXW260820C07920000,call,2026-08-13,7748.5,7920.0,2026-08-20,0.03707000017166138,0.013,0.09473561523437501,2.675,2.55,2.8,0.25,43.0,0.0,yahoo,0.09864377054531144,True
SPX,european,SPXW260820C07930000,call,2026-08-13,7748.5,7930.0,2026-08-20,0.03707000017166138,0.013,0.09502552932739261,2.2249999999999996,2.15,2.3,0.1499999999999999,165.0,0.0,yahoo,0.09932120306971144,True
SPX,european,SPXW260820C07950000,call,2026-08-13,7748.5,7950.0,2026-08-20,0.03707000017166138,0.013,0.0963530307006836,1.525,1.45,1.6,0.15000000000000013,129.0,0.0,yahoo,0.10062678306264966,True
SPX,european,SPXW260820C07975000,call,2026-08-13,7748.5,7975.0,2026-08-20,0.03707000017166138,0.013,0.09940475799560547,1.025,0.95,1.1,0.15000000000000013,45.0,0.0,yahoo,0.10367695823520082,True
SPX,european,SPXW260820C08000000,call,2026-08-13,7748.5,8000.0,2026-08-20,0.03707000017166138,0.013,0.10321941711425779,0.75,0.7,0.8,0.10000000000000009,97.0,0.0,yahoo,0.10797476667869103,True
SPX,european,SPXW260820P07200000,put,2026-08-13,7748.5,7200.0,2026-08-20,0.03707000017166138,0.013,0.2132036688232422,0.75,0.7,0.8,0.10000000000000009,17.0,0.0,yahoo,0.227341462682612,True
SPX,european,SPXW260820P07225000,put,2026-08-13,7748.5,7225.0,2026-08-20,0.03707000017166138,0.013,0.20600159240722654,0.8,0.75,0.85,0.09999999999999998,5.0,0.0,yahoo,0.21974330077873547,True
SPX,european,SPXW260820P07275000,put,2026-08-13,7748.5,7275.0,2026-08-20,0.03707000017166138,0.013,0.1948322705078125,1.025,0.95,1.1,0.15000000000000013,11.0,0.0,yahoo,0.20755509376051418,True
SPX,european,SPXW260820P07300000,put,2026-08-13,7748.5,7300.0,2026-08-20,0.03707000017166138,0.013,0.18677571044921876,1.1,1.05,1.15,0.09999999999999987,24.0,0.0,yahoo,0.1997596816207179,True
SPX,european,SPXW260820P07310000,put,2026-08-13,7748.5,7310.0,2026-08-20,0.03707000017166138,0.013,0.18421225952148437,1.15,1.1,1.2,0.09999999999999987,10.0,0.0,yahoo,0.19705905749591382,True
SPX,european,SPXW260820P07325000,put,2026-08-13,7748.5,7325.0,2026-08-20,0.03707000017166138,0.013,0.1807027731323242,1.25,1.2,1.3,0.10000000000000009,17.0,0.0,yahoo,0.19343215670769298,True
SPX,european,SPXW260820P07335000,put,2026-08-13,7748.5,7335.0,2026-08-20,0.03707000017166138,0.013,0.1789022540283203,1.325,1.25,1.4,0.1499999999999999,190.0,0.0,yahoo,0.19106003300576263,True
SPX,european,SPXW260820P07345000,put,2026-08-13,7748.5,7345.0,2026-08-20,0.03707000017166138,0.013,0.17603363037109376,1.375,1.3,1.45,0.1499999999999999,10.0,0.0,yahoo,0.18806276491048513,True
SPX,european,SPXW260820P07350000,put,2026-08-13,7748.5,7350.0,2026-08-20,0.03707000017166138,0.013,0.17414155944824222,1.4,1.35,1.45,0.09999999999999987,19.0,0.0,yahoo,0.1865402997668866,True
SPX,european,SPXW260820P07360000,put,2026-08-13,7748.5,7360.0,2026-08-20,0.03707000017166138,0.013,0.17206638488769532,1.5,1.45,1.55,0.10000000000000009,64.0,0.0,yahoo,0.18440505507624147,True
SPX,european,SPXW260820P07365000,put,2026-08-13,7748.5,7365.0,2026-08-20,0.03707000017166138,0.013,0.17096776306152345,1.525,1.45,1.6,0.15000000000000013,26.0,0.0,yahoo,0.18281865503408332,True
SPX,european,SPXW260820P07370000,put,2026-08-13,7748.5,7370.0,2026-08-20,0.03707000017166138,0.013,0.16904517486572268,1.55,1.5,1.6,0.10000000000000009,11.0,0.0,yahoo,0.1812179340194401,True
SPX,european,SPXW260820P07375000,put,2026-08-13,7748.5,7375.0,2026-08-20,0.03707000017166138,0.013,0.1687094848632813,1.625,1.55,1.7,0.1499999999999999,12.0,0.0,yahoo,0.1804880371581083,True
SPX,european,SPXW260820P07380000,put,2026-08-13,7748.5,7380.0,2026-08-20,0.03707000017166138,0.013,0.1667563793945313,1.65,1.6,1.7,0.09999999999999987,24.0,0.0,yahoo,0.1788430512005572,True
SPX,european,SPXW260820P07390000,put,2026-08-13,7748.5,7390.0,2026-08-20,0.03707000017166138,0.013,0.16510844665527347,1.775,1.7,1.85,0.15000000000000013,44.0,0.0,yahoo,0.17674096668901518,True
SPX,european,SPXW260820P07395000,put,2026-08-13,7748.5,7395.0,2026-08-20,0.03707000017166138,0.013,0.16312482391357425,1.8,1.75,1.85,0.10000000000000009,60.0,0.0,yahoo,0.17503447054551421,True
SPX,european,SPXW260820P07400000,put,2026-08-13,7748.5,7400.0,2026-08-20,0.03707000017166138,0.013,0.16254499572753905,1.875,1.8,1.95,0.1499999999999999,46.0,0.0,yahoo,0.17408884012140372,True
SPX,european,SPXW260820P07405000,put,2026-08-13,7748.5,7405.0,2026-08-20,0.03707000017166138,0.013,0.16123275299072265,1.925,1.85,2.0,0.1499999999999999,33.0,0.0,yahoo,0.17271945138905315,True
SPX,european,SPXW260820P07425000,put,2026-08-13,7748.5,7425.0,2026-08-20,0.03707000017166138,0.013,0.1563499893188477,2.15,2.05,2.25,0.20000000000000018,30.0,0.0,yahoo,0.16730957959179635,True
SPX,european,SPXW260820P07430000,put,2026-08-13,7748.5,7430.0,2026-08-20,0.03707000017166138,0.013,0.15430533203125002,2.2,2.15,2.25,0.10000000000000009,6.0,0.0,yahoo,0.16580049578759753,True
SPX,european,SPXW260820P07450000,put,2026-08-13,7748.5,7450.0,2026-08-20,0.03707000017166138,0.013,0.14943782699584962,2.5,2.45,2.55,0.09999999999999964,15.0,0.0,yahoo,0.16071445415985927,True
SPX,european,SPXW260820P07455000,put,2026-08-13,7748.5,7455.0,2026-08-20,0.03707000017166138,0.013,0.14891903335571288,2.6,2.5,2.7,0.20000000000000018,5.0,0.0,yahoo,0.15963426732756572,True
SPX,european,SPXW260820P07460000,put,2026-08-13,7748.5,7460.0,2026-08-20,0.03707000017166138,0.013,0.14731687652587894,2.675,2.6,2.75,0.1499999999999999,2400.0,0.0,yahoo,0.15822664155580735,True
SPX,european,SPXW260820P07465000,put,2026-08-13,7748.5,7465.0,2026-08-20,0.03707000017166138,0.013,0.14618773742675778,2.7750000000000004,2.7,2.85,0.1499999999999999,52.0,0.0,yahoo,0.15705412899134494,True
SPX,european,SPXW260820P07470000,put,2026-08-13,7748.5,7470.0,2026-08-20,0.03707000017166138,0.013,0.1450128224182129,2.875,2.8,2.95,0.15000000000000036,13.0,0.0,yahoo,0.15583388814230512,True
SPX,european,SPXW260820P07475000,put,2026-08-13,7748.5,7475.0,2026-08-20,0.03707000017166138,0.013,0.144265149230957,2.975,2.85,3.1,0.25,36.0,0.0,yahoo,0.15456776788977758,True
SPX,european,SPXW260820P07480000,put,2026-08-13,7748.5,7480.0,2026-08-20,0.03707000017166138,0.013,0.14298342376708983,3.1,3.0,3.2,0.20000000000000018,19.0,0.0,yahoo,0.15350215636772283,True
SPX,european,SPXW260820P07490000,put,2026-08-13,7748.5,7490.0,2026-08-20,0.03707000017166138,0.013,0.14118290466308597,3.35,3.2,3.5,0.2999999999999998,103.0,0.0,yahoo,0.15120122394806718,True
SPX,european,SPXW260820P07495000,put,2026-08-13,7748.5,7495.0,2026-08-20,0.03707000017166138,0.013,0.1397791101074219,3.45,3.3,3.6,0.30000000000000027,38.0,0.0,yahoo,0.149748200504521,True
SPX,european,SPXW260820P07500000,put,2026-08-13,7748.5,7500.0,2026-08-20,0.03707000017166138,0.013,0.13832953964233397,3.6,3.5,3.7,0.20000000000000018,374.0,0.0,yahoo,0.14868952523204745,True
SPX,european,SPXW260820P07510000,put,2026-08-13,7748.5,7510.0,2026-08-20,0.03707000017166138,0.013,0.13610177871704104,3.9,3.8,4.0,0.20000000000000018,21.0,0.0,yahoo,0.1463876624982621,True
SPX,european,SPXW260820P07520000,put,2026-08-13,7748.5,7520.0,2026-08-20,0.03707000017166138,0.013,0.13366039688110354,4.199999999999999,4.1,4.3,0.20000000000000018,9.0,0.0,yahoo,0.1438565811052249,True
SPX,european,SPXW260820P07525000,put,2026-08-13,7748.5,7525.0,2026-08-20,0.03707000017166138,0.013,0.13271436141967774,4.35,4.2,4.5,0.2999999999999998,39.0,0.0,yahoo,0.14251035782188604,True
SPX,european,SPXW260820P07535000,put,2026-08-13,7748.5,7535.0,2026-08-20,0.03707000017166138,0.013,0.130593410949707,4.75,4.6,4.9,0.3000000000000007,13.0,0.0,yahoo,0.14035807474330816,True
SPX,european,SPXW260820P07540000,put,2026-08-13,7748.5,7540.0,2026-08-20,0.03707000017166138,0.013,0.12883866775512692,4.9,4.8,5.0,0.20000000000000018,13.0,0.0,yahoo,0.13884315516766652,True
SPX,european,SPXW260820P07545000,put,2026-08-13,7748.5,7545.0,2026-08-20,0.03707000017166138,0.013,0.12824358093261717,5.15,5.0,5.3,0.2999999999999998,41.0,0.0,yahoo,0.13793159834447039,True
SPX,european,SPXW260820P07550000,put,2026-08-13,7748.5,7550.0,2026-08-20,0.03707000017166138,0.013,0.1269694847869873,5.35,5.2,5.5,0.2999999999999998,48.0,0.0,yahoo,0.1366222234959649,True
SPX,european,SPXW260820P07565000,put,2026-08-13,7748.5,7565.0,2026-08-20,0.03707000017166138,0.013,0.1233608172607422,6.1,6.0,6.2,0.20000000000000018,45.0,0.0,yahoo,0.1331920818179163,True
SPX,european,SPXW260820P07570000,put,2026-08-13,7748.5,7570.0,2026-08-20,0.03707000017166138,0.013,0.12237663520812991,6.35,6.2,6.5,0.2999999999999998,27.0,0.0,yahoo,0.13190122522933548,True
SPX,european,SPXW260820P07575000,put,2026-08-13,7748.5,7575.0,2026-08-20,0.03707000017166138,0.013,0.1213009013366699,6.699999999999999,6.6,6.8,0.20000000000000018,143.0,0.0,yahoo,0.13107423552877956,True
SPX,european,SPXW260820P07580000,put,2026-08-13,7748.5,7580.0,2026-08-20,0.03707000017166138,0.013,0.11968348587036132,6.9,6.8,7.0,0.20000000000000018,54.0,0.0,yahoo,0.12937279690604747,True
SPX,european,SPXW260820P07585000,put,2026-08-13,7748.5,7585.0,2026-08-20,0.03707000017166138,0.013,0.11894344200134277,7.25,7.1,7.4,0.3000000000000007,74.0,0.0,yahoo,0.12837450440428752,True
SPX,european,SPXW260820P07590000,put,2026-08-13,7748.5,7590.0,2026-08-20,0.03707000017166138,0.013,0.11809658767700196,7.699999999999999,7.6,7.8,0.20000000000000018,48.0,0.0,yahoo,0.1277656802740186,True
SPX,european,SPXW260820P07595000,put,2026-08-13,7748.5,7595.0,2026-08-20,0.03707000017166138,0.013,0.11715055221557616,8.1,8.0,8.2,0.1999999999999993,73.0,0.0,yahoo,0.12680215905428455,True
SPX,european,SPXW260820P07600000,put,2026-08-13,7748.5,7600.0,2026-08-20,0.03707000017166138,0.013,0.11570098175048829,8.4,8.3,8.5,0.1999999999999993,11.0,0.0,yahoo,0.12528676448375586,True
SPX,european,SPXW260820P07605000,put,2026-08-13,7748.5,7605.0,2026-08-20,0.03707000017166138,0.013,0.11499145515441894,8.85,8.7,9.0,0.3000000000000007,23.0,0.0,yahoo,0.12436050942023846,True
SPX,european,SPXW260820P07610000,put,2026-08-13,7748.5,7610.0,2026-08-20,0.03707000017166138,0.013,0.11417511810302736,9.35,9.2,9.5,0.3000000000000007,20.0,0.0,yahoo,0.12353906540062655,True
SPX,european,SPXW260820P07615000,put,2026-08-13,7748.5,7615.0,2026-08-20,0.03707000017166138,0.013,0.11248903877258301,9.7,9.6,9.8,0.20000000000000107,6.0,0.0,yahoo,0.12198575076947482,True
SPX,european,SPXW260820P07625000,put,2026-08-13,7748.5,7625.0,2026-08-20,0.03707000017166138,0.013,0.11073429557800293,10.8,10.7,10.9,0.20000000000000107,426.0,0.0,yahoo,0.12020568639159651,True
SPX,european,SPXW260820P07635000,put,2026-08-13,7748.5,7635.0,2026-08-20,0.03707000017166138,0.013,0.10854468124389649,11.9,11.8,12.0,0.1999999999999993,6.0,0.0,yahoo,0.11796325314075935,True
SPX,european,SPXW260820P07645000,put,2026-08-13,7748.5,7645.0,2026-08-20,0.03707000017166138,0.013,0.10658394645690919,13.2,13.1,13.3,0.20000000000000107,35.0,0.0,yahoo,0.11597437040727593,True
SPX,european,SPXW260820P07650000,put,2026-08-13,7748.5,7650.0,2026-08-20,0.03707000017166138,0.013,0.10527933303833009,13.8,13.7,13.9,0.20000000000000107,57.0,0.0,yahoo,0.11463002755833383,True
SPX,european,SPXW260820P07660000,put,2026-08-13,7748.5,7660.0,2026-08-20,0.03707000017166138,0.013,0.1032423050689697,15.3,15.2,15.4,0.20000000000000107,8.0,0.0,yahoo,0.11256382891603327,True
SPX,european,SPXW260820P07665000,put,2026-08-13,7748.5,7665.0,2026-08-20,0.03707000017166138,0.013,0.1027463993835449,16.299999999999997,16.2,16.4,0.1999999999999993,82.0,0.0,yahoo,0.11210240309928778,True
SPX,european,SPXW260820P07680000,put,2026-08-13,7748.5,7680.0,2026-08-20,0.03707000017166138,0.013,0.09930176219940186,18.85,18.7,19.0,0.3000000000000007,50.0,0.0,yahoo,0.10846880682388595,True
SPX,european,SPXW260820P07690000,put,2026-08-13,7748.5,7690.0,2026-08-20,0.03707000017166138,0.013,0.09778734252929688,21.15,21.0,21.3,0.3000000000000007,56.0,0.0,yahoo,0.10700818023230171,True
SPX,european,SPXW260820P07695000,put,2026-08-13,7748.5,7695.0,2026-08-20,0.03707000017166138,0.013,0.0966734620666504,22.25,22.1,22.4,0.29999999999999716,12.0,0.0,yahoo,0.105895264594504,True
SPX,european,SPXW260820P07700000,put,2026-08-13,7748.5,7700.0,2026-08-20,0.03707000017166138,0.013,0.09564731876373292,23.450000000000003,23.3,23.6,0.3000000000000007,419.0,0.0,yahoo,0.10488611884957216,True
SPX,european,SPXW260820P07715000,put,2026-08-13,7748.5,7715.0,2026-08-20,0.03707000017166138,0.013,0.09254600090026854,27.450000000000003,27.3,27.6,0.3000000000000007,10.0,0.0,yahoo,0.10185598927556656,True
SPX,european,SPXW260820P07720000,put,2026-08-13,7748.5,7720.0,2026-08-20,0.03707000017166138,0.013,0.0924620783996582,29.3,29.1,29.5,0.3999999999999986,50.0,0.0,yahoo,0.10175734171627278,True
SPX,european,SPXW260820P07725000,put,2026-08-13,7748.5,7725.0,2026-08-20,0.03707000017166138,0.013,0.09105065452575684,30.75,30.6,30.9,0.29999999999999716,41.0,0.0,yahoo,0.10048310433378514,True
SPX,european,SPXW260820P07730000,put,2026-08-13,7748.5,7730.0,2026-08-20,0.03707000017166138,0.013,0.08968500656127928,32.25,32.1,32.4,0.29999999999999716,6.0,0.0,yahoo,0.09914255469854863,True
SPX,european,SPXW260820P07735000,put,2026-08-13,7748.5,7735.0,2026-08-20,0.03707000017166138,0.013,0.08923487678527833,34.25,34.1,34.4,0.29999999999999716,6.0,0.0,yahoo,0.09879500018388018,True
SPX,european,SPXW260820P07750000,put,2026-08-13,7748.5,7750.0,2026-08-20,0.03707000017166138,0.013,0.08707577972412112,40.400000000000006,40.2,40.6,0.3999999999999986,13.0,0.0,yahoo,0.09681717658940564,True
SPX,european,SPXW260820P07755000,put,2026-08-13,7748.5,7755.0,2026-08-20,0.03707000017166138,0.013,0.08512267425537112,42.15,42.0,42.3,0.29999999999999716,270.0,0.0,yahoo,0.09501834316680016,True
SPX,european,SPXW260820P07760000,put,2026-08-13,7748.5,7760.0,2026-08-20,0.03707000017166138,0.013,0.08425293197631839,44.45,44.3,44.6,0.30000000000000426,15.0,0.0,yahoo,0.09427535805899015,True
SPX,european,SPXW260820P07765000,put,2026-08-13,7748.5,7765.0,2026-08-20,0.03707000017166138,0.013,0.08336793106079105,46.8,46.6,47.0,0.3999999999999986,20.0,0.0,yahoo,0.09341404779020772,True
SPX,european,SPXW260820P07770000,put,2026-08-13,7748.5,7770.0,2026-08-20,0.03707000017166138,0.013,0.08246385684967042,49.3,49.1,49.5,0.3999999999999986,14.0,0.0,yahoo,0.09266468378138178,True
SPX,european,SPXW260820P07785000,put,2026-08-13,7748.5,7785.0,2026-08-20,0.03707000017166138,0.013,0.07979359546661376,57.55,57.4,57.7,0.30000000000000426,21.0,0.0,yahoo,0.09071821078942291,True
SPX,european,SPXW260820P07790000,put,2026-08-13,7748.5,7790.0,2026-08-20,0.03707000017166138,0.013,0.07801977897644044,60.15,60.0,60.3,0.29999999999999716,20.0,0.0,yahoo,0.08916371508777418,True
SPX,european,SPXW260820P07815000,put,2026-08-13,7748.5,7815.0,2026-08-20,0.03707000017166138,0.013,0.07604760021209718,76.4,75.0,77.8,2.799999999999997,8.0,0.0,yahoo,0.08542775855063497,True
SPX,european,SPXW260820P07825000,put,2026-08-13,7748.5,7825.0,2026-08-20,0.03707000017166138,0.013,0.07874456420898437,83.35,80.1,86.6,6.5,8.0,0.0,yahoo,0.0829978620297237,True
SPX,european,SPX260821C04875000,call,2026-08-13,7748.5,4875.0,2026-08-21,0.03707000017166138,0.013,1.3908721862792968,2881.65,2877.8,2885.5,7.699999999999818,10.0,0.0,yahoo,1.4273160389842434,True
SPX,european,SPX260821C04900000,call,2026-08-13,7748.5,4900.0,2026-08-21,0.03707000017166138,0.013,1.3880951005554198,2857.1000000000004,2853.3,2860.9,7.599999999999909,21.0,0.0,yahoo,1.4260938581272518,True
SPX,european,SPX260821C05000000,call,2026-08-13,7748.5,5000.0,2026-08-21,0.03707000017166138,0.013,1.315921389160156,2756.3500000000004,2752.8,2759.9,7.099999999999909,41.0,0.0,yahoo,1.3453612917833235,True
SPX,european,SPX260821C05250000,call,2026-08-13,7748.5,5250.0,2026-08-21,0.03707000017166138,0.013,1.2099648876953122,2507.5,2503.7,2511.3,7.600000000000364,9.0,0.0,yahoo,1.2367342035912516,True
SPX,european,SPX260821C05400000,call,2026-08-13,7748.5,5400.0,2026-08-21,0.03707000017166138,0.013,1.1348309860229495,2357.6,2353.7,2361.5,7.800000000000182,10.0,0.0,yahoo,1.1569451390978058,True
SPX,european,SPXW260821C05475000,call,2026-08-13,7748.5,5475.0,2026-08-21,0.03707000017166138,0.013,1.087284837036133,2282.1,2278.2,2286.0,7.800000000000182,64.0,0.0,yahoo,1.1043230970938256,True
SPX,european,SPX260821C05600000,call,2026-08-13,7748.5,5600.0,2026-08-21,0.03707000017166138,0.013,1.039830240325928,2157.8999999999996,2154.1,2161.7,7.599999999999909,65.0,0.0,yahoo,1.0571560960797943,True
SPX,european,SPXW260821C05675000,call,2026-08-13,7748.5,5675.0,2026-08-21,0.03707000017166138,0.013,1.0053455494689942,2083.05,2079.2,2086.9,7.700000000000273,50.0,0.0,yahoo,1.0211602554304178,True
SPX,european,SPXW260821C05900000,call,2026-08-13,7748.5,5900.0,2026-08-21,0.03707000017166138,0.013,0.8834850518798827,1857.25,1853.4,1861.1,7.699999999999818,10.0,0.0,yahoo,0.8892316406286699,True
SPX,european,SPXW260821C06030000,call,2026-08-13,7748.5,6030.0,2026-08-21,0.03707000017166138,0.013,0.8329484478759763,1727.9499999999998,1724.1,1731.8,7.7000000000000455,12.0,0.0,yahoo,0.8389543917774995,True
SPX,european,SPX260821C06050000,call,2026-08-13,7748.5,6050.0,2026-08-21,0.03707000017166138,0.013,0.8183611914062499,1707.6,1703.7,1711.5,7.7999999999999545,23.0,0.0,yahoo,0.822285852598871,True
SPX,european,SPXW260821C06090000,call,2026-08-13,7748.5,6090.0,2026-08-21,0.03707000017166138,0.013,0.7982197912597657,1667.5,1663.6,1671.4,7.800000000000182,69.0,0.0,yahoo,0.8007559522246042,True
SPX,european,SPXW260821C06120000,call,2026-08-13,7748.5,6120.0,2026-08-21,0.03707000017166138,0.013,0.7835715002441408,1637.4499999999998,1633.6,1641.3,7.7000000000000455,24.0,0.0,yahoo,0.7851904242339993,True
SPX,european,SPXW260821C06310000,call,2026-08-13,7748.5,6310.0,2026-08-21,0.03707000017166138,0.013,0.7003203796386719,1447.75,1443.9,1451.6,7.699999999999818,11.0,0.0,yahoo,0.6994439375673716,True
SPX,european,SPX260821C06580000,call,2026-08-13,7748.5,6580.0,2026-08-21,0.03707000017166138,0.013,0.5837291383361816,1178.25,1174.4,1182.1,7.699999999999818,6.0,0.0,yahoo,0.5802259518698352,True
SPX,european,SPXW260821C06620000,call,2026-08-13,7748.5,6620.0,2026-08-21,0.03707000017166138,0.013,0.5656781713867188,1138.25,1134.4,1142.1,7.699999999999818,20.0,0.0,yahoo,0.5615729309294611,True
SPX,european,SPX260821C06640000,call,2026-08-13,7748.5,6640.0,2026-08-21,0.03707000017166138,0.013,0.5629163581848147,1118.85,1115.0,1122.7,7.7000000000000455,23.0,0.0,yahoo,0.5605812525327617,True
SPX,european,SPX260821C06675000,call,2026-08-13,7748.5,6675.0,2026-08-21,0.03707000017166138,0.013,0.5539290213012696,1084.5500000000002,1080.9,1088.2,7.2999999999999545,9.0,0.0,yahoo,0.5531838780264242,True
SPX,european,SPXW260821C06775000,call,2026-08-13,7748.5,6775.0,2026-08-21,0.03707000017166138,0.013,0.5031787963867188,984.0,980.2,987.8,7.599999999999909,6.0,0.0,yahoo,0.4993807056760049,True
SPX,european,SPX260821C06845000,call,2026-08-13,7748.5,6845.0,2026-08-21,0.03707000017166138,0.013,0.5084735432434082,914.7,910.8,918.6,7.800000000000068,47.0,0.0,yahoo,0.4748352379766518,True
SPX,european,SPXW260821C06850000,call,2026-08-13,7748.5,6850.0,2026-08-21,0.03707000017166138,0.013,0.49789930816650396,908.65,904.8,912.5,7.7000000000000455,6.0,0.0,yahoo,0.4603040170514427,True
SPX,european,SPX260821C06860000,call,2026-08-13,7748.5,6860.0,2026-08-21,0.03707000017166138,0.013,0.49692275543212894,899.1,895.2,903.0,7.7999999999999545,27.0,0.0,yahoo,0.4609989335658391,True
SPX,european,SPX260821C06875000,call,2026-08-13,7748.5,6875.0,2026-08-21,0.03707000017166138,0.013,0.4927113717651368,884.8499999999999,881.3,888.4,7.100000000000023,9.0,0.0,yahoo,0.46238158152384645,True
SPX,european,SPX260821C06930000,call,2026-08-13,7748.5,6930.0,2026-08-21,0.03707000017166138,0.013,0.46440660110473636,829.35,825.6,833.1,7.5,15.0,0.0,yahoo,0.4312168696170525,True
SPX,european,SPX260821C06940000,call,2026-08-13,7748.5,6940.0,2026-08-21,0.03707000017166138,0.013,0.4575554733276368,819.0,815.2,822.8,7.599999999999909,9.0,0.0,yahoo,0.4227429229437991,True
SPX,european,SPXW260821C06975000,call,2026-08-13,7748.5,6975.0,2026-08-21,0.03707000017166138,0.013,0.4409540768432617,783.95,780.1,787.8,7.699999999999932,15.0,0.0,yahoo,0.40600050193124776,True
SPX,european,SPX260821C07000000,call,2026-08-13,7748.5,7000.0,2026-08-21,0.03707000017166138,0.013,0.4324473870086669,759.45,755.6,763.3,7.699999999999932,14014.0,0.0,yahoo,0.39964628208101866,True
SPX,european,SPX260821C07040000,call,2026-08-13,7748.5,7040.0,2026-08-21,0.03707000017166138,0.013,0.41398443687438957,719.55,715.7,723.4,7.699999999999932,6.0,0.0,yahoo,0.38198368686747924,True
SPX,european,SPX260821C07060000,call,2026-08-13,7748.5,7060.0,2026-08-21,0.03707000017166138,0.013,0.4031431756591797,699.35,695.5,703.2,7.7000000000000455,10.0,0.0,yahoo,0.3706965539596706,True
SPX,european,SPXW260821C07160000,call,2026-08-13,7748.5,7160.0,2026-08-21,0.03707000017166138,0.013,0.3597552428436279,600.15,596.3,604.0,7.7000000000000455,5.0,0.0,yahoo,0.3310731447542187,True
SPX,european,SPX260821C07200000,call,2026-08-13,7748.5,7200.0,2026-08-21,0.03707000017166138,0.013,0.3402547054290771,560.15,556.3,564.0,7.7000000000000455,106.0,0.0,yahoo,0.3121139733937275,True
SPX,european,SPX260821C07215000,call,2026-08-13,7748.5,7215.0,2026-08-21,0.03707000017166138,0.013,0.3329153012847901,545.15,541.3,549.0,7.7000000000000455,11.0,0.0,yahoo,0.3049903219580047,True
SPX,european,SPX260821C07240000,call,2026-08-13,7748.5,7240.0,2026-08-21,0.03707000017166138,0.013,0.32118140983581533,520.2,516.3,524.1,7.800000000000068,9.0,0.0,yahoo,0.29348842793549207,True
SPX,european,SPX260821C07265000,call,2026-08-13,7748.5,7265.0,2026-08-21,0.03707000017166138,0.013,0.3093635958862304,495.45,491.7,499.2,7.5,10.0,0.0,yahoo,0.2834416718991619,True
SPX,european,SPX260821C07300000,call,2026-08-13,7748.5,7300.0,2026-08-21,0.03707000017166138,0.013,0.2934717259979247,460.75,457.0,464.5,7.5,100.0,0.0,yahoo,0.26874238064510986,True
SPX,european,SPXW260821C07315000,call,2026-08-13,7748.5,7315.0,2026-08-21,0.03707000017166138,0.013,0.2874064179992675,445.95000000000005,442.1,449.8,7.699999999999989,8.0,0.0,yahoo,0.262843882081296,True
SPX,european,SPX260821C07330000,call,2026-08-13,7748.5,7330.0,2026-08-21,0.03707000017166138,0.013,0.2645794978332519,431.25,430.8,431.7,0.8999999999999773,10.0,0.0,yahoo,0.25752748070642484,True
SPX,european,SPX260821C07335000,call,2026-08-13,7748.5,7335.0,2026-08-21,0.03707000017166138,0.013,0.2584913018798829,425.55,425.1,426.0,0.8999999999999773,13.0,0.0,yahoo,0.2503677877962743,True
SPX,european,SPXW260821C07355000,call,2026-08-13,7748.5,7355.0,2026-08-21,0.03707000017166138,0.013,0.26901976104736325,406.35,402.5,410.2,7.699999999999989,15.0,0.0,yahoo,0.24586190286815093,True
SPX,european,SPX260821C07370000,call,2026-08-13,7748.5,7370.0,2026-08-21,0.03707000017166138,0.013,0.24597921997070313,391.5,391.1,391.9,0.7999999999999545,11.0,0.0,yahoo,0.23937255919760375,True
SPX,european,SPX260821C07375000,call,2026-08-13,7748.5,7375.0,2026-08-21,0.03707000017166138,0.013,0.24399559722900394,386.6,386.2,387.0,0.8000000000000114,30.0,0.0,yahoo,0.23750182914428175,True
SPX,european,SPXW260821C07405000,call,2026-08-13,7748.5,7405.0,2026-08-21,0.03707000017166138,0.013,0.24375908836364749,356.45000000000005,352.6,360.3,7.699999999999989,5.0,0.0,yahoo,0.22160641819819793,True
SPX,european,SPX260821C07415000,call,2026-08-13,7748.5,7415.0,2026-08-21,0.03707000017166138,0.013,0.2263718721008301,347.1,346.7,347.5,0.8000000000000114,5.0,0.0,yahoo,0.22033772344299027,True
SPX,european,SPX260821C07420000,call,2026-08-13,7748.5,7420.0,2026-08-21,0.03707000017166138,0.013,0.22429669754028314,342.20000000000005,341.8,342.6,0.8000000000000114,509.0,0.0,yahoo,0.21835955947529337,True
SPX,european,SPX260821C07430000,call,2026-08-13,7748.5,7430.0,2026-08-21,0.03707000017166138,0.013,0.22011583114624017,332.4,332.0,332.8,0.8000000000000114,40.0,0.0,yahoo,0.21435975276727304,True
SPX,european,SPXW260821C07440000,call,2026-08-13,7748.5,7440.0,2026-08-21,0.03707000017166138,0.013,0.21674367248535154,322.65,322.1,323.2,1.099999999999966,70.0,0.0,yahoo,0.21056867133939983,True
SPX,european,SPXW260821C07475000,call,2026-08-13,7748.5,7475.0,2026-08-21,0.03707000017166138,0.013,0.20188176055908202,288.4,287.8,289.0,1.1999999999999886,83.0,0.0,yahoo,0.1961222525031863,True
SPX,european,SPX260821C07485000,call,2026-08-13,7748.5,7485.0,2026-08-21,0.03707000017166138,0.013,0.1950306327819824,278.20000000000005,277.8,278.6,0.8000000000000114,27.0,0.0,yahoo,0.18985480265612012,True
SPX,european,SPXW260821C07500000,call,2026-08-13,7748.5,7500.0,2026-08-21,0.03707000017166138,0.013,0.19356580368041992,264.75,264.2,265.3,1.1000000000000227,12.0,0.0,yahoo,0.18901777545783705,True
SPX,european,SPXW260821C07510000,call,2026-08-13,7748.5,7510.0,2026-08-21,0.03707000017166138,0.013,0.18666889999389646,254.3,253.7,254.9,1.200000000000017,5.0,0.0,yahoo,0.18155454333350604,True
SPX,european,SPX260821C07515000,call,2026-08-13,7748.5,7515.0,2026-08-21,0.03707000017166138,0.013,0.18469290657043455,249.7,249.3,250.1,0.799999999999983,9.0,0.0,yahoo,0.18058819120218728,True
SPX,european,SPX260821C07535000,call,2026-08-13,7748.5,7535.0,2026-08-21,0.03707000017166138,0.013,0.17409578353881838,229.8,229.4,230.2,0.799999999999983,200.0,0.0,yahoo,0.1699625631797742,True
SPX,european,SPXW260821C07550000,call,2026-08-13,7748.5,7550.0,2026-08-21,0.03707000017166138,0.013,0.17349306739807127,216.9,216.3,217.5,1.1999999999999886,13.0,0.0,yahoo,0.16990492960257234,True
SPX,european,SPXW260821C07565000,call,2026-08-13,7748.5,7565.0,2026-08-21,0.03707000017166138,0.013,0.17210453147888186,202.4,200.0,204.8,4.800000000000011,11.0,0.0,yahoo,0.16305579627774774,True
SPX,european,SPXW260821C07570000,call,2026-08-13,7748.5,7570.0,2026-08-21,0.03707000017166138,0.013,0.16292646163940433,197.25,196.7,197.8,1.1000000000000227,30.0,0.0,yahoo,0.15956068475254606,True
SPX,european,SPX260821C07575000,call,2026-08-13,7748.5,7575.0,2026-08-21,0.03707000017166138,0.013,0.15780718910217287,191.7,191.3,192.1,0.799999999999983,33.0,0.0,yahoo,0.15459269540064818,True
SPX,european,SPX260821C07580000,call,2026-08-13,7748.5,7580.0,2026-08-21,0.03707000017166138,0.013,0.15861589683532715,187.9,187.5,188.3,0.8000000000000114,50.0,0.0,yahoo,0.15597473262906716,True
SPX,european,SPXW260821C07590000,call,2026-08-13,7748.5,7590.0,2026-08-21,0.03707000017166138,0.013,0.1571625117111206,179.3,178.8,179.8,1.0,105.0,0.0,yahoo,0.1547713487643461,True
SPX,european,SPX260821C07600000,call,2026-08-13,7748.5,7600.0,2026-08-21,0.03707000017166138,0.013,0.15108194507598882,169.4,169.0,169.8,0.8000000000000114,23.0,0.0,yahoo,0.14893449796091543,True
SPX,european,SPX260821C07610000,call,2026-08-13,7748.5,7610.0,2026-08-21,0.03707000017166138,0.013,0.1477593769836426,160.4,160.0,160.8,0.8000000000000114,18.0,0.0,yahoo,0.14591275239338347,True
SPX,european,SPXW260821C07615000,call,2026-08-13,7748.5,7615.0,2026-08-21,0.03707000017166138,0.013,0.14986888347625732,157.14999999999998,156.6,157.7,1.0999999999999943,23.0,0.0,yahoo,0.14818668385397463,True
SPX,european,SPX260821C07620000,call,2026-08-13,7748.5,7620.0,2026-08-21,0.03707000017166138,0.013,0.1444978434371948,151.5,151.1,151.9,0.8000000000000114,12.0,0.0,yahoo,0.14294175804086512,True
SPX,european,SPXW260821C07630000,call,2026-08-13,7748.5,7630.0,2026-08-21,0.03707000017166138,0.013,0.14389512729644777,143.55,143.0,144.1,1.0999999999999943,16.0,0.0,yahoo,0.1424949121698368,True
SPX,european,SPX260821C07645000,call,2026-08-13,7748.5,7645.0,2026-08-21,0.03707000017166138,0.013,0.13619333053588867,129.65,129.3,130.0,0.6999999999999886,45.0,0.0,yahoo,0.13543224142014304,True
SPX,european,SPX260821C07650000,call,2026-08-13,7748.5,7650.0,2026-08-21,0.03707000017166138,0.013,0.13428981563568115,125.25,124.9,125.6,0.6999999999999886,27.0,0.0,yahoo,0.13361813806402387,True
SPX,european,SPXW260821C07655000,call,2026-08-13,7748.5,7655.0,2026-08-21,0.03707000017166138,0.013,0.14083577068328856,122.25,119.8,124.7,4.900000000000006,10.0,0.0,yahoo,0.13551068616463316,True
SPX,european,SPXW260821C07660000,call,2026-08-13,7748.5,7660.0,2026-08-21,0.03707000017166138,0.013,0.1346255056381226,118.1,117.6,118.6,1.0,34.0,0.0,yahoo,0.13415136094491897,True
SPX,european,SPX260821C07665000,call,2026-08-13,7748.5,7665.0,2026-08-21,0.03707000017166138,0.013,0.13008987594604488,112.85,112.5,113.2,0.7000000000000028,5.0,0.0,yahoo,0.12982961335661813,True
SPX,european,SPXW260821C07675000,call,2026-08-13,7748.5,7675.0,2026-08-21,0.03707000017166138,0.013,0.1302577209472656,105.9,105.4,106.4,1.0,234.0,0.0,yahoo,0.13014214715851738,True
SPX,european,SPXW260821C07680000,call,2026-08-13,7748.5,7680.0,2026-08-21,0.03707000017166138,0.013,0.12946427185058595,102.2,101.7,102.7,1.0,72.0,0.0,yahoo,0.12951477829945318,True
SPX,european,SPX260821C07690000,call,2026-08-13,7748.5,7690.0,2026-08-21,0.03707000017166138,0.013,0.12263984668731691,92.75,92.4,93.1,0.6999999999999886,5.0,0.0,yahoo,0.12293223323078416,True
SPX,european,SPXW260821C07695000,call,2026-08-13,7748.5,7695.0,2026-08-21,0.03707000017166138,0.013,0.12465780136108398,90.35,89.9,90.8,0.8999999999999915,129.0,0.0,yahoo,0.12509610118361267,True
SPX,european,SPX260821C07700000,call,2026-08-13,7748.5,7700.0,2026-08-21,0.03707000017166138,0.013,0.11995432666778562,85.15,84.8,85.5,0.7000000000000028,290.0,0.0,yahoo,0.12046065705252339,True
SPX,european,SPX260821C07705000,call,2026-08-13,7748.5,7705.0,2026-08-21,0.03707000017166138,0.013,0.11887859279632566,81.55000000000001,81.2,81.9,0.7000000000000028,23.0,0.0,yahoo,0.11950614500778599,True
SPX,european,SPX260821C07710000,call,2026-08-13,7748.5,7710.0,2026-08-21,0.03707000017166138,0.013,0.1176846044921875,77.94999999999999,77.6,78.3,0.7000000000000028,20.0,0.0,yahoo,0.11841649568808381,True
SPX,european,SPX260821C07715000,call,2026-08-13,7748.5,7715.0,2026-08-21,0.03707000017166138,0.013,0.1157314990234375,74.05000000000001,73.7,74.4,0.7000000000000028,10.0,0.0,yahoo,0.11650747402544924,True
SPX,european,SPX260821C07720000,call,2026-08-13,7748.5,7720.0,2026-08-21,0.03707000017166138,0.013,0.11513641220092774,70.85,70.5,71.2,0.7000000000000028,14.0,0.0,yahoo,0.11605499440235996,True
SPX,european,SPX260821C07725000,call,2026-08-13,7748.5,7725.0,2026-08-21,0.03707000017166138,0.013,0.11398819980621337,67.5,67.2,67.8,0.5999999999999943,21.0,0.0,yahoo,0.11511181313096472,True
SPX,european,SPXW260821C07730000,call,2026-08-13,7748.5,7730.0,2026-08-21,0.03707000017166138,0.013,0.1156208739089966,65.6,65.4,65.8,0.3999999999999915,99.0,0.0,yahoo,0.11723945777572581,True
SPX,european,SPX260821C07735000,call,2026-08-13,7748.5,7735.0,2026-08-21,0.03707000017166138,0.013,0.11066563171386719,60.35,60.0,60.7,0.7000000000000028,266.0,0.0,yahoo,0.11178046662049922,True
SPX,european,SPX260821C07740000,call,2026-08-13,7748.5,7740.0,2026-08-21,0.03707000017166138,0.013,0.11076099819183349,57.75,57.4,58.1,0.7000000000000028,33.0,0.0,yahoo,0.11203472168092567,True
SPX,european,SPXW260821C07745000,call,2026-08-13,7748.5,7745.0,2026-08-21,0.03707000017166138,0.013,0.11296968582153322,56.35,56.1,56.6,0.5,163.0,0.0,yahoo,0.11474625076534327,True
SPX,european,SPX260821C07750000,call,2026-08-13,7748.5,7750.0,2026-08-21,0.03707000017166138,0.013,0.10884222465515137,51.75,51.4,52.1,0.7000000000000028,2672.0,0.0,yahoo,0.11028133189952613,True
SPX,european,SPXW260821C07755000,call,2026-08-13,7748.5,7755.0,2026-08-21,0.03707000017166138,0.013,0.11136371433258056,50.65,50.4,50.9,0.5,171.0,0.0,yahoo,0.11330459362065819,True
SPX,european,SPX260821C07760000,call,2026-08-13,7748.5,7760.0,2026-08-21,0.03707000017166138,0.013,0.10712944271087646,46.2,45.9,46.5,0.6000000000000014,115.0,0.0,yahoo,0.10883149216923751,True
SPX,european,SPXW260821C07765000,call,2026-08-13,7748.5,7765.0,2026-08-21,0.03707000017166138,0.013,0.10997136375427244,45.400000000000006,45.2,45.6,0.3999999999999986,43.0,0.0,yahoo,0.11217618600427225,True
SPX,european,SPX260821C07770000,call,2026-08-13,7748.5,7770.0,2026-08-21,0.03707000017166138,0.013,0.10497034564971923,40.7,40.4,41.0,0.6000000000000014,18.0,0.0,yahoo,0.10677866808876944,True
SPX,european,SPXW260821C07785000,call,2026-08-13,7748.5,7785.0,2026-08-21,0.03707000017166138,0.013,0.10669838623046876,35.45,35.2,35.7,0.5,111.0,0.0,yahoo,0.1090205185391997,True
SPX,european,SPXW260821C07790000,call,2026-08-13,7748.5,7790.0,2026-08-21,0.03707000017166138,0.013,0.10582482929229735,33.2,33.0,33.4,0.3999999999999986,249.0,0.0,yahoo,0.10830174370094617,True
SPX,european,SPXW260821C07795000,call,2026-08-13,7748.5,7795.0,2026-08-21,0.03707000017166138,0.013,0.10520685451507568,31.1,30.9,31.3,0.40000000000000213,52.0,0.0,yahoo,0.10773636914236008,True
SPX,european,SPXW260821C07800000,call,2026-08-13,7748.5,7800.0,2026-08-21,0.03707000017166138,0.013,0.10463084098815917,29.1,28.9,29.3,0.40000000000000213,21.0,0.0,yahoo,0.10721298670523415,True
SPX,european,SPX260821C07805000,call,2026-08-13,7748.5,7805.0,2026-08-21,0.03707000017166138,0.013,0.09977859458923341,25.2,24.9,25.5,0.6000000000000014,6.0,0.0,yahoo,0.10194187870735137,True
SPX,european,SPX260821C07810000,call,2026-08-13,7748.5,7810.0,2026-08-21,0.03707000017166138,0.013,0.09967941345214844,23.6,23.3,23.9,0.5999999999999979,100.0,0.0,yahoo,0.1019059971107537,True
SPX,european,SPXW260821C07815000,call,2026-08-13,7748.5,7815.0,2026-08-21,0.03707000017166138,0.013,0.10296002029418944,23.6,23.4,23.8,0.40000000000000213,109.0,0.0,yahoo,0.10567379853194393,True
SPX,european,SPXW260821C07820000,call,2026-08-13,7748.5,7820.0,2026-08-21,0.03707000017166138,0.013,0.10234586017608642,21.9,21.7,22.1,0.40000000000000213,143.0,0.0,yahoo,0.1050912196455865,True
SPX,european,SPX260821C07825000,call,2026-08-13,7748.5,7825.0,2026-08-21,0.03707000017166138,0.013,0.09779115718841554,18.65,18.4,18.9,0.5,318.0,0.0,yahoo,0.10022632092861608,True
SPX,european,SPX260821C07830000,call,2026-08-13,7748.5,7830.0,2026-08-21,0.03707000017166138,0.013,0.0979475582122803,17.45,17.2,17.7,0.5,246.0,0.0,yahoo,0.10044232805381013,True
SPX,european,SPX260821C07835000,call,2026-08-13,7748.5,7835.0,2026-08-21,0.03707000017166138,0.013,0.09713885047912599,16.0,15.8,16.2,0.3999999999999986,39.0,0.0,yahoo,0.09977909280527056,True
SPX,european,SPX260821C07845000,call,2026-08-13,7748.5,7845.0,2026-08-21,0.03707000017166138,0.013,0.0965285050201416,13.600000000000001,13.4,13.8,0.40000000000000036,30.0,0.0,yahoo,0.09922697228649544,True
SPX,european,SPX260821C07850000,call,2026-08-13,7748.5,7850.0,2026-08-21,0.03707000017166138,0.013,0.09651324638366698,12.55,12.3,12.8,0.5,758.0,0.0,yahoo,0.0990948451182555,True
SPX,european,SPX260821C07855000,call,2026-08-13,7748.5,7855.0,2026-08-21,0.03707000017166138,0.013,0.09570835330963136,11.35,11.1,11.6,0.5,128.0,0.0,yahoo,0.09826994360998235,True
SPX,european,SPXW260821C07860000,call,2026-08-13,7748.5,7860.0,2026-08-21,0.03707000017166138,0.013,0.09909958526611329,11.7,11.6,11.8,0.20000000000000107,6.0,0.0,yahoo,0.10236758515228071,True
SPX,european,SPXW260821C07865000,call,2026-08-13,7748.5,7865.0,2026-08-21,0.03707000017166138,0.013,0.0989698868560791,10.75,10.6,10.9,0.3000000000000007,5.0,0.0,yahoo,0.1021012898710715,True
SPX,european,SPX260821C07870000,call,2026-08-13,7748.5,7870.0,2026-08-21,0.03707000017166138,0.013,0.09556339626312256,8.85,8.6,9.1,0.5,141.0,0.0,yahoo,0.09816866121056918,True
SPX,european,SPX260821C07875000,call,2026-08-13,7748.5,7875.0,2026-08-21,0.03707000017166138,0.013,0.09526203819274903,8.100000000000001,7.9,8.3,0.40000000000000036,66.0,0.0,yahoo,0.09804665296897062,True
SPX,european,SPX260821C07880000,call,2026-08-13,7748.5,7880.0,2026-08-21,0.03707000017166138,0.013,0.09513233978271486,7.35,7.1,7.6,0.5,421.0,0.0,yahoo,0.09771506341734759,True
SPX,european,SPX260821C07885000,call,2026-08-13,7748.5,7885.0,2026-08-21,0.03707000017166138,0.013,0.09480427909851075,6.7,6.5,6.9,0.40000000000000036,6.0,0.0,yahoo,0.09758080895337434,True
SPX,european,SPXW260821C07900000,call,2026-08-13,7748.5,7900.0,2026-08-21,0.03707000017166138,0.013,0.09760423889160157,5.75,5.6,5.9,0.3000000000000007,14.0,0.0,yahoo,0.10077989795551096,True
SPX,european,SPXW260821C07905000,call,2026-08-13,7748.5,7905.0,2026-08-21,0.03707000017166138,0.013,0.09708544525146486,5.199999999999999,5.1,5.3,0.20000000000000018,5.0,0.0,yahoo,0.10048168592399537,True
SPX,european,SPXW260821C07910000,call,2026-08-13,7748.5,7910.0,2026-08-21,0.03707000017166138,0.013,0.09734484207153321,4.75,4.6,4.9,0.3000000000000007,68.0,0.0,yahoo,0.10049476487043438,True
SPX,european,SPX260821C07915000,call,2026-08-13,7748.5,7915.0,2026-08-21,0.03707000017166138,0.013,0.09526203819274903,3.9,3.7,4.1,0.39999999999999947,9.0,0.0,yahoo,0.09797022720556792,True
SPX,european,SPXW260821C07920000,call,2026-08-13,7748.5,7920.0,2026-08-21,0.03707000017166138,0.013,0.0968260484313965,3.9,3.8,4.0,0.20000000000000018,50.0,0.0,yahoo,0.10022780039194133,True
SPX,european,SPXW260821C07925000,call,2026-08-13,7748.5,7925.0,2026-08-21,0.03707000017166138,0.013,0.09777208389282227,3.7,3.6,3.8,0.19999999999999973,56.0,0.0,yahoo,0.10122049881362791,True
SPX,european,SPXW260821C07930000,call,2026-08-13,7748.5,7930.0,2026-08-21,0.03707000017166138,0.013,0.0973677300262451,3.3,3.2,3.4,0.19999999999999973,51.0,0.0,yahoo,0.10078738574169421,True
SPX,european,SPX260821C07940000,call,2026-08-13,7748.5,7940.0,2026-08-21,0.03707000017166138,0.013,0.09580371978759766,2.475,2.35,2.6,0.25,801.0,0.0,yahoo,0.09888794435187583,True
SPX,european,SPX260821C07945000,call,2026-08-13,7748.5,7945.0,2026-08-21,0.03707000017166138,0.013,0.09618518569946291,2.275,2.15,2.4,0.25,10.0,0.0,yahoo,0.09925412389014054,True
SPX,european,SPXW260821C07950000,call,2026-08-13,7748.5,7950.0,2026-08-21,0.03707000017166138,0.013,0.09810777389526368,2.325,2.25,2.4,0.1499999999999999,563.0,0.0,yahoo,0.1017219853370966,True
SPX,european,SPX260821C07960000,call,2026-08-13,7748.5,7960.0,2026-08-21,0.03707000017166138,0.013,0.09748216979980469,1.775,1.65,1.9,0.25,413.0,0.0,yahoo,0.1004768591914166,True
SPX,european,SPXW260821C07970000,call,2026-08-13,7748.5,7970.0,2026-08-21,0.03707000017166138,0.013,0.10065596618652344,1.75,1.65,1.85,0.20000000000000018,57.0,0.0,yahoo,0.10408261151396808,True
SPX,european,SPXW260821C07980000,call,2026-08-13,7748.5,7980.0,2026-08-21,0.03707000017166138,0.013,0.1010679493713379,1.4500000000000002,1.35,1.55,0.19999999999999996,33.0,0.0,yahoo,0.10441312657164474,True
SPX,european,SPXW260821C07995000,call,2026-08-13,7748.5,7995.0,2026-08-21,0.03707000017166138,0.013,0.103249934387207,1.225,1.15,1.3,0.15000000000000013,68.0,0.0,yahoo,0.10694549695869605,True
SPX,european,SPXW260821C08000000,call,2026-08-13,7748.5,8000.0,2026-08-21,0.03707000017166138,0.013,0.10361614166259764,1.125,1.05,1.2,0.1499999999999999,7.0,0.0,yahoo,0.10727276403274118,True
SPX,european,SPXW260821C08020000,call,2026-08-13,7748.5,8020.0,2026-08-21,0.03707000017166138,0.013,0.10642373077392578,0.8999999999999999,0.85,0.95,0.09999999999999998,51.0,0.0,yahoo,0.11053512941038349,True
SPX,european,SPX260821P05560000,put,2026-08-13,7748.5,5560.0,2026-08-21,0.03707000017166138,0.013,0.6171913281250001,0.9,0.0,0.1,0.1,40.0,0.0,yahoo,0.8360254086247539,True
SPX,european,SPX260821P05580000,put,2026-08-13,7748.5,5580.0,2026-08-21,0.03707000017166138,0.013,0.6113320117187502,2.4,0.0,0.1,0.1,127.0,0.0,yahoo,0.9234128699524063,True
SPX,european,SPX260821P05670000,put,2026-08-13,7748.5,5670.0,2026-08-21,0.03707000017166138,0.013,0.5830119824218749,2.8,0.0,0.1,0.1,117.0,0.0,yahoo,0.8999511228328856,True
SPX,european,SPX260821P05690000,put,2026-08-13,7748.5,5690.0,2026-08-21,0.03707000017166138,0.013,0.57617611328125,1.49,0.0,0.1,0.1,10.0,0.0,yahoo,0.8265152589993104,True
SPX,european,SPX260821P05720000,put,2026-08-13,7748.5,5720.0,2026-08-21,0.03707000017166138,0.013,0.567387138671875,2.95,0.0,0.1,0.1,117.0,0.0,yahoo,0.8831533694438878,True
SPX,european,SPX260821P05780000,put,2026-08-13,7748.5,5780.0,2026-08-21,0.03707000017166138,0.013,0.5488326367187502,3.2,0.0,0.1,0.1,116.0,0.0,yahoo,0.8650962157228469,True
SPX,european,SPX260821P05820000,put,2026-08-13,7748.5,5820.0,2026-08-21,0.03707000017166138,0.013,0.5371140039062501,3.4,0.0,0.1,0.1,113.0,0.0,yahoo,0.8537673038102106,True
SPX,european,SPX260821P05830000,put,2026-08-13,7748.5,5830.0,2026-08-21,0.03707000017166138,0.013,0.53320779296875,0.7,0.0,0.1,0.1,161.0,0.0,yahoo,0.7079737891237804,True
SPX,european,SPXW260821P07060000,put,2026-08-13,7748.5,7060.0,2026-08-21,0.03707000017166138,0.013,0.24573508178710937,0.7,0.65,0.75,0.09999999999999998,15.0,0.0,yahoo,0.2598132367681,True
SPX,european,SPXW260821P07100000,put,2026-08-13,7748.5,7100.0,2026-08-21,0.03707000017166138,0.013,0.23615265808105468,0.8,0.75,0.85,0.09999999999999998,9.0,0.0,yahoo,0.2499008482956683,True
SPX,european,SPXW260821P07125000,put,2026-08-13,7748.5,7125.0,2026-08-21,0.03707000017166138,0.013,0.22937782348632813,0.8500000000000001,0.8,0.9,0.09999999999999998,7.0,0.0,yahoo,0.24290291077578205,True
SPX,european,SPXW260821P07150000,put,2026-08-13,7748.5,7150.0,2026-08-21,0.03707000017166138,0.013,0.2225419543457031,0.8999999999999999,0.85,0.95,0.09999999999999998,5.0,0.0,yahoo,0.23572470573872442,True
SPX,european,SPXW260821P07185000,put,2026-08-13,7748.5,7185.0,2026-08-21,0.03707000017166138,0.013,0.21344780700683597,1.0,0.95,1.05,0.10000000000000009,11.0,0.0,yahoo,0.22629665846476957,True
SPX,european,SPXW260821P07190000,put,2026-08-13,7748.5,7190.0,2026-08-21,0.03707000017166138,0.013,0.21302056518554688,1.025,0.95,1.1,0.15000000000000013,95.0,0.0,yahoo,0.22522243061464983,True
SPX,european,SPXW260821P07200000,put,2026-08-13,7748.5,7200.0,2026-08-21,0.03707000017166138,0.013,0.21088435607910155,1.075,1.0,1.15,0.1499999999999999,126.0,0.0,yahoo,0.22300978214972464,True
SPX,european,SPXW260821P07215000,put,2026-08-13,7748.5,7215.0,2026-08-21,0.03707000017166138,0.013,0.20685607604980466,1.125,1.05,1.2,0.1499999999999999,7.0,0.0,yahoo,0.21888262314219542,True
SPX,european,SPXW260821P07235000,put,2026-08-13,7748.5,7235.0,2026-08-21,0.03707000017166138,0.013,0.2010577941894531,1.2,1.15,1.25,0.10000000000000009,5.0,0.0,yahoo,0.21343789972463192,True
SPX,european,SPX260821P07250000,put,2026-08-13,7748.5,7250.0,2026-08-21,0.03707000017166138,0.013,0.19352002777099608,1.075,1.0,1.15,0.1499999999999999,71.0,0.0,yahoo,0.20475215845230713,True
SPX,european,SPXW260821P07275000,put,2026-08-13,7748.5,7275.0,2026-08-21,0.03707000017166138,0.013,0.19107864593505858,1.4,1.35,1.45,0.09999999999999987,22.0,0.0,yahoo,0.2030698443781756,True
SPX,european,SPXW260821P07280000,put,2026-08-13,7748.5,7280.0,2026-08-21,0.03707000017166138,0.013,0.19022416229248051,1.425,1.35,1.5,0.1499999999999999,52.0,0.0,yahoo,0.2017050871105098,True
SPX,european,SPXW260821P07295000,put,2026-08-13,7748.5,7295.0,2026-08-21,0.03707000017166138,0.013,0.18665364135742188,1.525,1.45,1.6,0.15000000000000013,5.0,0.0,yahoo,0.1980143466622634,True
SPX,european,SPXW260821P07300000,put,2026-08-13,7748.5,7300.0,2026-08-21,0.03707000017166138,0.013,0.18570760589599605,1.575,1.5,1.65,0.1499999999999999,118.0,0.0,yahoo,0.19705977633108396,True
SPX,european,SPXW260821P07305000,put,2026-08-13,7748.5,7305.0,2026-08-21,0.03707000017166138,0.013,0.18387656951904296,1.575,1.5,1.65,0.1499999999999999,109.0,0.0,yahoo,0.1951436608731992,True
SPX,european,SPXW260821P07310000,put,2026-08-13,7748.5,7310.0,2026-08-21,0.03707000017166138,0.013,0.18290001678466794,1.625,1.55,1.7,0.1499999999999999,16.0,0.0,yahoo,0.19414685464464929,True
SPX,european,SPX260821P07315000,put,2026-08-13,7748.5,7315.0,2026-08-21,0.03707000017166138,0.013,0.17765104583740232,1.4,1.3,1.5,0.19999999999999996,8.0,0.0,yahoo,0.1879566201447119,True
SPX,european,SPX260821P07325000,put,2026-08-13,7748.5,7325.0,2026-08-21,0.03707000017166138,0.013,0.17575897491455078,1.5,1.4,1.6,0.20000000000000018,38.0,0.0,yahoo,0.18608452408234716,True
SPX,european,SPXW260821P07330000,put,2026-08-13,7748.5,7330.0,2026-08-21,0.03707000017166138,0.013,0.17795621856689453,1.775,1.7,1.85,0.15000000000000013,45.0,0.0,yahoo,0.1890161962070451,True
SPX,european,SPX260821P07335000,put,2026-08-13,7748.5,7335.0,2026-08-21,0.03707000017166138,0.013,0.17295138580322267,1.5499999999999998,1.45,1.65,0.19999999999999996,13.0,0.0,yahoo,0.1831745370475312,True
SPX,european,SPX260821P07340000,put,2026-08-13,7748.5,7340.0,2026-08-21,0.03707000017166138,0.013,0.17194431579589847,1.6,1.5,1.7,0.19999999999999996,9.0,0.0,yahoo,0.1821411465293939,True
SPX,european,SPX260821P07345000,put,2026-08-13,7748.5,7345.0,2026-08-21,0.03707000017166138,0.013,0.17087621124267582,1.65,1.55,1.75,0.19999999999999996,14.0,0.0,yahoo,0.18107492109614207,True
SPX,european,SPXW260821P07350000,put,2026-08-13,7748.5,7350.0,2026-08-21,0.03707000017166138,0.013,0.1727072476196289,1.925,1.85,2.0,0.1499999999999999,116.0,0.0,yahoo,0.18357482443334966,True
SPX,european,SPX260821P07360000,put,2026-08-13,7748.5,7360.0,2026-08-21,0.03707000017166138,0.013,0.16681741394042973,1.75,1.65,1.85,0.20000000000000018,68.0,0.0,yahoo,0.1768952033176162,True
SPX,european,SPXW260821P07365000,put,2026-08-13,7748.5,7365.0,2026-08-21,0.03707000017166138,0.013,0.16974707214355472,2.125,2.05,2.2,0.15000000000000036,16.0,0.0,yahoo,0.1805580315872357,True
SPX,european,SPXW260821P07375000,put,2026-08-13,7748.5,7375.0,2026-08-21,0.03707000017166138,0.013,0.16719887985229492,2.2249999999999996,2.15,2.3,0.1499999999999999,48.0,0.0,yahoo,0.17791922742400684,True
SPX,european,SPXW260821P07385000,put,2026-08-13,7748.5,7385.0,2026-08-21,0.03707000017166138,0.013,0.16457439437866211,2.325,2.25,2.4,0.1499999999999999,55.0,0.0,yahoo,0.1751908927661684,True
SPX,european,SPX260821P07390000,put,2026-08-13,7748.5,7390.0,2026-08-21,0.03707000017166138,0.013,0.16022568298339845,2.075,1.95,2.2,0.2500000000000002,15.0,0.0,yahoo,0.1698396801121596,True
SPX,european,SPXW260821P07410000,put,2026-08-13,7748.5,7410.0,2026-08-21,0.03707000017166138,0.013,0.15873033660888675,2.65,2.55,2.75,0.20000000000000018,45.0,0.0,yahoo,0.1688696358167084,True
SPX,european,SPXW260821P07415000,put,2026-08-13,7748.5,7415.0,2026-08-21,0.03707000017166138,0.013,0.15779955978393556,2.75,2.65,2.85,0.20000000000000018,25.0,0.0,yahoo,0.16791361416030118,True
SPX,european,SPXW260821P07420000,put,2026-08-13,7748.5,7420.0,2026-08-21,0.03707000017166138,0.013,0.15680774841308598,2.825,2.7,2.95,0.25,66.0,0.0,yahoo,0.16664117724827854,True
SPX,european,SPX260821P07425000,put,2026-08-13,7748.5,7425.0,2026-08-21,0.03707000017166138,0.013,0.15125360473632815,2.5,2.4,2.6,0.20000000000000018,14.0,0.0,yahoo,0.16092303431621235,True
SPX,european,SPX260821P07430000,put,2026-08-13,7748.5,7430.0,2026-08-21,0.03707000017166138,0.013,0.1508263629150391,2.625,2.5,2.75,0.25,45.0,0.0,yahoo,0.1602603101084037,True
SPX,european,SPX260821P07435000,put,2026-08-13,7748.5,7435.0,2026-08-21,0.03707000017166138,0.013,0.14934627517700194,2.7,2.6,2.8,0.19999999999999973,29.0,0.0,yahoo,0.15899181514107807,True
SPX,european,SPXW260821P07440000,put,2026-08-13,7748.5,7440.0,2026-08-21,0.03707000017166138,0.013,0.15204705383300782,3.15,3.0,3.3,0.2999999999999998,39.0,0.0,yahoo,0.16150628499735953,True
SPX,european,SPX260821P07445000,put,2026-08-13,7748.5,7445.0,2026-08-21,0.03707000017166138,0.013,0.1467980828857422,2.825,2.7,2.95,0.25,55.0,0.0,yahoo,0.1561038867578338,True
SPX,european,SPX260821P07450000,put,2026-08-13,7748.5,7450.0,2026-08-21,0.03707000017166138,0.013,0.14617247879028317,2.95,2.8,3.1,0.30000000000000027,144.0,0.0,yahoo,0.15525258694652716,True
SPX,european,SPX260821P07455000,put,2026-08-13,7748.5,7455.0,2026-08-21,0.03707000017166138,0.013,0.14504333969116212,3.05,2.9,3.2,0.30000000000000027,10.0,0.0,yahoo,0.1541013326980344,True
SPX,european,SPXW260821P07460000,put,2026-08-13,7748.5,7460.0,2026-08-21,0.03707000017166138,0.013,0.14721006607055664,3.6,3.5,3.7,0.20000000000000018,61.0,0.0,yahoo,0.15700119843133747,True
SPX,european,SPXW260821P07465000,put,2026-08-13,7748.5,7465.0,2026-08-21,0.03707000017166138,0.013,0.1459130819702148,3.7,3.6,3.8,0.19999999999999973,47.0,0.0,yahoo,0.15566500051706644,True
SPX,european,SPX260821P07470000,put,2026-08-13,7748.5,7470.0,2026-08-21,0.03707000017166138,0.013,0.1414270428466797,3.35,3.2,3.5,0.2999999999999998,41.0,0.0,yahoo,0.1504103842929238,True
SPX,european,SPX260821P07475000,put,2026-08-13,7748.5,7475.0,2026-08-21,0.03707000017166138,0.013,0.1401453173828125,3.45,3.3,3.6,0.30000000000000027,142.0,0.0,yahoo,0.14910521388305933,True
SPX,european,SPX260821P07480000,put,2026-08-13,7748.5,7480.0,2026-08-21,0.03707000017166138,0.013,0.1388483332824707,3.6,3.5,3.7,0.20000000000000018,10.0,0.0,yahoo,0.1481871525827676,True
SPX,european,SPX260821P07485000,put,2026-08-13,7748.5,7485.0,2026-08-21,0.03707000017166138,0.013,0.13826087577819826,3.75,3.6,3.9,0.2999999999999998,10.0,0.0,yahoo,0.14721023503449115,True
SPX,european,SPX260821P07495000,put,2026-08-13,7748.5,7495.0,2026-08-21,0.03707000017166138,0.013,0.13616281326293944,4.05,3.9,4.2,0.30000000000000027,9.0,0.0,yahoo,0.1450903476137344,True
SPX,european,SPX260821P07500000,put,2026-08-13,7748.5,7500.0,2026-08-21,0.03707000017166138,0.013,0.13471324279785157,4.15,4.0,4.3,0.2999999999999998,3208.0,0.0,yahoo,0.14357892568223365,True
SPX,european,SPXW260821P07505000,put,2026-08-13,7748.5,7505.0,2026-08-21,0.03707000017166138,0.013,0.13710884872436524,4.9,4.8,5.0,0.20000000000000018,116.0,0.0,yahoo,0.1466151187105884,True
SPX,european,SPXW260821P07510000,put,2026-08-13,7748.5,7510.0,2026-08-21,0.03707000017166138,0.013,0.13613229598999022,5.1,5.0,5.2,0.20000000000000018,148.0,0.0,yahoo,0.14560637770309165,True
SPX,european,SPXW260821P07515000,put,2026-08-13,7748.5,7515.0,2026-08-21,0.03707000017166138,0.013,0.13508707939147954,5.300000000000001,5.2,5.4,0.20000000000000018,23.0,0.0,yahoo,0.14453793724858646,True
SPX,european,SPXW260821P07530000,put,2026-08-13,7748.5,7530.0,2026-08-21,0.03707000017166138,0.013,0.13219556777954106,6.0,5.9,6.1,0.1999999999999993,255.0,0.0,yahoo,0.14158130063714924,True
SPX,european,SPXW260821P07535000,put,2026-08-13,7748.5,7535.0,2026-08-21,0.03707000017166138,0.013,0.1304103073120117,6.1,6.0,6.2,0.20000000000000018,18.0,0.0,yahoo,0.1397098258148072,True
SPX,european,SPXW260821P07540000,put,2026-08-13,7748.5,7540.0,2026-08-21,0.03707000017166138,0.013,0.12963211685180664,6.4,6.3,6.5,0.20000000000000018,109.0,0.0,yahoo,0.1389276431695453,True
SPX,european,SPXW260821P07545000,put,2026-08-13,7748.5,7545.0,2026-08-21,0.03707000017166138,0.013,0.12877763320922853,6.699999999999999,6.6,6.8,0.20000000000000018,31.0,0.0,yahoo,0.13806440728508684,True
SPX,european,SPXW260821P07550000,put,2026-08-13,7748.5,7550.0,2026-08-21,0.03707000017166138,0.013,0.12737383865356444,6.9,6.8,7.0,0.20000000000000018,374.0,0.0,yahoo,0.13660365181075199,True
SPX,european,SPXW260821P07555000,put,2026-08-13,7748.5,7555.0,2026-08-21,0.03707000017166138,0.013,0.12687030364990232,7.300000000000001,7.2,7.4,0.20000000000000018,42.0,0.0,yahoo,0.136109451606611,True
SPX,european,SPXW260821P07560000,put,2026-08-13,7748.5,7560.0,2026-08-21,0.03707000017166138,0.013,0.125809828414917,7.550000000000001,7.4,7.7,0.2999999999999998,120.0,0.0,yahoo,0.1347792836547692,True
SPX,european,SPX260821P07565000,put,2026-08-13,7748.5,7565.0,2026-08-21,0.03707000017166138,0.013,0.1206142626953125,6.949999999999999,6.8,7.1,0.2999999999999998,26.0,0.0,yahoo,0.12923339221532815,True
SPX,european,SPXW260821P07570000,put,2026-08-13,7748.5,7570.0,2026-08-21,0.03707000017166138,0.013,0.12349814498901368,8.15,8.0,8.3,0.3000000000000007,81.0,0.0,yahoo,0.13241824755349885,True
SPX,european,SPXW260821P07575000,put,2026-08-13,7748.5,7575.0,2026-08-21,0.03707000017166138,0.013,0.12225456611633304,8.5,8.4,8.6,0.1999999999999993,183.0,0.0,yahoo,0.13136478461841988,True
SPX,european,SPXW260821P07580000,put,2026-08-13,7748.5,7580.0,2026-08-21,0.03707000017166138,0.013,0.12136193588256836,8.9,8.8,9.0,0.1999999999999993,238.0,0.0,yahoo,0.13045439393216166,True
SPX,european,SPX260821P07585000,put,2026-08-13,7748.5,7585.0,2026-08-21,0.03707000017166138,0.013,0.11676908630371094,8.25,8.0,8.5,0.5,40.0,0.0,yahoo,0.12490760935004849,True
SPX,european,SPX260821P07590000,put,2026-08-13,7748.5,7590.0,2026-08-21,0.03707000017166138,0.013,0.11582305084228516,8.7,8.5,8.9,0.40000000000000036,24.0,0.0,yahoo,0.12418029076724646,True
SPX,european,SPXW260821P07600000,put,2026-08-13,7748.5,7600.0,2026-08-21,0.03707000017166138,0.013,0.11736417312622072,10.6,10.5,10.7,0.1999999999999993,10.0,0.0,yahoo,0.12637993372815326,True
SPX,european,SPX260821P07605000,put,2026-08-13,7748.5,7605.0,2026-08-21,0.03707000017166138,0.013,0.1125042974090576,9.899999999999999,9.7,10.1,0.40000000000000036,5.0,0.0,yahoo,0.12082118425576052,True
SPX,european,SPXW260821P07620000,put,2026-08-13,7748.5,7620.0,2026-08-21,0.03707000017166138,0.013,0.11346559150695801,12.7,12.6,12.8,0.20000000000000107,5.0,0.0,yahoo,0.12241989301698167,True
SPX,european,SPX260821P07630000,put,2026-08-13,7748.5,7630.0,2026-08-21,0.03707000017166138,0.013,0.1077359735107422,12.600000000000001,12.4,12.8,0.40000000000000036,39.0,0.0,yahoo,0.1160517492864648,True
SPX,european,SPX260821P07635000,put,2026-08-13,7748.5,7635.0,2026-08-21,0.03707000017166138,0.013,0.10669075691223145,13.15,12.9,13.4,0.5,17.0,0.0,yahoo,0.1148376010702158,True
SPX,european,SPXW260821P07640000,put,2026-08-13,7748.5,7640.0,2026-08-21,0.03707000017166138,0.013,0.10966619102478029,15.3,15.2,15.4,0.20000000000000107,5.0,0.0,yahoo,0.11859261370269704,True
SPX,european,SPX260821P07645000,put,2026-08-13,7748.5,7645.0,2026-08-21,0.03707000017166138,0.013,0.10518778121948241,14.65,14.4,14.9,0.5,5.0,0.0,yahoo,0.11338063041040194,True
SPX,european,SPX260821P07650000,put,2026-08-13,7748.5,7650.0,2026-08-21,0.03707000017166138,0.013,0.10355892177581787,15.2,15.0,15.4,0.40000000000000036,1347.0,0.0,yahoo,0.11186153990691293,True
SPX,european,SPXW260821P07665000,put,2026-08-13,7748.5,7665.0,2026-08-21,0.03707000017166138,0.013,0.10447443996429441,19.15,19.0,19.3,0.3000000000000007,42.0,0.0,yahoo,0.11322670180827296,True
SPX,european,SPX260821P07670000,put,2026-08-13,7748.5,7670.0,2026-08-21,0.03707000017166138,0.013,0.1001219139099121,18.65,18.4,18.9,0.5,26.0,0.0,yahoo,0.10836278378156579,True
SPX,european,SPX260821P07675000,put,2026-08-13,7748.5,7675.0,2026-08-21,0.03707000017166138,0.013,0.09927887424468994,19.6,19.3,19.9,0.5999999999999979,241.0,0.0,yahoo,0.1074101865616837,True
SPX,european,SPXW260821P07685000,put,2026-08-13,7748.5,7685.0,2026-08-21,0.03707000017166138,0.013,0.10077040596008302,23.25,23.1,23.4,0.29999999999999716,50.0,0.0,yahoo,0.10958650247382545,True
SPX,european,SPXW260821P07690000,put,2026-08-13,7748.5,7690.0,2026-08-21,0.03707000017166138,0.013,0.09970993072509765,24.35,24.2,24.5,0.3000000000000007,5.0,0.0,yahoo,0.1085379243706597,True
SPX,european,SPX260821P07695000,put,2026-08-13,7748.5,7695.0,2026-08-21,0.03707000017166138,0.013,0.09530781410217287,23.95,23.7,24.2,0.5,136.0,0.0,yahoo,0.10366676865145329,True
SPX,european,SPX260821P07700000,put,2026-08-13,7748.5,7700.0,2026-08-21,0.03707000017166138,0.013,0.09449147705078126,25.25,25.0,25.5,0.5,2110.0,0.0,yahoo,0.10289676305914948,True
SPX,european,SPXW260821P07705000,put,2026-08-13,7748.5,7705.0,2026-08-21,0.03707000017166138,0.013,0.09707781593322756,28.2,28.0,28.4,0.3999999999999986,69.0,0.0,yahoo,0.10589053185820489,True
SPX,european,SPXW260821P07710000,put,2026-08-13,7748.5,7710.0,2026-08-21,0.03707000017166138,0.013,0.09634921604156495,29.7,29.5,29.9,0.3999999999999986,158.0,0.0,yahoo,0.10521930400170074,True
SPX,european,SPX260821P07715000,put,2026-08-13,7748.5,7715.0,2026-08-21,0.03707000017166138,0.013,0.09201576328277587,29.5,29.2,29.8,0.6000000000000014,117.0,0.0,yahoo,0.10046625435277136,True
SPX,european,SPX260821P07720000,put,2026-08-13,7748.5,7720.0,2026-08-21,0.03707000017166138,0.013,0.09037927452087402,30.7,30.4,31.0,0.6000000000000014,49.0,0.0,yahoo,0.09883816014905025,True
SPX,european,SPX260821P07725000,put,2026-08-13,7748.5,7725.0,2026-08-21,0.03707000017166138,0.013,0.08944086837768556,32.3,32.0,32.6,0.6000000000000014,150.0,0.0,yahoo,0.0979613931891268,True
SPX,european,SPXW260821P07730000,put,2026-08-13,7748.5,7730.0,2026-08-21,0.03707000017166138,0.013,0.09251548362731932,36.0,35.8,36.2,0.4000000000000057,86.0,0.0,yahoo,0.10159902577749959,True
SPX,european,SPX260821P07735000,put,2026-08-13,7748.5,7735.0,2026-08-21,0.03707000017166138,0.013,0.08746106029510499,35.75,35.5,36.0,0.5,9.0,0.0,yahoo,0.09623780158410519,True
SPX,european,SPX260821P07740000,put,2026-08-13,7748.5,7740.0,2026-08-21,0.03707000017166138,0.013,0.0868278268814087,37.75,37.5,38.0,0.5,75.0,0.0,yahoo,0.09570850826320657,True
SPX,european,SPX260821P07745000,put,2026-08-13,7748.5,7745.0,2026-08-21,0.03707000017166138,0.013,0.08558806266784669,39.55,39.3,39.8,0.5,5.0,0.0,yahoo,0.09454856670404178,True
SPX,european,SPXW260821P07750000,put,2026-08-13,7748.5,7750.0,2026-08-21,0.03707000017166138,0.013,0.08889918678283693,43.7,43.5,43.9,0.3999999999999986,42.0,0.0,yahoo,0.09833504372043948,True
SPX,european,SPX260821P07755000,put,2026-08-13,7748.5,7755.0,2026-08-21,0.03707000017166138,0.013,0.08438644504547121,44.0,43.7,44.3,0.5999999999999943,123.0,0.0,yahoo,0.09350206343164699,True
SPX,european,SPX260821P07760000,put,2026-08-13,7748.5,7760.0,2026-08-21,0.03707000017166138,0.013,0.082753770942688,45.900000000000006,45.6,46.2,0.6000000000000014,101.0,0.0,yahoo,0.09196271758170196,True
SPX,european,SPX260821P07765000,put,2026-08-13,7748.5,7765.0,2026-08-21,0.03707000017166138,0.013,0.08173525695800783,48.15,47.8,48.5,0.7000000000000028,34.0,0.0,yahoo,0.09097695736822241,True
SPX,european,SPX260821P07770000,put,2026-08-13,7748.5,7770.0,2026-08-21,0.03707000017166138,0.013,0.08112491149902344,50.8,50.5,51.1,0.6000000000000014,25.0,0.0,yahoo,0.09065682025358632,True
SPX,european,SPXW260821P07775000,put,2026-08-13,7748.5,7775.0,2026-08-21,0.03707000017166138,0.013,0.08433685447692874,55.400000000000006,55.2,55.6,0.3999999999999986,7.0,0.0,yahoo,0.09447365042372388,True
SPX,european,SPX260821P07790000,put,2026-08-13,7748.5,7790.0,2026-08-21,0.03707000017166138,0.013,0.07652061794281008,61.25,60.9,61.6,0.7000000000000028,8.0,0.0,yahoo,0.08677899909425553,True
SPX,european,SPX260821P07800000,put,2026-08-13,7748.5,7800.0,2026-08-21,0.03707000017166138,0.013,0.074052533493042,67.15,66.8,67.5,0.7000000000000028,2274.0,0.0,yahoo,0.08491635564743563,True
SPX,european,SPXW260821P07805000,put,2026-08-13,7748.5,7805.0,2026-08-21,0.03707000017166138,0.013,0.077432321472168,72.3,72.1,72.5,0.4000000000000057,6.0,0.0,yahoo,0.08907872929076632,True
SPX,european,SPXW260821P07810000,put,2026-08-13,7748.5,7810.0,2026-08-21,0.03707000017166138,0.013,0.07621925987243655,75.45,75.2,75.7,0.5,10.0,0.0,yahoo,0.08811668867383325,True
SPX,european,SPXW260821P07815000,put,2026-08-13,7748.5,7815.0,2026-08-21,0.03707000017166138,0.013,0.07414408531188965,78.45,78.2,78.7,0.5,7.0,0.0,yahoo,0.08648028821503463,True
SPX,european,SPXW260821P07820000,put,2026-08-13,7748.5,7820.0,2026-08-21,0.03707000017166138,0.013,0.07219097984313966,81.7,81.5,81.9,0.4000000000000057,92.0,0.0,yahoo,0.08519032309840485,True
SPX,european,SPXW260821P07825000,put,2026-08-13,7748.5,7825.0,2026-08-21,0.03707000017166138,0.013,0.07656257919311527,85.45,83.5,87.4,3.9000000000000057,49.0,0.0,yahoo,0.08500449781850374,True
SPX,european,SPX260821P07835000,put,2026-08-13,7748.5,7835.0,2026-08-21,0.03707000017166138,0.013,0.06165489135742189,90.85,90.5,91.2,0.7000000000000028,9.0,0.0,yahoo,0.07710727069270025,True
SPX,european,SPX260821P07840000,put,2026-08-13,7748.5,7840.0,2026-08-21,0.03707000017166138,0.013,0.058511612243652346,94.5,94.1,94.9,0.8000000000000114,10.0,0.0,yahoo,0.0753131712056878,True
SPX,european,SPXW260821P07850000,put,2026-08-13,7748.5,7850.0,2026-08-21,0.03707000017166138,0.013,0.07100843551635741,104.25,101.8,106.7,4.900000000000006,9.0,0.0,yahoo,0.07995929467925647,True
SPX,european,SPX260821P07875000,put,2026-08-13,7748.5,7875.0,2026-08-21,0.03707000017166138,0.013,1.0000000000000003e-05,123.15,122.8,123.5,0.7000000000000028,10.0,0.0,yahoo,0.05728334101120225,True
SPX,european,SPX260821P08075000,put,2026-08-13,7748.5,8075.0,2026-08-21,0.03707000017166138,0.013,0.20211826942443847,334.75,331.6,337.9,6.2999999999999545,12.0,15.0,yahoo,0.21813221480280026,True
SPX,european,SPXW260824C07200000,call,2026-08-13,7748.5,7200.0,2026-08-24,0.03707000017166138,0.013,0.3020852262878418,561.8,558.0,565.6,7.600000000000023,7.0,0.0,yahoo,0.26872165369920853,True
SPX,european,SPXW260824C07300000,call,2026-08-13,7748.5,7300.0,2026-08-24,0.03707000017166138,0.013,0.25997138961791993,462.35,458.8,465.9,7.099999999999966,61.0,0.0,yahoo,0.23101281884617506,True
SPX,european,SPXW260824C07350000,call,2026-08-13,7748.5,7350.0,2026-08-24,0.03707000017166138,0.013,0.24021145538330074,413.0,409.5,416.5,7.0,30.0,0.0,yahoo,0.2137009355008144,True
SPX,european,SPXW260824C07360000,call,2026-08-13,7748.5,7360.0,2026-08-24,0.03707000017166138,0.013,0.23383334533691402,402.3,398.6,406.0,7.399999999999977,80.0,0.0,yahoo,0.20563422271909385,True
SPX,european,SPXW260824C07370000,call,2026-08-13,7748.5,7370.0,2026-08-24,0.03707000017166138,0.013,0.22002427932739255,392.9,392.2,393.6,1.400000000000034,100.0,0.0,yahoo,0.20467089875715327,True
SPX,european,SPXW260824C07375000,call,2026-08-13,7748.5,7375.0,2026-08-24,0.03707000017166138,0.013,0.2304764453125,388.4,384.9,391.9,7.0,60.0,0.0,yahoo,0.2051509558010399,True
SPX,european,SPXW260824C07410000,call,2026-08-13,7748.5,7410.0,2026-08-24,0.03707000017166138,0.013,0.21458457542419432,353.2,349.5,356.9,7.399999999999977,5.0,0.0,yahoo,0.1890865888259848,True
SPX,european,SPXW260824C07450000,call,2026-08-13,7748.5,7450.0,2026-08-24,0.03707000017166138,0.013,0.201443074760437,315.0,311.5,318.5,7.0,12.0,0.0,yahoo,0.17982445687765924,True
SPX,european,SPXW260824C07475000,call,2026-08-13,7748.5,7475.0,2026-08-24,0.03707000017166138,0.013,0.19393582561492922,291.1,287.3,294.9,7.599999999999966,151.0,0.0,yahoo,0.17304231320257826,True
SPX,european,SPXW260824C07530000,call,2026-08-13,7748.5,7530.0,2026-08-24,0.03707000017166138,0.013,0.17228000579833985,238.3,234.8,241.8,7.0,21.0,0.0,yahoo,0.15518556059149474,True
SPX,european,SPXW260824C07560000,call,2026-08-13,7748.5,7560.0,2026-08-24,0.03707000017166138,0.013,0.16210249526977538,210.25,206.7,213.8,7.100000000000023,21.0,0.0,yahoo,0.1466351731914209,True
SPX,european,SPXW260824C07565000,call,2026-08-13,7748.5,7565.0,2026-08-24,0.03707000017166138,0.013,0.1602294976425171,205.55,202.0,209.1,7.099999999999994,7.0,0.0,yahoo,0.14501178708306273,True
SPX,european,SPXW260824C07570000,call,2026-08-13,7748.5,7570.0,2026-08-24,0.03707000017166138,0.013,0.15401923259735106,200.45,198.2,202.7,4.5,8.0,0.0,yahoo,0.142148302958117,True
SPX,european,SPXW260824C07605000,call,2026-08-13,7748.5,7605.0,2026-08-24,0.03707000017166138,0.013,0.14541717628479003,169.6,167.2,172.0,4.800000000000011,25.0,0.0,yahoo,0.13527213911416885,True
SPX,european,SPXW260824C07620000,call,2026-08-13,7748.5,7620.0,2026-08-24,0.03707000017166138,0.013,0.13891699714660646,155.65,153.4,157.9,4.5,10.0,0.0,yahoo,0.12960393195491732,True
SPX,european,SPXW260824C07645000,call,2026-08-13,7748.5,7645.0,2026-08-24,0.03707000017166138,0.013,0.13292416767120363,134.6,132.2,137.0,4.800000000000011,8.0,0.0,yahoo,0.1245443268527941,True
SPX,european,SPXW260824C07665000,call,2026-08-13,7748.5,7665.0,2026-08-24,0.03707000017166138,0.013,0.1276828260421753,118.19999999999999,115.8,120.6,4.799999999999997,10.0,0.0,yahoo,0.1201758837989134,True
SPX,european,SPXW260824C07675000,call,2026-08-13,7748.5,7675.0,2026-08-24,0.03707000017166138,0.013,0.12505834056854248,110.19999999999999,107.8,112.6,4.799999999999997,30.0,0.0,yahoo,0.11795087903849133,True
SPX,european,SPXW260824C07685000,call,2026-08-13,7748.5,7685.0,2026-08-24,0.03707000017166138,0.013,0.12003443450927734,102.5,101.5,103.5,2.0,11.0,0.0,yahoo,0.11601180466786103,True
SPX,european,SPXW260824C07715000,call,2026-08-13,7748.5,7715.0,2026-08-24,0.03707000017166138,0.013,0.1123211937713623,80.7,80.4,81.0,0.5999999999999943,36.0,0.0,yahoo,0.11048569819791755,True
SPX,european,SPXW260824C07720000,call,2026-08-13,7748.5,7720.0,2026-08-24,0.03707000017166138,0.013,0.1120884995651245,77.7,77.4,78.0,0.5999999999999943,9.0,0.0,yahoo,0.1104194717356898,True
SPX,european,SPXW260824C07725000,call,2026-08-13,7748.5,7725.0,2026-08-24,0.03707000017166138,0.013,0.11102039501190185,74.35,74.1,74.6,0.5,26.0,0.0,yahoo,0.10956263232537775,True
SPX,european,SPXW260824C07730000,call,2026-08-13,7748.5,7730.0,2026-08-24,0.03707000017166138,0.013,0.11002476898193359,71.05,70.8,71.3,0.5,45.0,0.0,yahoo,0.10868610848072148,True
SPX,european,SPXW260824C07740000,call,2026-08-13,7748.5,7740.0,2026-08-24,0.03707000017166138,0.013,0.1082547671508789,64.75,64.5,65.0,0.5,20.0,0.0,yahoo,0.10714322696433495,True
SPX,european,SPXW260824C07745000,call,2026-08-13,7748.5,7745.0,2026-08-24,0.03707000017166138,0.013,0.10675560611724855,61.35,61.1,61.6,0.5,7.0,0.0,yahoo,0.10572123954291518,True
SPX,european,SPXW260824C07750000,call,2026-08-13,7748.5,7750.0,2026-08-24,0.03707000017166138,0.013,0.10656487316131592,58.75,58.5,59.0,0.5,40.0,0.0,yahoo,0.10566838541422666,True
SPX,european,SPXW260824C07755000,call,2026-08-13,7748.5,7755.0,2026-08-24,0.03707000017166138,0.013,0.1059011224746704,55.900000000000006,55.6,56.2,0.6000000000000014,21.0,0.0,yahoo,0.10501902391439076,True
SPX,european,SPXW260824C07760000,call,2026-08-13,7748.5,7760.0,2026-08-24,0.03707000017166138,0.013,0.10511530269622803,53.099999999999994,52.8,53.4,0.6000000000000014,21.0,0.0,yahoo,0.10433165164074513,True
SPX,european,SPXW260824C07765000,call,2026-08-13,7748.5,7765.0,2026-08-24,0.03707000017166138,0.013,0.10384883586883543,50.15,49.9,50.4,0.5,15.0,0.0,yahoo,0.10323009498897114,True
SPX,european,SPXW260824C07770000,call,2026-08-13,7748.5,7770.0,2026-08-24,0.03707000017166138,0.013,0.10334911552429196,47.599999999999994,47.3,47.9,0.6000000000000014,28.0,0.0,yahoo,0.10273915394354419,True
SPX,european,SPXW260824C07775000,call,2026-08-13,7748.5,7775.0,2026-08-24,0.03707000017166138,0.013,0.10254040779113768,45.0,44.7,45.3,0.5999999999999943,19.0,0.0,yahoo,0.10201590987222102,True
SPX,european,SPXW260824C07790000,call,2026-08-13,7748.5,7790.0,2026-08-24,0.03707000017166138,0.013,0.10022490970611571,37.75,37.5,38.0,0.5,12.0,0.0,yahoo,0.10002542703884866,True
SPX,european,SPXW260824C07810000,call,2026-08-13,7748.5,7810.0,2026-08-24,0.03707000017166138,0.013,0.09824891628265381,29.7,29.5,29.9,0.3999999999999986,28.0,0.0,yahoo,0.0984444941138662,True
SPX,european,SPXW260824C07815000,call,2026-08-13,7748.5,7815.0,2026-08-24,0.03707000017166138,0.013,0.09784074775695803,27.9,27.7,28.1,0.40000000000000213,10.0,0.0,yahoo,0.09810343039759253,True
SPX,european,SPXW260824C07820000,call,2026-08-13,7748.5,7820.0,2026-08-24,0.03707000017166138,0.013,0.09769197605133058,26.25,26.0,26.5,0.5,29.0,0.0,yahoo,0.09792459665543075,True
SPX,european,SPXW260824C07825000,call,2026-08-13,7748.5,7825.0,2026-08-24,0.03707000017166138,0.013,0.09678790184020997,24.4,24.2,24.6,0.40000000000000213,63.0,0.0,yahoo,0.09716867180581874,True
SPX,european,SPXW260824C07830000,call,2026-08-13,7748.5,7830.0,2026-08-24,0.03707000017166138,0.013,0.09656283695220948,22.85,22.6,23.1,0.5,22.0,0.0,yahoo,0.09689595534123649,True
SPX,european,SPXW260824C07840000,call,2026-08-13,7748.5,7840.0,2026-08-24,0.03707000017166138,0.013,0.09590290092468262,20.0,19.8,20.2,0.3999999999999986,12.0,0.0,yahoo,0.09645103691943172,True
SPX,european,SPXW260824C07850000,call,2026-08-13,7748.5,7850.0,2026-08-24,0.03707000017166138,0.013,0.0946249901199341,17.1,16.9,17.3,0.40000000000000213,83.0,0.0,yahoo,0.09524445403562,True
SPX,european,SPXW260824C07860000,call,2026-08-13,7748.5,7860.0,2026-08-24,0.03707000017166138,0.013,0.09363699340820314,14.7,14.6,14.8,0.20000000000000107,26.0,0.0,yahoo,0.09458401077474202,True
SPX,european,SPXW260824C07870000,call,2026-08-13,7748.5,7870.0,2026-08-24,0.03707000017166138,0.013,0.09330130340576173,12.65,12.5,12.8,0.3000000000000007,30.0,0.0,yahoo,0.09419956249927107,True
SPX,european,SPXW260824C07875000,call,2026-08-13,7748.5,7875.0,2026-08-24,0.03707000017166138,0.013,0.09318686363220216,11.75,11.6,11.9,0.3000000000000007,39.0,0.0,yahoo,0.09412428942996577,True
SPX,european,SPXW260824C07880000,call,2026-08-13,7748.5,7880.0,2026-08-24,0.03707000017166138,0.013,0.09292746681213379,10.85,10.7,11.0,0.3000000000000007,9.0,0.0,yahoo,0.09389552259886891,True
SPX,european,SPXW260824C07890000,call,2026-08-13,7748.5,7890.0,2026-08-24,0.03707000017166138,0.013,0.09287406158447264,9.3,9.1,9.5,0.40000000000000036,6.0,0.0,yahoo,0.0937399509170555,True
SPX,european,SPXW260824C07900000,call,2026-08-13,7748.5,7900.0,2026-08-24,0.03707000017166138,0.013,0.0922293841934204,7.85,7.7,8.0,0.2999999999999998,69.0,0.0,yahoo,0.09329135948348005,True
SPX,european,SPXW260824C07910000,call,2026-08-13,7748.5,7910.0,2026-08-24,0.03707000017166138,0.013,0.09201957794189453,6.65,6.5,6.8,0.2999999999999998,21.0,0.0,yahoo,0.0931100723508423,True
SPX,european,SPXW260824C07920000,call,2026-08-13,7748.5,7920.0,2026-08-24,0.03707000017166138,0.013,0.09201194862365722,5.6,5.4,5.8,0.39999999999999947,31.0,0.0,yahoo,0.09291325401519368,True
SPX,european,SPXW260824C07950000,call,2026-08-13,7748.5,7950.0,2026-08-24,0.03707000017166138,0.013,0.09251548362731932,3.45,3.3,3.6,0.30000000000000027,91.0,0.0,yahoo,0.09363522147126968,True
SPX,european,SPXW260824C07975000,call,2026-08-13,7748.5,7975.0,2026-08-24,0.03707000017166138,0.013,0.0935607002258301,2.325,2.2,2.45,0.25,91.0,0.0,yahoo,0.09479252344353707,True
SPX,european,SPXW260824P07075000,put,2026-08-13,7748.5,7075.0,2026-08-24,0.03707000017166138,0.013,0.2187883297729492,1.025,0.95,1.1,0.15000000000000013,5.0,0.0,yahoo,0.2280341349966398,True
SPX,european,SPXW260824P07100000,put,2026-08-13,7748.5,7100.0,2026-08-24,0.03707000017166138,0.013,0.21378349700927735,1.125,1.05,1.2,0.1499999999999999,5.0,0.0,yahoo,0.22299995925925686,True
SPX,european,SPXW260824P07110000,put,2026-08-13,7748.5,7110.0,2026-08-24,0.03707000017166138,0.013,0.21076228698730468,1.125,1.05,1.2,0.1499999999999999,7.0,0.0,yahoo,0.21988276425660097,True
SPX,european,SPXW260824P07120000,put,2026-08-13,7748.5,7120.0,2026-08-24,0.03707000017166138,0.013,0.2089312506103515,1.175,1.1,1.25,0.1499999999999999,40.0,0.0,yahoo,0.21801794537762634,True
SPX,european,SPXW260824P07160000,put,2026-08-13,7748.5,7160.0,2026-08-24,0.03707000017166138,0.013,0.19992865509033203,1.325,1.25,1.4,0.1499999999999999,14.0,0.0,yahoo,0.20887834368791378,True
SPX,european,SPXW260824P07210000,put,2026-08-13,7748.5,7210.0,2026-08-24,0.03707000017166138,0.013,0.18903398864746096,1.5499999999999998,1.45,1.65,0.19999999999999996,14.0,0.0,yahoo,0.19735044002242086,True
SPX,european,SPXW260824P07220000,put,2026-08-13,7748.5,7220.0,2026-08-24,0.03707000017166138,0.013,0.18674519317626953,1.6,1.5,1.7,0.19999999999999996,46.0,0.0,yahoo,0.19501280703025706,True
SPX,european,SPXW260824P07240000,put,2026-08-13,7748.5,7240.0,2026-08-24,0.03707000017166138,0.013,0.18201501586914062,1.725,1.65,1.8,0.15000000000000013,9.0,0.0,yahoo,0.19062548608139912,True
SPX,european,SPXW260824P07250000,put,2026-08-13,7748.5,7250.0,2026-08-24,0.03707000017166138,0.013,0.18033656585693358,1.825,1.75,1.9,0.1499999999999999,6.0,0.0,yahoo,0.18894433657846701,True
SPX,european,SPXW260824P07260000,put,2026-08-13,7748.5,7260.0,2026-08-24,0.03707000017166138,0.013,0.17786466674804688,1.85,1.75,1.95,0.19999999999999996,46.0,0.0,yahoo,0.18602263086050455,True
SPX,european,SPXW260824P07275000,put,2026-08-13,7748.5,7275.0,2026-08-24,0.03707000017166138,0.013,0.17443147354125982,1.9749999999999999,1.9,2.05,0.1499999999999999,13.0,0.0,yahoo,0.18289378541651655,True
SPX,european,SPXW260824P07280000,put,2026-08-13,7748.5,7280.0,2026-08-24,0.03707000017166138,0.013,0.17414155944824222,2.05,1.95,2.15,0.19999999999999996,6.0,0.0,yahoo,0.1822863595812086,True
SPX,european,SPXW260824P07290000,put,2026-08-13,7748.5,7290.0,2026-08-24,0.03707000017166138,0.013,0.17151707397460939,2.1,2.0,2.2,0.20000000000000018,12.0,0.0,yahoo,0.1796100410479194,True
SPX,european,SPXW260824P07300000,put,2026-08-13,7748.5,7300.0,2026-08-24,0.03707000017166138,0.013,0.1688925885009766,2.175,2.1,2.25,0.1499999999999999,28.0,0.0,yahoo,0.17723070111452144,True
SPX,european,SPXW260824P07325000,put,2026-08-13,7748.5,7325.0,2026-08-24,0.03707000017166138,0.013,0.16356732437133792,2.4,2.3,2.5,0.20000000000000018,53.0,0.0,yahoo,0.17150221731647425,True
SPX,european,SPXW260824P07330000,put,2026-08-13,7748.5,7330.0,2026-08-24,0.03707000017166138,0.013,0.16245344390869143,2.45,2.35,2.55,0.19999999999999973,7.0,0.0,yahoo,0.17036769423384943,True
SPX,european,SPXW260824P07340000,put,2026-08-13,7748.5,7340.0,2026-08-24,0.03707000017166138,0.013,0.1601646484375,2.55,2.45,2.65,0.19999999999999973,13.0,0.0,yahoo,0.16804711702289676,True
SPX,european,SPXW260824P07350000,put,2026-08-13,7748.5,7350.0,2026-08-24,0.03707000017166138,0.013,0.1588218884277344,2.725,2.6,2.85,0.25,826.0,0.0,yahoo,0.16646510614391188,True
SPX,european,SPXW260824P07360000,put,2026-08-13,7748.5,7360.0,2026-08-24,0.03707000017166138,0.013,0.15639576522827148,2.825,2.7,2.95,0.25,5.0,0.0,yahoo,0.16398475393937986,True
SPX,european,SPXW260824P07375000,put,2026-08-13,7748.5,7375.0,2026-08-24,0.03707000017166138,0.013,0.1535271415710449,3.05,2.9,3.2,0.30000000000000027,125.0,0.0,yahoo,0.16087534049561422,True
SPX,european,SPXW260824P07380000,put,2026-08-13,7748.5,7380.0,2026-08-24,0.03707000017166138,0.013,0.15180291564941406,3.1,3.0,3.2,0.20000000000000018,10.0,0.0,yahoo,0.15955611272598533,True
SPX,european,SPXW260824P07390000,put,2026-08-13,7748.5,7390.0,2026-08-24,0.03707000017166138,0.013,0.15085688018798832,3.35,3.2,3.5,0.2999999999999998,18.0,0.0,yahoo,0.15822080787389065,True
SPX,european,SPXW260824P07400000,put,2026-08-13,7748.5,7400.0,2026-08-24,0.03707000017166138,0.013,0.14814084289550783,3.45,3.3,3.6,0.30000000000000027,145.0,0.0,yahoo,0.15544182782078303,True
SPX,european,SPXW260824P07410000,put,2026-08-13,7748.5,7410.0,2026-08-24,0.03707000017166138,0.013,0.14614196151733394,3.65,3.5,3.8,0.2999999999999998,159.0,0.0,yahoo,0.15343281238846293,True
SPX,european,SPXW260824P07420000,put,2026-08-13,7748.5,7420.0,2026-08-24,0.03707000017166138,0.013,0.14403626968383787,3.9,3.8,4.0,0.20000000000000018,5.0,0.0,yahoo,0.15169609589331617,True
SPX,european,SPXW260824P07425000,put,2026-08-13,7748.5,7425.0,2026-08-24,0.03707000017166138,0.013,0.14293764785766605,4.0,3.9,4.1,0.19999999999999973,11.0,0.0,yahoo,0.15058422168114896,True
SPX,european,SPXW260824P07440000,put,2026-08-13,7748.5,7440.0,2026-08-24,0.03707000017166138,0.013,0.14017583465576172,4.4,4.3,4.5,0.20000000000000018,78.0,0.0,yahoo,0.14779613062673413,True
SPX,european,SPXW260824P07450000,put,2026-08-13,7748.5,7450.0,2026-08-24,0.03707000017166138,0.013,0.1383753155517578,4.65,4.5,4.8,0.2999999999999998,1086.0,0.0,yahoo,0.14565089763379008,True
SPX,european,SPXW260824P07455000,put,2026-08-13,7748.5,7455.0,2026-08-24,0.03707000017166138,0.013,0.13712410736083985,4.800000000000001,4.7,4.9,0.20000000000000018,41.0,0.0,yahoo,0.14469494425096754,True
SPX,european,SPXW260824P07460000,put,2026-08-13,7748.5,7460.0,2026-08-24,0.03707000017166138,0.013,0.13584238189697267,4.9,4.8,5.0,0.20000000000000018,70.0,0.0,yahoo,0.1433850870696336,True
SPX,european,SPXW260824P07465000,put,2026-08-13,7748.5,7465.0,2026-08-24,0.03707000017166138,0.013,0.13512522598266608,5.1,5.0,5.2,0.20000000000000018,22.0,0.0,yahoo,0.14267291163631932,True
SPX,european,SPXW260824P07470000,put,2026-08-13,7748.5,7470.0,2026-08-24,0.03707000017166138,0.013,0.13436229415893558,5.25,5.1,5.4,0.3000000000000007,65.0,0.0,yahoo,0.141609059602511,True
SPX,european,SPXW260824P07475000,put,2026-08-13,7748.5,7475.0,2026-08-24,0.03707000017166138,0.013,0.13355358642578125,5.449999999999999,5.3,5.6,0.2999999999999998,155.0,0.0,yahoo,0.14080434090004,True
SPX,european,SPXW260824P07480000,put,2026-08-13,7748.5,7480.0,2026-08-24,0.03707000017166138,0.013,0.13163099822998048,5.5,5.4,5.6,0.1999999999999993,46.0,0.0,yahoo,0.13909293476572152,True
SPX,european,SPXW260824P07485000,put,2026-08-13,7748.5,7485.0,2026-08-24,0.03707000017166138,0.013,0.1307612559509277,5.699999999999999,5.6,5.8,0.20000000000000018,35.0,0.0,yahoo,0.13821750765235677,True
SPX,european,SPXW260824P07500000,put,2026-08-13,7748.5,7500.0,2026-08-24,0.03707000017166138,0.013,0.12838090866088864,6.35,6.2,6.5,0.2999999999999998,444.0,0.0,yahoo,0.13558281122126753,True
SPX,european,SPXW260824P07505000,put,2026-08-13,7748.5,7505.0,2026-08-24,0.03707000017166138,0.013,0.1278010804748535,6.6,6.4,6.8,0.39999999999999947,26.0,0.0,yahoo,0.13477911712728416,True
SPX,european,SPXW260824P07510000,put,2026-08-13,7748.5,7510.0,2026-08-24,0.03707000017166138,0.013,0.12671008796691893,6.85,6.7,7.0,0.2999999999999998,21.0,0.0,yahoo,0.13392271974237255,True
SPX,european,SPXW260824P07515000,put,2026-08-13,7748.5,7515.0,2026-08-24,0.03707000017166138,0.013,0.1255809488677979,7.0,6.8,7.2,0.40000000000000036,20.0,0.0,yahoo,0.13253878522086163,True
SPX,european,SPXW260824P07520000,put,2026-08-13,7748.5,7520.0,2026-08-24,0.03707000017166138,0.013,0.12441366317749025,7.25,7.1,7.4,0.3000000000000007,15.0,0.0,yahoo,0.13159504884493417,True
SPX,european,SPXW260824P07525000,put,2026-08-13,7748.5,7525.0,2026-08-24,0.03707000017166138,0.013,0.12364310203552245,7.550000000000001,7.4,7.7,0.2999999999999998,42.0,0.0,yahoo,0.13082992172100721,True
SPX,european,SPXW260824P07530000,put,2026-08-13,7748.5,7530.0,2026-08-24,0.03707000017166138,0.013,0.12281150634765625,7.8,7.6,8.0,0.40000000000000036,469.0,0.0,yahoo,0.12978591968744552,True
SPX,european,SPXW260824P07535000,put,2026-08-13,7748.5,7535.0,2026-08-24,0.03707000017166138,0.013,0.12193413475036621,8.100000000000001,7.9,8.3,0.40000000000000036,24.0,0.0,yahoo,0.1289119593116079,True
SPX,european,SPXW260824P07540000,put,2026-08-13,7748.5,7540.0,2026-08-24,0.03707000017166138,0.013,0.12100335792541506,8.399999999999999,8.2,8.6,0.40000000000000036,19.0,0.0,yahoo,0.12798337726674908,True
SPX,european,SPXW260824P07545000,put,2026-08-13,7748.5,7545.0,2026-08-24,0.03707000017166138,0.013,0.12001917587280272,8.75,8.6,8.9,0.3000000000000007,21.0,0.0,yahoo,0.12720555448337698,True
SPX,european,SPXW260824P07550000,put,2026-08-13,7748.5,7550.0,2026-08-24,0.03707000017166138,0.013,0.11898921791076658,9.05,8.9,9.2,0.29999999999999893,50.0,0.0,yahoo,0.12616781072320649,True
SPX,european,SPXW260824P07555000,put,2026-08-13,7748.5,7555.0,2026-08-24,0.03707000017166138,0.013,0.11827206199645995,9.399999999999999,9.2,9.6,0.40000000000000036,13.0,0.0,yahoo,0.12527376221709785,True
SPX,european,SPXW260824P07560000,put,2026-08-13,7748.5,7560.0,2026-08-24,0.03707000017166138,0.013,0.11714292289733885,9.75,9.6,9.9,0.3000000000000007,9.0,0.0,yahoo,0.12432177774377665,True
SPX,european,SPXW260824P07565000,put,2026-08-13,7748.5,7565.0,2026-08-24,0.03707000017166138,0.013,0.11665464653015137,10.2,10.0,10.4,0.40000000000000036,11.0,0.0,yahoo,0.12367996961141918,True
SPX,european,SPXW260824P07575000,put,2026-08-13,7748.5,7575.0,2026-08-24,0.03707000017166138,0.013,0.11446503219604492,10.95,10.8,11.1,0.29999999999999893,23.0,0.0,yahoo,0.12165779837944918,True
SPX,european,SPXW260824P07580000,put,2026-08-13,7748.5,7580.0,2026-08-24,0.03707000017166138,0.013,0.1134579621887207,11.35,11.2,11.5,0.3000000000000007,17.0,0.0,yahoo,0.12064726617591683,True
SPX,european,SPXW260824P07585000,put,2026-08-13,7748.5,7585.0,2026-08-24,0.03707000017166138,0.013,0.11270265968322754,11.8,11.6,12.0,0.40000000000000036,5.0,0.0,yahoo,0.11974379632853542,True
SPX,european,SPXW260824P07590000,put,2026-08-13,7748.5,7590.0,2026-08-24,0.03707000017166138,0.013,0.11188250797271727,12.35,12.2,12.5,0.3000000000000007,50.0,0.0,yahoo,0.11909757652449904,True
SPX,european,SPXW260824P07595000,put,2026-08-13,7748.5,7595.0,2026-08-24,0.03707000017166138,0.013,0.11099369239807128,12.85,12.7,13.0,0.3000000000000007,55.0,0.0,yahoo,0.11821508483926133,True
SPX,european,SPXW260824P07600000,put,2026-08-13,7748.5,7600.0,2026-08-24,0.03707000017166138,0.013,0.11003621295928954,13.3,13.1,13.5,0.40000000000000036,35.0,0.0,yahoo,0.11711049380755378,True
SPX,european,SPXW260824P07605000,put,2026-08-13,7748.5,7605.0,2026-08-24,0.03707000017166138,0.013,0.10901769897460936,13.85,13.7,14.0,0.3000000000000007,106.0,0.0,yahoo,0.11624524931075908,True
SPX,european,SPXW260824P07610000,put,2026-08-13,7748.5,7610.0,2026-08-24,0.03707000017166138,0.013,0.10848364669799804,14.5,14.3,14.7,0.3999999999999986,10.0,0.0,yahoo,0.11559890804209977,True
SPX,european,SPXW260824P07615000,put,2026-08-13,7748.5,7615.0,2026-08-24,0.03707000017166138,0.013,0.10732780498504639,15.05,14.9,15.2,0.29999999999999893,14.0,0.0,yahoo,0.11458329927584765,True
SPX,european,SPXW260824P07620000,put,2026-08-13,7748.5,7620.0,2026-08-24,0.03707000017166138,0.013,0.10663735168457032,15.7,15.5,15.9,0.40000000000000036,109.0,0.0,yahoo,0.1137767298230028,True
SPX,european,SPXW260824P07625000,put,2026-08-13,7748.5,7625.0,2026-08-24,0.03707000017166138,0.013,0.10585916122436523,16.4,16.2,16.6,0.40000000000000213,50.0,0.0,yahoo,0.11302554603783106,True
SPX,european,SPXW260824P07630000,put,2026-08-13,7748.5,7630.0,2026-08-24,0.03707000017166138,0.013,0.10500467758178711,17.1,16.9,17.3,0.40000000000000213,60.0,0.0,yahoo,0.1121899325459732,True
SPX,european,SPXW260824P07635000,put,2026-08-13,7748.5,7635.0,2026-08-24,0.03707000017166138,0.013,0.10406627143859862,17.8,17.6,18.0,0.3999999999999986,19.0,0.0,yahoo,0.11127205080309678,True
SPX,european,SPXW260824P07645000,put,2026-08-13,7748.5,7645.0,2026-08-24,0.03707000017166138,0.013,0.10266629154205321,19.5,19.3,19.7,0.3999999999999986,36.0,0.0,yahoo,0.10993962996609563,True
SPX,european,SPXW260824P07650000,put,2026-08-13,7748.5,7650.0,2026-08-24,0.03707000017166138,0.013,0.10148756187438965,20.2,20.0,20.4,0.3999999999999986,117.0,0.0,yahoo,0.10876942335787725,True
SPX,european,SPXW260824P07655000,put,2026-08-13,7748.5,7655.0,2026-08-24,0.03707000017166138,0.013,0.10090773368835448,21.2,21.0,21.4,0.3999999999999986,24.0,0.0,yahoo,0.10823538285430283,True
SPX,european,SPXW260824P07660000,put,2026-08-13,7748.5,7660.0,2026-08-24,0.03707000017166138,0.013,0.10000747413635255,22.05,21.8,22.3,0.5,23.0,0.0,yahoo,0.10724866790853597,True
SPX,european,SPXW260824P07665000,put,2026-08-13,7748.5,7665.0,2026-08-24,0.03707000017166138,0.013,0.09923691299438475,23.1,22.9,23.3,0.40000000000000213,59.0,0.0,yahoo,0.10663006688690649,True
SPX,european,SPXW260824P07670000,put,2026-08-13,7748.5,7670.0,2026-08-24,0.03707000017166138,0.013,0.09857697696685791,24.15,23.9,24.4,0.5,25.0,0.0,yahoo,0.10590732779131203,True
SPX,european,SPXW260824P07675000,put,2026-08-13,7748.5,7675.0,2026-08-24,0.03707000017166138,0.013,0.09760423889160157,25.2,25.0,25.4,0.3999999999999986,51.0,0.0,yahoo,0.1050824768423308,True
SPX,european,SPXW260824P07680000,put,2026-08-13,7748.5,7680.0,2026-08-24,0.03707000017166138,0.013,0.09654376365661621,26.2,26.0,26.4,0.3999999999999986,22.0,0.0,yahoo,0.1040491177627625,True
SPX,european,SPXW260824P07685000,put,2026-08-13,7748.5,7685.0,2026-08-24,0.03707000017166138,0.013,0.0957846464920044,27.35,27.1,27.6,0.5,52.0,0.0,yahoo,0.1032378916664926,True
SPX,european,SPXW260824P07690000,put,2026-08-13,7748.5,7690.0,2026-08-24,0.03707000017166138,0.013,0.09492253353118899,28.55,28.3,28.8,0.5,125.0,0.0,yahoo,0.10242507203090732,True
SPX,european,SPXW260824P07695000,put,2026-08-13,7748.5,7695.0,2026-08-24,0.03707000017166138,0.013,0.09434270534515381,30.0,29.8,30.2,0.3999999999999986,32.0,0.0,yahoo,0.10201772108596129,True
SPX,european,SPXW260824P07700000,put,2026-08-13,7748.5,7700.0,2026-08-24,0.03707000017166138,0.013,0.09325934215545655,31.15,30.9,31.4,0.5,193.0,0.0,yahoo,0.10088006896530259,True
SPX,european,SPXW260824P07705000,put,2026-08-13,7748.5,7705.0,2026-08-24,0.03707000017166138,0.013,0.09282828567504883,32.75,32.5,33.0,0.5,12.0,0.0,yahoo,0.10053731117046587,True
SPX,european,SPXW260824P07710000,put,2026-08-13,7748.5,7710.0,2026-08-24,0.03707000017166138,0.013,0.0913405686187744,33.85,33.6,34.1,0.5,46.0,0.0,yahoo,0.09907941392661351,True
SPX,european,SPXW260824P07715000,put,2026-08-13,7748.5,7715.0,2026-08-24,0.03707000017166138,0.013,0.09085610691070557,35.55,35.3,35.8,0.5,17.0,0.0,yahoo,0.09868879923178225,True
SPX,european,SPXW260824P07720000,put,2026-08-13,7748.5,7720.0,2026-08-24,0.03707000017166138,0.013,0.08968882122039794,36.95,36.7,37.2,0.5,123.0,0.0,yahoo,0.09758747515198554,True
SPX,european,SPXW260824P07725000,put,2026-08-13,7748.5,7725.0,2026-08-24,0.03707000017166138,0.013,0.08949808826446533,38.95,38.7,39.2,0.5,76.0,0.0,yahoo,0.09751541321167273,True
SPX,european,SPXW260824P07730000,put,2026-08-13,7748.5,7730.0,2026-08-24,0.03707000017166138,0.013,0.08826213871002199,40.45,40.2,40.7,0.5,38.0,0.0,yahoo,0.09635345209387126,True
SPX,european,SPXW260824P07735000,put,2026-08-13,7748.5,7735.0,2026-08-24,0.03707000017166138,0.013,0.08725888336181642,42.15,41.9,42.4,0.5,42.0,0.0,yahoo,0.09544272473570928,True
SPX,european,SPXW260824P07740000,put,2026-08-13,7748.5,7740.0,2026-08-24,0.03707000017166138,0.013,0.08665616722106934,44.15,43.9,44.4,0.5,67.0,0.0,yahoo,0.09496165780282866,True
SPX,european,SPXW260824P07750000,put,2026-08-13,7748.5,7750.0,2026-08-24,0.03707000017166138,0.013,0.08502349311828616,48.15,47.9,48.4,0.5,58.0,0.0,yahoo,0.09357556555291073,True
SPX,european,SPXW260824P07755000,put,2026-08-13,7748.5,7755.0,2026-08-24,0.03707000017166138,0.013,0.08434066913604739,50.35,50.1,50.6,0.5,51.0,0.0,yahoo,0.09303919932495715,True
SPX,european,SPXW260824P07760000,put,2026-08-13,7748.5,7760.0,2026-08-24,0.03707000017166138,0.013,0.08350525878906252,52.55,52.3,52.8,0.5,59.0,0.0,yahoo,0.09235452462772163,True
SPX,european,SPXW260824P07765000,put,2026-08-13,7748.5,7765.0,2026-08-24,0.03707000017166138,0.013,0.0825134474182129,54.75,54.5,55.0,0.5,80.0,0.0,yahoo,0.09151816130384842,True
SPX,european,SPXW260824P07770000,put,2026-08-13,7748.5,7770.0,2026-08-24,0.03707000017166138,0.013,0.08171618366241458,57.15,56.9,57.4,0.5,19.0,0.0,yahoo,0.09090094051634229,True
SPX,european,SPXW260824P07775000,put,2026-08-13,7748.5,7775.0,2026-08-24,0.03707000017166138,0.013,0.08056797126770021,59.45,59.2,59.7,0.5,20.0,0.0,yahoo,0.08993648282269273,True
SPX,european,SPXW260824P07805000,put,2026-08-13,7748.5,7805.0,2026-08-24,0.03707000017166138,0.013,0.0747887627029419,75.95,75.7,76.2,0.5,24.0,0.0,yahoo,0.08576617424231332,True
SPX,european,SPXW260824P07830000,put,2026-08-13,7748.5,7830.0,2026-08-24,0.03707000017166138,0.013,0.07034468482971193,92.0,91.0,93.0,2.0,6.0,0.0,yahoo,0.08187256383898919,True
SPX,european,SPXW260824P07850000,put,2026-08-13,7748.5,7850.0,2026-08-24,0.03707000017166138,0.013,0.06898666618347168,106.65,104.3,109.0,4.700000000000003,5.0,0.0,yahoo,0.07918849328850307,True
SPX,european,SPXW260825C07125000,call,2026-08-13,7748.5,7125.0,2026-08-25,0.03707000017166138,0.013,0.315863775024414,635.75,632.0,639.5,7.5,62.0,0.0,yahoo,0.2756748429422534,True
SPX,european,SPXW260825C07200000,call,2026-08-13,7748.5,7200.0,2026-08-25,0.03707000017166138,0.013,0.29066413688659665,562.1500000000001,558.6,565.7,7.100000000000023,114.0,0.0,yahoo,0.2567781314933334,True
SPX,european,SPXW260825C07440000,call,2026-08-13,7748.5,7440.0,2026-08-25,0.03707000017166138,0.013,0.20272861488342284,326.25,322.5,330.0,7.5,5.0,0.0,yahoo,0.1798606826013113,True
SPX,european,SPXW260825C07460000,call,2026-08-13,7748.5,7460.0,2026-08-25,0.03707000017166138,0.013,0.19564097824096682,306.95,303.2,310.7,7.5,10.0,0.0,yahoo,0.1739128576078946,True
SPX,european,SPXW260825C07470000,call,2026-08-13,7748.5,7470.0,2026-08-25,0.03707000017166138,0.013,0.19303175140380857,297.54999999999995,293.7,301.4,7.699999999999989,19.0,0.0,yahoo,0.17176860416253031,True
SPX,european,SPXW260825C07475000,call,2026-08-13,7748.5,7475.0,2026-08-25,0.03707000017166138,0.013,0.19068192138671874,292.6,288.8,296.4,7.599999999999966,10.0,0.0,yahoo,0.16972551123888707,True
SPX,european,SPXW260825C07480000,call,2026-08-13,7748.5,7480.0,2026-08-25,0.03707000017166138,0.013,0.18890429023742675,287.8,284.0,291.6,7.600000000000023,11.0,0.0,yahoo,0.16822422146100452,True
SPX,european,SPXW260825C07550000,call,2026-08-13,7748.5,7550.0,2026-08-25,0.03707000017166138,0.013,0.15596852340698242,221.10000000000002,220.3,221.9,1.5999999999999943,179.0,0.0,yahoo,0.14655833007371055,True
SPX,european,SPXW260825C07575000,call,2026-08-13,7748.5,7575.0,2026-08-25,0.03707000017166138,0.013,0.1485833433532715,198.25,197.5,199.0,1.5,203.0,0.0,yahoo,0.1403833125177266,True
SPX,european,SPXW260825C07590000,call,2026-08-13,7748.5,7590.0,2026-08-25,0.03707000017166138,0.013,0.1477593769836426,184.7,182.4,187.0,4.599999999999994,5.0,0.0,yahoo,0.13661052540580249,True
SPX,european,SPXW260825C07610000,call,2026-08-13,7748.5,7610.0,2026-08-25,0.03707000017166138,0.013,0.1418085087585449,166.95,164.7,169.2,4.5,5.0,0.0,yahoo,0.13173875795389564,True
SPX,european,SPXW260825C07620000,call,2026-08-13,7748.5,7620.0,2026-08-25,0.03707000017166138,0.013,0.14007283885955807,158.6,156.2,161.0,4.800000000000011,5.0,0.0,yahoo,0.13025054330914718,True
SPX,european,SPXW260825C07640000,call,2026-08-13,7748.5,7640.0,2026-08-25,0.03707000017166138,0.013,0.13469035484313965,141.6,139.2,144.0,4.800000000000011,5.0,0.0,yahoo,0.12578325006787108,True
SPX,european,SPXW260825C07670000,call,2026-08-13,7748.5,7670.0,2026-08-25,0.03707000017166138,0.013,0.1269351528549194,117.15,114.8,119.5,4.700000000000003,9.0,0.0,yahoo,0.1193759549298693,True
SPX,european,SPXW260825C07680000,call,2026-08-13,7748.5,7680.0,2026-08-25,0.03707000017166138,0.013,0.1260158200073242,110.1,107.7,112.5,4.799999999999997,5.0,0.0,yahoo,0.11885178509498538,True
SPX,european,SPXW260825C07685000,call,2026-08-13,7748.5,7685.0,2026-08-25,0.03707000017166138,0.013,0.12066766792297365,106.15,105.9,106.4,0.5,21.0,0.0,yahoo,0.11760778501928255,True
SPX,european,SPXW260825C07690000,call,2026-08-13,7748.5,7690.0,2026-08-25,0.03707000017166138,0.013,0.1185886787033081,101.75,101.4,102.1,0.6999999999999886,8.0,0.0,yahoo,0.11541247019990242,True
SPX,european,SPXW260825C07700000,call,2026-08-13,7748.5,7700.0,2026-08-25,0.03707000017166138,0.013,0.11764645790100098,95.15,94.9,95.4,0.5,92.0,0.0,yahoo,0.1150177808515894,True
SPX,european,SPXW260825C07705000,call,2026-08-13,7748.5,7705.0,2026-08-25,0.03707000017166138,0.013,0.11605955970764159,91.25,91.0,91.5,0.5,7.0,0.0,yahoo,0.11353452103995938,True
SPX,european,SPXW260825C07730000,call,2026-08-13,7748.5,7730.0,2026-08-25,0.03707000017166138,0.013,0.11192828388214109,74.65,74.4,74.9,0.5,7.0,0.0,yahoo,0.1100678734685624,True
SPX,european,SPXW260825C07740000,call,2026-08-13,7748.5,7740.0,2026-08-25,0.03707000017166138,0.013,0.11018879932403562,68.35,68.1,68.6,0.5,66.0,0.0,yahoo,0.10855873843494954,True
SPX,european,SPXW260825C07750000,call,2026-08-13,7748.5,7750.0,2026-08-25,0.03707000017166138,0.013,0.10872397022247314,62.400000000000006,62.1,62.7,0.6000000000000014,33.0,0.0,yahoo,0.10723008378802328,True
SPX,european,SPXW260825C07755000,call,2026-08-13,7748.5,7755.0,2026-08-25,0.03707000017166138,0.013,0.10706077884674071,59.0,58.7,59.3,0.5999999999999943,7.0,0.0,yahoo,0.10563397150895558,True
SPX,european,SPXW260825C07760000,call,2026-08-13,7748.5,7760.0,2026-08-25,0.03707000017166138,0.013,0.10631692031860351,56.25,56.0,56.5,0.5,34.0,0.0,yahoo,0.10507948158040006,True
SPX,european,SPXW260825C07770000,call,2026-08-13,7748.5,7770.0,2026-08-25,0.03707000017166138,0.013,0.1053460895729065,51.15,50.9,51.4,0.5,8.0,0.0,yahoo,0.10432106254330455,True
SPX,european,SPXW260825C07775000,call,2026-08-13,7748.5,7775.0,2026-08-25,0.03707000017166138,0.013,0.10460223104476926,48.55,48.3,48.8,0.5,35.0,0.0,yahoo,0.1036667615814365,True
SPX,european,SPXW260825C07780000,call,2026-08-13,7748.5,7780.0,2026-08-25,0.03707000017166138,0.013,0.10408915939331054,46.15,45.9,46.4,0.5,19.0,0.0,yahoo,0.10324645000593213,True
SPX,european,SPXW260825C07790000,call,2026-08-13,7748.5,7790.0,2026-08-25,0.03707000017166138,0.013,0.10287609779357909,41.45,41.2,41.7,0.5,46.0,0.0,yahoo,0.10220388547931371,True
SPX,european,SPXW260825C07795000,call,2026-08-13,7748.5,7795.0,2026-08-25,0.03707000017166138,0.013,0.10271206745147705,39.400000000000006,39.1,39.7,0.6000000000000014,8.0,0.0,yahoo,0.10203993055385678,True
SPX,european,SPXW260825C07810000,call,2026-08-13,7748.5,7810.0,2026-08-25,0.03707000017166138,0.013,0.10075896198272706,33.05,32.8,33.3,0.5,19.0,0.0,yahoo,0.10038658588551128,True
SPX,european,SPXW260825C07815000,call,2026-08-13,7748.5,7815.0,2026-08-25,0.03707000017166138,0.013,0.10027831493377685,31.15,30.9,31.4,0.5,7.0,0.0,yahoo,0.09997502287019283,True
SPX,european,SPXW260825C07820000,call,2026-08-13,7748.5,7820.0,2026-08-25,0.03707000017166138,0.013,0.10005325004577637,29.45,29.2,29.7,0.5,33.0,0.0,yahoo,0.09982022839726482,True
SPX,european,SPXW260825C07825000,call,2026-08-13,7748.5,7825.0,2026-08-25,0.03707000017166138,0.013,0.09930939151763915,27.55,27.3,27.8,0.5,16.0,0.0,yahoo,0.09913058068986523,True
SPX,european,SPXW260825C07830000,call,2026-08-13,7748.5,7830.0,2026-08-25,0.03707000017166138,0.013,0.09882111515045167,25.85,25.6,26.1,0.5,13.0,0.0,yahoo,0.09869853998059427,True
SPX,european,SPXW260825C07840000,call,2026-08-13,7748.5,7840.0,2026-08-25,0.03707000017166138,0.013,0.0982565456008911,22.85,22.6,23.1,0.5,55.0,0.0,yahoo,0.09824763456980483,True
SPX,european,SPXW260825C07850000,call,2026-08-13,7748.5,7850.0,2026-08-25,0.03707000017166138,0.013,0.0971541091156006,19.85,19.6,20.1,0.5,34.0,0.0,yahoo,0.09722581267691506,True
SPX,european,SPXW260825C07875000,call,2026-08-13,7748.5,7875.0,2026-08-25,0.03707000017166138,0.013,0.0952887408065796,13.95,13.8,14.1,0.29999999999999893,28.0,0.0,yahoo,0.09579844868055805,True
SPX,european,SPXW260825C07900000,call,2026-08-13,7748.5,7900.0,2026-08-25,0.03707000017166138,0.013,0.09434270534515381,9.600000000000001,9.4,9.8,0.40000000000000036,249.0,0.0,yahoo,0.0948560822326505,True
SPX,european,SPXW260825C07910000,call,2026-08-13,7748.5,7910.0,2026-08-25,0.03707000017166138,0.013,0.09397268341064452,8.2,8.0,8.4,0.40000000000000036,11.0,0.0,yahoo,0.09451658091304044,True
SPX,european,SPXW260825C07925000,call,2026-08-13,7748.5,7925.0,2026-08-25,0.03707000017166138,0.013,0.09380483840942383,6.5,6.3,6.7,0.40000000000000036,22.0,0.0,yahoo,0.09437560072416874,True
SPX,european,SPXW260825C07930000,call,2026-08-13,7748.5,7930.0,2026-08-25,0.03707000017166138,0.013,0.0937438038635254,6.0,5.8,6.2,0.40000000000000036,5.0,0.0,yahoo,0.09431792129737616,True
SPX,european,SPXW260825C07950000,call,2026-08-13,7748.5,7950.0,2026-08-25,0.03707000017166138,0.013,0.09400320068359375,4.449999999999999,4.3,4.6,0.2999999999999998,37.0,0.0,yahoo,0.09481087499550539,True
SPX,european,SPXW260825C07975000,call,2026-08-13,7748.5,7975.0,2026-08-25,0.03707000017166138,0.013,0.09423208023071289,2.95,2.8,3.1,0.30000000000000027,38.0,0.0,yahoo,0.0949897843246207,True
SPX,european,SPXW260825C08000000,call,2026-08-13,7748.5,8000.0,2026-08-25,0.03707000017166138,0.013,0.09531544342041016,2.05,1.95,2.15,0.19999999999999996,229.0,0.0,yahoo,0.09637656728305477,True
SPX,european,SPXW260825C08025000,call,2026-08-13,7748.5,8025.0,2026-08-25,0.03707000017166138,0.013,0.09769579071044923,1.5,1.4,1.6,0.20000000000000018,43.0,0.0,yahoo,0.09871081434540595,True
SPX,european,SPXW260825P07000000,put,2026-08-13,7748.5,7000.0,2026-08-25,0.03707000017166138,0.013,0.23169713623046873,1.025,0.95,1.1,0.15000000000000013,27.0,0.0,yahoo,0.24063733522100372,True
SPX,european,SPXW260825P07080000,put,2026-08-13,7748.5,7080.0,2026-08-25,0.03707000017166138,0.013,0.21451591156005856,1.275,1.2,1.35,0.15000000000000013,20.0,0.0,yahoo,0.22327328638081992,True
SPX,european,SPXW260825P07090000,put,2026-08-13,7748.5,7090.0,2026-08-25,0.03707000017166138,0.013,0.21265435791015624,1.325,1.25,1.4,0.1499999999999999,9.0,0.0,yahoo,0.2213920091179754,True
SPX,european,SPXW260825P07125000,put,2026-08-13,7748.5,7125.0,2026-08-25,0.03707000017166138,0.013,0.20526917785644527,1.475,1.4,1.55,0.15000000000000013,20.0,0.0,yahoo,0.21390259854188132,True
SPX,european,SPXW260825P07140000,put,2026-08-13,7748.5,7140.0,2026-08-25,0.03707000017166138,0.013,0.20261417510986324,1.5499999999999998,1.45,1.65,0.19999999999999996,11.0,0.0,yahoo,0.21075756673581567,True
SPX,european,SPXW260825P07150000,put,2026-08-13,7748.5,7150.0,2026-08-25,0.03707000017166138,0.013,0.20047796600341794,1.6,1.5,1.7,0.19999999999999996,9.0,0.0,yahoo,0.20860641596387564,True
SPX,european,SPXW260825P07160000,put,2026-08-13,7748.5,7160.0,2026-08-25,0.03707000017166138,0.013,0.19831123962402342,1.65,1.55,1.75,0.19999999999999996,10.0,0.0,yahoo,0.2064136620273392,True
SPX,european,SPXW260825P07170000,put,2026-08-13,7748.5,7170.0,2026-08-25,0.03707000017166138,0.013,0.1960834786987305,1.7000000000000002,1.6,1.8,0.19999999999999996,10.0,0.0,yahoo,0.20418082099788762,True
SPX,european,SPXW260825P07200000,put,2026-08-13,7748.5,7200.0,2026-08-25,0.03707000017166138,0.013,0.18927812683105472,1.875,1.8,1.95,0.1499999999999999,41.0,0.0,yahoo,0.19765189693854357,True
SPX,european,SPXW260825P07225000,put,2026-08-13,7748.5,7225.0,2026-08-25,0.03707000017166138,0.013,0.18439536315917968,2.05,1.95,2.15,0.19999999999999996,24.0,0.0,yahoo,0.19233801502164766,True
SPX,european,SPXW260825P07250000,put,2026-08-13,7748.5,7250.0,2026-08-25,0.03707000017166138,0.013,0.17914639221191403,2.25,2.15,2.35,0.20000000000000018,11.0,0.0,yahoo,0.1870431852704769,True
SPX,european,SPXW260825P07260000,put,2026-08-13,7748.5,7260.0,2026-08-25,0.03707000017166138,0.013,0.17720854537963865,2.35,2.25,2.45,0.20000000000000018,6.0,0.0,yahoo,0.1850832148271364,True
SPX,european,SPXW260825P07300000,put,2026-08-13,7748.5,7300.0,2026-08-25,0.03707000017166138,0.013,0.16829750167846685,2.7,2.6,2.8,0.19999999999999973,31.0,0.0,yahoo,0.17602352393175247,True
SPX,european,SPXW260825P07310000,put,2026-08-13,7748.5,7310.0,2026-08-25,0.03707000017166138,0.013,0.166573275756836,2.85,2.75,2.95,0.20000000000000018,6.0,0.0,yahoo,0.17429127368512184,True
SPX,european,SPXW260825P07320000,put,2026-08-13,7748.5,7320.0,2026-08-25,0.03707000017166138,0.013,0.1647422393798828,2.975,2.85,3.1,0.25,14.0,0.0,yahoo,0.17220717005815264,True
SPX,european,SPXW260825P07325000,put,2026-08-13,7748.5,7325.0,2026-08-25,0.03707000017166138,0.013,0.16404034210205082,3.05,2.9,3.2,0.30000000000000027,7.0,0.0,yahoo,0.17126140915005,True
SPX,european,SPXW260825P07330000,put,2026-08-13,7748.5,7330.0,2026-08-25,0.03707000017166138,0.013,0.16239240936279298,3.075,2.95,3.2,0.25,7.0,0.0,yahoo,0.16980609005907574,True
SPX,european,SPXW260825P07350000,put,2026-08-13,7748.5,7350.0,2026-08-25,0.03707000017166138,0.013,0.15836412933349608,3.35,3.2,3.5,0.2999999999999998,17.0,0.0,yahoo,0.16552887083645232,True
SPX,european,SPXW260825P07370000,put,2026-08-13,7748.5,7370.0,2026-08-25,0.03707000017166138,0.013,0.15404593521118165,3.65,3.5,3.8,0.2999999999999998,10.0,0.0,yahoo,0.161167285670836,True
SPX,european,SPXW260825P07375000,put,2026-08-13,7748.5,7375.0,2026-08-25,0.03707000017166138,0.013,0.15311515838623052,3.75,3.6,3.9,0.2999999999999998,5.0,0.0,yahoo,0.16023278993347911,True
SPX,european,SPXW260825P07400000,put,2026-08-13,7748.5,7400.0,2026-08-25,0.03707000017166138,0.013,0.1487511883544922,4.4,4.3,4.5,0.20000000000000018,29.0,0.0,yahoo,0.15625491854788123,True
SPX,european,SPXW260825P07410000,put,2026-08-13,7748.5,7410.0,2026-08-25,0.03707000017166138,0.013,0.14655394470214844,4.6,4.5,4.7,0.20000000000000018,12.0,0.0,yahoo,0.15401760539386272,True
SPX,european,SPXW260825P07420000,put,2026-08-13,7748.5,7420.0,2026-08-25,0.03707000017166138,0.013,0.14428040786743163,4.800000000000001,4.7,4.9,0.20000000000000018,23.0,0.0,yahoo,0.1516930523466715,True
SPX,european,SPXW260825P07430000,put,2026-08-13,7748.5,7430.0,2026-08-25,0.03707000017166138,0.013,0.14251040603637694,5.1,5.0,5.2,0.20000000000000018,9.0,0.0,yahoo,0.14991640339601361,True
SPX,european,SPXW260825P07440000,put,2026-08-13,7748.5,7440.0,2026-08-25,0.03707000017166138,0.013,0.1406259644317627,5.35,5.2,5.5,0.2999999999999998,62.0,0.0,yahoo,0.14770525865376827,True
SPX,european,SPXW260825P07450000,put,2026-08-13,7748.5,7450.0,2026-08-25,0.03707000017166138,0.013,0.13861945373535156,5.699999999999999,5.6,5.8,0.20000000000000018,134.0,0.0,yahoo,0.14596908981966517,True
SPX,european,SPXW260825P07460000,put,2026-08-13,7748.5,7460.0,2026-08-25,0.03707000017166138,0.013,0.13649850326538088,6.0,5.9,6.1,0.1999999999999993,61.0,0.0,yahoo,0.14381269427380247,True
SPX,european,SPXW260825P07470000,put,2026-08-13,7748.5,7470.0,2026-08-25,0.03707000017166138,0.013,0.1347590187072754,6.35,6.2,6.5,0.2999999999999998,70.0,0.0,yahoo,0.14180447989291994,True
SPX,european,SPXW260825P07475000,put,2026-08-13,7748.5,7475.0,2026-08-25,0.03707000017166138,0.013,0.13382824188232423,6.550000000000001,6.4,6.7,0.2999999999999998,51.0,0.0,yahoo,0.14087848239655898,True
SPX,european,SPXW260825P07490000,put,2026-08-13,7748.5,7490.0,2026-08-25,0.03707000017166138,0.013,0.13085280776977537,7.15,7.0,7.3,0.2999999999999998,53.0,0.0,yahoo,0.1378772136956736,True
SPX,european,SPXW260825P07500000,put,2026-08-13,7748.5,7500.0,2026-08-25,0.03707000017166138,0.013,0.1291209525299072,7.65,7.5,7.8,0.2999999999999998,102.0,0.0,yahoo,0.13615426592413557,True
SPX,european,SPXW260825P07510000,put,2026-08-13,7748.5,7510.0,2026-08-25,0.03707000017166138,0.013,0.12722888160705567,8.15,8.0,8.3,0.3000000000000007,12.0,0.0,yahoo,0.13425698846223375,True
SPX,european,SPXW260825P07520000,put,2026-08-13,7748.5,7520.0,2026-08-25,0.03707000017166138,0.013,0.12557331954956058,8.75,8.6,8.9,0.3000000000000007,7.0,0.0,yahoo,0.13260632998224758,True
SPX,european,SPXW260825P07525000,put,2026-08-13,7748.5,7525.0,2026-08-25,0.03707000017166138,0.013,0.1246730599975586,9.0,8.8,9.2,0.3999999999999986,242.0,0.0,yahoo,0.13150722743927737,True
SPX,european,SPXW260825P07530000,put,2026-08-13,7748.5,7530.0,2026-08-25,0.03707000017166138,0.013,0.12372702453613281,9.35,9.2,9.5,0.3000000000000007,26.0,0.0,yahoo,0.13076177188982818,True
SPX,european,SPXW260825P07550000,put,2026-08-13,7748.5,7550.0,2026-08-25,0.03707000017166138,0.013,0.12019465019226072,10.7,10.5,10.9,0.40000000000000036,36.0,0.0,yahoo,0.12706655212149157,True
SPX,european,SPXW260825P07575000,put,2026-08-13,7748.5,7575.0,2026-08-25,0.03707000017166138,0.013,0.11577346027374268,12.8,12.6,13.0,0.40000000000000036,5.0,0.0,yahoo,0.12269371255187853,True
SPX,european,SPXW260825P07580000,put,2026-08-13,7748.5,7580.0,2026-08-25,0.03707000017166138,0.013,0.11496475254058837,13.35,13.2,13.5,0.3000000000000007,9.0,0.0,yahoo,0.12205306607066972,True
SPX,european,SPXW260825P07590000,put,2026-08-13,7748.5,7590.0,2026-08-25,0.03707000017166138,0.013,0.11344270355224609,14.399999999999999,14.2,14.6,0.40000000000000036,10.0,0.0,yahoo,0.12041647459010416,True
SPX,european,SPXW260825P07600000,put,2026-08-13,7748.5,7600.0,2026-08-25,0.03707000017166138,0.013,0.11140186092376708,15.399999999999999,15.2,15.6,0.40000000000000036,57.0,0.0,yahoo,0.11838782068732362,True
SPX,european,SPXW260825P07605000,put,2026-08-13,7748.5,7605.0,2026-08-25,0.03707000017166138,0.013,0.11107380023956297,16.15,15.9,16.4,0.4999999999999982,13.0,0.0,yahoo,0.11797086811456406,True
SPX,european,SPXW260825P07610000,put,2026-08-13,7748.5,7610.0,2026-08-25,0.03707000017166138,0.013,0.11015065273284912,16.8,16.6,17.0,0.3999999999999986,8.0,0.0,yahoo,0.11720048758792387,True
SPX,european,SPXW260825P07620000,put,2026-08-13,7748.5,7620.0,2026-08-25,0.03707000017166138,0.013,0.10812125408172606,18.0,17.8,18.2,0.3999999999999986,6.0,0.0,yahoo,0.11519056904966937,True
SPX,european,SPXW260825P07625000,put,2026-08-13,7748.5,7625.0,2026-08-25,0.03707000017166138,0.013,0.10748420600891115,18.8,18.6,19.0,0.3999999999999986,237.0,0.0,yahoo,0.11459072316165585,True
SPX,european,SPXW260825P07630000,put,2026-08-13,7748.5,7630.0,2026-08-25,0.03707000017166138,0.013,0.10653817054748535,19.5,19.3,19.7,0.3999999999999986,16.0,0.0,yahoo,0.1136626803927122,True
SPX,european,SPXW260825P07640000,put,2026-08-13,7748.5,7640.0,2026-08-25,0.03707000017166138,0.013,0.10488642314910888,21.1,20.9,21.3,0.40000000000000213,32.0,0.0,yahoo,0.11206512870361349,True
SPX,european,SPXW260825P07645000,put,2026-08-13,7748.5,7645.0,2026-08-25,0.03707000017166138,0.013,0.10394420234680174,21.85,21.6,22.1,0.5,33.0,0.0,yahoo,0.11103325530983747,True
SPX,european,SPXW260825P07650000,put,2026-08-13,7748.5,7650.0,2026-08-25,0.03707000017166138,0.013,0.10336055950164792,22.85,22.6,23.1,0.5,60.0,0.0,yahoo,0.11049491149016101,True
SPX,european,SPXW260825P07655000,put,2026-08-13,7748.5,7655.0,2026-08-25,0.03707000017166138,0.013,0.10268536483764648,23.85,23.6,24.1,0.5,9.0,0.0,yahoo,0.10986377730014155,True
SPX,european,SPXW260825P07660000,put,2026-08-13,7748.5,7660.0,2026-08-25,0.03707000017166138,0.013,0.1015066351699829,24.65,24.4,24.9,0.5,6.0,0.0,yahoo,0.10870621232834227,True
SPX,european,SPXW260825P07675000,put,2026-08-13,7748.5,7675.0,2026-08-25,0.03707000017166138,0.013,0.0991148439025879,27.9,27.7,28.1,0.40000000000000213,12.0,0.0,yahoo,0.10655093259106777,True
SPX,european,SPXW260825P07680000,put,2026-08-13,7748.5,7680.0,2026-08-25,0.03707000017166138,0.013,0.09858842094421386,29.15,28.9,29.4,0.5,17.0,0.0,yahoo,0.10598697311717556,True
SPX,european,SPXW260825P07685000,put,2026-08-13,7748.5,7685.0,2026-08-25,0.03707000017166138,0.013,0.09776826923370362,30.4,30.2,30.6,0.40000000000000213,11.0,0.0,yahoo,0.10532179030733649,True
SPX,european,SPXW260825P07690000,put,2026-08-13,7748.5,7690.0,2026-08-25,0.03707000017166138,0.013,0.09685656570434573,31.55,31.3,31.8,0.5,32.0,0.0,yahoo,0.10435908873513217,True
SPX,european,SPXW260825P07700000,put,2026-08-13,7748.5,7700.0,2026-08-25,0.03707000017166138,0.013,0.09547375177383424,34.35,34.1,34.6,0.5,49.0,0.0,yahoo,0.10311465178272487,True
SPX,european,SPXW260825P07710000,put,2026-08-13,7748.5,7710.0,2026-08-25,0.03707000017166138,0.013,0.09402990329742432,37.35,37.1,37.6,0.5,23.0,0.0,yahoo,0.10182344793568363,True
SPX,european,SPXW260825P07720000,put,2026-08-13,7748.5,7720.0,2026-08-25,0.03707000017166138,0.013,0.09180214237213134,40.15,39.9,40.4,0.5,23.0,0.0,yahoo,0.09972613475913567,True
SPX,european,SPXW260825P07730000,put,2026-08-13,7748.5,7730.0,2026-08-25,0.03707000017166138,0.013,0.09017709758758545,43.55,43.3,43.8,0.5,54.0,0.0,yahoo,0.09828798334829711,True
SPX,european,SPXW260825P07735000,put,2026-08-13,7748.5,7735.0,2026-08-25,0.03707000017166138,0.013,0.08936076053619385,45.35,45.1,45.6,0.5,22.0,0.0,yahoo,0.09757239263065758,True
SPX,european,SPXW260825P07740000,put,2026-08-13,7748.5,7740.0,2026-08-25,0.03707000017166138,0.013,0.08893351871490479,47.45,47.2,47.7,0.5,22.0,0.0,yahoo,0.09727407792830076,True
SPX,european,SPXW260825P07750000,put,2026-08-13,7748.5,7750.0,2026-08-25,0.03707000017166138,0.013,0.0870033012008667,51.25,51.0,51.5,0.5,8.0,0.0,yahoo,0.09557971395970229,True
SPX,european,SPXW260825P07755000,put,2026-08-13,7748.5,7755.0,2026-08-25,0.03707000017166138,0.013,0.08704144779205324,53.85,53.6,54.1,0.5,9.0,0.0,yahoo,0.09578930856029924,True
SPX,european,SPXW260825P07775000,put,2026-08-13,7748.5,7775.0,2026-08-25,0.03707000017166138,0.013,0.08302842639923098,62.65,62.4,62.9,0.5,9.0,0.0,yahoo,0.09241912056586374,True
SPX,european,SPXW260825P07805000,put,2026-08-13,7748.5,7805.0,2026-08-25,0.03707000017166138,0.013,0.07809225749969483,79.15,78.9,79.4,0.5,5.0,0.0,yahoo,0.08900261605268982,True
SPX,european,SPXW260826C07000000,call,2026-08-13,7748.5,7000.0,2026-08-26,0.03707000017166138,0.013,0.3599688637542724,762.0999999999999,758.3,765.9,7.600000000000023,13.0,0.0,yahoo,0.318118600491459,True
SPX,european,SPXW260826C07050000,call,2026-08-13,7748.5,7050.0,2026-08-26,0.03707000017166138,0.013,0.3374547456359864,711.45,707.6,715.3,7.699999999999932,13.0,0.0,yahoo,0.2945381088439316,True
SPX,european,SPXW260826C07370000,call,2026-08-13,7748.5,7370.0,2026-08-26,0.03707000017166138,0.013,0.22380079185485838,395.9,392.4,399.4,7.0,7.0,0.0,yahoo,0.19822835646302958,True
SPX,european,SPXW260826C07375000,call,2026-08-13,7748.5,7375.0,2026-08-26,0.03707000017166138,0.013,0.22391523162841792,391.3,387.5,395.1,7.600000000000023,7.0,0.0,yahoo,0.1979607077545987,True
SPX,european,SPXW260826C07410000,call,2026-08-13,7748.5,7410.0,2026-08-26,0.03707000017166138,0.013,0.21121241676330563,357.15,353.4,360.9,7.5,15.0,0.0,yahoo,0.18714749609530232,True
SPX,european,SPXW260826C07425000,call,2026-08-13,7748.5,7425.0,2026-08-26,0.03707000017166138,0.013,0.20462068580627438,342.4,338.9,345.9,7.0,12.0,0.0,yahoo,0.18189511777336204,True
SPX,european,SPXW260826C07500000,call,2026-08-13,7748.5,7500.0,2026-08-26,0.03707000017166138,0.013,0.17182224670410157,270.4,269.6,271.2,1.599999999999966,17.0,0.0,yahoo,0.16017876872706044,True
SPX,european,SPXW260826C07510000,call,2026-08-13,7748.5,7510.0,2026-08-26,0.03707000017166138,0.013,0.17652953605651858,261.25,257.7,264.8,7.100000000000023,7.0,0.0,yahoo,0.15837181627605565,True
SPX,european,SPXW260826C07525000,call,2026-08-13,7748.5,7525.0,2026-08-26,0.03707000017166138,0.013,0.17209690216064455,247.4,243.9,250.9,7.0,20.0,0.0,yahoo,0.15499886790258846,True
SPX,european,SPXW260826C07550000,call,2026-08-13,7748.5,7550.0,2026-08-26,0.03707000017166138,0.013,0.16228178424835205,223.3,219.7,226.9,7.200000000000017,21.0,0.0,yahoo,0.14589372750710378,True
SPX,european,SPXW260826C07580000,call,2026-08-13,7748.5,7580.0,2026-08-26,0.03707000017166138,0.013,0.1521309763336182,196.7,194.3,199.1,4.799999999999983,188.0,0.0,yahoo,0.1402920072903239,True
SPX,european,SPXW260826C07615000,call,2026-08-13,7748.5,7615.0,2026-08-26,0.03707000017166138,0.013,0.14298342376708983,166.3,164.0,168.6,4.599999999999994,10.0,0.0,yahoo,0.1330757304513103,True
SPX,european,SPXW260826C07620000,call,2026-08-13,7748.5,7620.0,2026-08-26,0.03707000017166138,0.013,0.1410265036392212,161.65,159.3,164.0,4.699999999999989,10.0,0.0,yahoo,0.13115884574804998,True
SPX,european,SPXW260826C07670000,call,2026-08-13,7748.5,7670.0,2026-08-26,0.03707000017166138,0.013,0.13026916492462154,121.55000000000001,119.2,123.9,4.700000000000003,189.0,0.0,yahoo,0.12259111785690609,True
SPX,european,SPXW260826C07675000,call,2026-08-13,7748.5,7675.0,2026-08-26,0.03707000017166138,0.013,0.1285373096847534,117.30000000000001,114.9,119.7,4.799999999999997,15.0,0.0,yahoo,0.12090406506001163,True
SPX,european,SPXW260826C07680000,call,2026-08-13,7748.5,7680.0,2026-08-26,0.03707000017166138,0.013,0.1267520492172241,113.15,110.8,115.5,4.700000000000003,31.0,0.0,yahoo,0.11934836918870736,True
SPX,european,SPXW260826C07685000,call,2026-08-13,7748.5,7685.0,2026-08-26,0.03707000017166138,0.013,0.12315482566833497,110.05,109.8,110.3,0.5,7.0,0.0,yahoo,0.11969376998553904,True
SPX,european,SPXW260826C07690000,call,2026-08-13,7748.5,7690.0,2026-08-26,0.03707000017166138,0.013,0.12109872440338135,105.7,105.4,106.0,0.5999999999999943,10.0,0.0,yahoo,0.11762190124542854,True
SPX,european,SPXW260826C07695000,call,2026-08-13,7748.5,7695.0,2026-08-26,0.03707000017166138,0.013,0.12123223747253417,102.7,102.4,103.0,0.5999999999999943,16.0,0.0,yahoo,0.11796596550522757,True
SPX,european,SPXW260826C07700000,call,2026-08-13,7748.5,7700.0,2026-08-26,0.03707000017166138,0.013,0.12024805541992187,99.1,98.8,99.4,0.6000000000000085,23.0,0.0,yahoo,0.11711585451338659,True
SPX,european,SPXW260826C07705000,call,2026-08-13,7748.5,7705.0,2026-08-26,0.03707000017166138,0.013,0.1185009415435791,95.15,94.9,95.4,0.5,12.0,0.0,yahoo,0.11555212294777062,True
SPX,european,SPXW260826C07720000,call,2026-08-13,7748.5,7720.0,2026-08-26,0.03707000017166138,0.013,0.1163647324371338,85.25,85.0,85.5,0.5,14.0,0.0,yahoo,0.1138330031357432,True
SPX,european,SPXW260826C07730000,call,2026-08-13,7748.5,7730.0,2026-08-26,0.03707000017166138,0.013,0.11434487043380737,78.5,78.2,78.8,0.5999999999999943,5.0,0.0,yahoo,0.11195528488009726,True
SPX,european,SPXW260826C07735000,call,2026-08-13,7748.5,7735.0,2026-08-26,0.03707000017166138,0.013,0.11378411554336548,75.55,75.3,75.8,0.5,20.0,0.0,yahoo,0.11161037754998225,True
SPX,european,SPXW260826C07740000,call,2026-08-13,7748.5,7740.0,2026-08-26,0.03707000017166138,0.013,0.11296587116241456,72.45,72.2,72.7,0.5,27.0,0.0,yahoo,0.1109049209267522,True
SPX,european,SPXW260826C07745000,call,2026-08-13,7748.5,7745.0,2026-08-26,0.03707000017166138,0.013,0.11221819797515868,69.4,69.1,69.7,0.6000000000000085,54.0,0.0,yahoo,0.11018455624948105,True
SPX,european,SPXW260826C07750000,call,2026-08-13,7748.5,7750.0,2026-08-26,0.03707000017166138,0.013,0.1105511919403076,65.95,65.7,66.2,0.5,181.0,0.0,yahoo,0.10867484557396466,True
SPX,european,SPXW260826C07755000,call,2026-08-13,7748.5,7755.0,2026-08-26,0.03707000017166138,0.013,0.1106007825088501,63.55,63.3,63.8,0.5,113.0,0.0,yahoo,0.10886249586527352,True
SPX,european,SPXW260826C07760000,call,2026-08-13,7748.5,7760.0,2026-08-26,0.03707000017166138,0.013,0.10906728954315185,60.25,60.0,60.5,0.5,49.0,0.0,yahoo,0.10739902852568273,True
SPX,european,SPXW260826C07765000,call,2026-08-13,7748.5,7765.0,2026-08-26,0.03707000017166138,0.013,0.10925039318084716,58.0,57.7,58.3,0.5999999999999943,18.0,0.0,yahoo,0.10762814818870242,True
SPX,european,SPXW260826C07770000,call,2026-08-13,7748.5,7770.0,2026-08-26,0.03707000017166138,0.013,0.10817084465026855,55.15,54.9,55.4,0.5,48.0,0.0,yahoo,0.10671700391883863,True
SPX,european,SPXW260826C07775000,call,2026-08-13,7748.5,7775.0,2026-08-26,0.03707000017166138,0.013,0.10748420600891115,52.55,52.3,52.8,0.5,59.0,0.0,yahoo,0.10612324397460857,True
SPX,european,SPXW260826C07780000,call,2026-08-13,7748.5,7780.0,2026-08-26,0.03707000017166138,0.013,0.10685860191345214,50.05,49.8,50.3,0.5,10.0,0.0,yahoo,0.10558848151207235,True
SPX,european,SPXW260826C07790000,call,2026-08-13,7748.5,7790.0,2026-08-26,0.03707000017166138,0.013,0.10527933303833009,45.05,44.8,45.3,0.5,16.0,0.0,yahoo,0.10416841150502004,True
SPX,european,SPXW260826C07800000,call,2026-08-13,7748.5,7800.0,2026-08-26,0.03707000017166138,0.013,0.10444773735046384,40.75,40.5,41.0,0.5,52.0,0.0,yahoo,0.10350519319870884,True
SPX,european,SPXW260826C07805000,call,2026-08-13,7748.5,7805.0,2026-08-26,0.03707000017166138,0.013,0.10394801700592039,38.65,38.4,38.9,0.5,8.0,0.0,yahoo,0.10308531355478018,True
SPX,european,SPXW260826C07810000,call,2026-08-13,7748.5,7810.0,2026-08-26,0.03707000017166138,0.013,0.10333767154693602,36.599999999999994,36.4,36.8,0.3999999999999986,14.0,0.0,yahoo,0.10263453036026267,True
SPX,european,SPXW260826C07820000,call,2026-08-13,7748.5,7820.0,2026-08-26,0.03707000017166138,0.013,0.10265866222381591,32.85,32.6,33.1,0.5,23.0,0.0,yahoo,0.10201077659002962,True
SPX,european,SPXW260826C07825000,call,2026-08-13,7748.5,7825.0,2026-08-26,0.03707000017166138,0.013,0.10149709852218627,30.7,30.5,30.9,0.3999999999999986,21.0,0.0,yahoo,0.10098934324464878,True
SPX,european,SPXW260826C07830000,call,2026-08-13,7748.5,7830.0,2026-08-26,0.03707000017166138,0.013,0.10151044982910155,29.15,28.9,29.4,0.5,8.0,0.0,yahoo,0.1009822732338341,True
SPX,european,SPXW260826C07840000,call,2026-08-13,7748.5,7840.0,2026-08-26,0.03707000017166138,0.013,0.10023635368347167,25.7,25.5,25.9,0.3999999999999986,200.0,0.0,yahoo,0.09991260908745139,True
SPX,european,SPXW260826C07850000,call,2026-08-13,7748.5,7850.0,2026-08-26,0.03707000017166138,0.013,0.09964508152008057,22.8,22.6,23.0,0.3999999999999986,304.0,0.0,yahoo,0.09943356534200928,True
SPX,european,SPXW260826C07860000,call,2026-08-13,7748.5,7860.0,2026-08-26,0.03707000017166138,0.013,0.09919876640319825,20.2,20.0,20.4,0.3999999999999986,216.0,0.0,yahoo,0.09909114196667118,True
SPX,european,SPXW260826C07870000,call,2026-08-13,7748.5,7870.0,2026-08-26,0.03707000017166138,0.013,0.09848542514801024,17.7,17.5,17.9,0.3999999999999986,9.0,0.0,yahoo,0.09846210835911699,True
SPX,european,SPXW260826C07875000,call,2026-08-13,7748.5,7875.0,2026-08-26,0.03707000017166138,0.013,0.09781404514312746,16.4,16.2,16.6,0.40000000000000213,32.0,0.0,yahoo,0.09782123285603159,True
SPX,european,SPXW260826C07880000,call,2026-08-13,7748.5,7880.0,2026-08-26,0.03707000017166138,0.013,0.0974745404815674,15.35,15.2,15.5,0.3000000000000007,1558.0,0.0,yahoo,0.09764088009545761,True
SPX,european,SPXW260826C07890000,call,2026-08-13,7748.5,7890.0,2026-08-26,0.03707000017166138,0.013,0.09690234161376954,13.35,13.2,13.5,0.3000000000000007,13.0,0.0,yahoo,0.09714258768930271,True
SPX,european,SPXW260826C07900000,call,2026-08-13,7748.5,7900.0,2026-08-26,0.03707000017166138,0.013,0.09661624217987062,11.600000000000001,11.4,11.8,0.40000000000000036,198.0,0.0,yahoo,0.09678480400156933,True
SPX,european,SPXW260826C07910000,call,2026-08-13,7748.5,7910.0,2026-08-26,0.03707000017166138,0.013,0.09641406524658203,10.100000000000001,9.9,10.3,0.40000000000000036,154.0,0.0,yahoo,0.09663594825124942,True
SPX,european,SPXW260826C07920000,call,2026-08-13,7748.5,7920.0,2026-08-26,0.03707000017166138,0.013,0.09603641399383546,8.7,8.5,8.9,0.40000000000000036,25.0,0.0,yahoo,0.09629073168858916,True
SPX,european,SPXW260826C07925000,call,2026-08-13,7748.5,7925.0,2026-08-26,0.03707000017166138,0.013,0.09565113342285157,8.0,7.8,8.2,0.39999999999999947,356.0,0.0,yahoo,0.09591100999273353,True
SPX,european,SPXW260826C07930000,call,2026-08-13,7748.5,7930.0,2026-08-26,0.03707000017166138,0.013,0.09581897842407228,7.5,7.3,7.7,0.40000000000000036,112.0,0.0,yahoo,0.09609993080484092,True
SPX,european,SPXW260826C07950000,call,2026-08-13,7748.5,7950.0,2026-08-26,0.03707000017166138,0.013,0.09542225387573242,5.5,5.3,5.7,0.40000000000000036,84.0,0.0,yahoo,0.09570982570099575,True
SPX,european,SPXW260826C07975000,call,2026-08-13,7748.5,7975.0,2026-08-26,0.03707000017166138,0.013,0.09588001296997073,3.8,3.6,4.0,0.3999999999999999,179.0,0.0,yahoo,0.0961221925314334,True
SPX,european,SPXW260826C08000000,call,2026-08-13,7748.5,8000.0,2026-08-26,0.03707000017166138,0.013,0.09623096160888672,2.625,2.5,2.75,0.25,397.0,0.0,yahoo,0.0968509877645124,True
SPX,european,SPXW260826C08025000,call,2026-08-13,7748.5,8025.0,2026-08-26,0.03707000017166138,0.013,0.09783311843872072,1.875,1.75,2.0,0.25,51.0,0.0,yahoo,0.0983716095219417,True
SPX,european,SPXW260826C08050000,call,2026-08-13,7748.5,8050.0,2026-08-26,0.03707000017166138,0.013,0.10048812118530273,1.4500000000000002,1.35,1.55,0.19999999999999996,99.0,0.0,yahoo,0.10123604334665315,True
SPX,european,SPXW260826P06975000,put,2026-08-13,7748.5,6975.0,2026-08-26,0.03707000017166138,0.013,0.23395541442871093,1.175,1.1,1.25,0.1499999999999999,457.0,0.0,yahoo,0.24258666112252436,True
SPX,european,SPXW260826P07000000,put,2026-08-13,7748.5,7000.0,2026-08-26,0.03707000017166138,0.013,0.22925575439453127,1.275,1.2,1.35,0.15000000000000013,5.0,0.0,yahoo,0.2378890592926291,True
SPX,european,SPXW260826P07075000,put,2026-08-13,7748.5,7075.0,2026-08-26,0.03707000017166138,0.013,0.2148516015625,1.6,1.5,1.7,0.19999999999999996,15.0,0.0,yahoo,0.2228971264727096,True
SPX,european,SPXW260826P07100000,put,2026-08-13,7748.5,7100.0,2026-08-26,0.03707000017166138,0.013,0.20850400878906244,1.675,1.6,1.75,0.1499999999999999,17.0,0.0,yahoo,0.2168527291362258,True
SPX,european,SPXW260826P07240000,put,2026-08-13,7748.5,7240.0,2026-08-26,0.03707000017166138,0.013,0.18021449676513673,2.65,2.55,2.75,0.20000000000000018,25.0,0.0,yahoo,0.18785944513518504,True
SPX,european,SPXW260826P07250000,put,2026-08-13,7748.5,7250.0,2026-08-26,0.03707000017166138,0.013,0.1782003567504883,2.75,2.65,2.85,0.20000000000000018,6.0,0.0,yahoo,0.18581561387830275,True
SPX,european,SPXW260826P07260000,put,2026-08-13,7748.5,7260.0,2026-08-26,0.03707000017166138,0.013,0.1766287171936035,2.9,2.8,3.0,0.20000000000000018,9.0,0.0,yahoo,0.18425407086220125,True
SPX,european,SPXW260826P07300000,put,2026-08-13,7748.5,7300.0,2026-08-26,0.03707000017166138,0.013,0.16866370895385746,3.4,3.3,3.5,0.20000000000000018,16.0,0.0,yahoo,0.17619145535803277,True
SPX,european,SPXW260826P07330000,put,2026-08-13,7748.5,7330.0,2026-08-26,0.03707000017166138,0.013,0.16227034027099607,3.8,3.7,3.9,0.19999999999999973,7.0,0.0,yahoo,0.16970023387742522,True
SPX,european,SPXW260826P07350000,put,2026-08-13,7748.5,7350.0,2026-08-26,0.03707000017166138,0.013,0.15869981933593752,4.199999999999999,4.1,4.3,0.20000000000000018,30.0,0.0,yahoo,0.16609741693043992,True
SPX,european,SPXW260826P07375000,put,2026-08-13,7748.5,7375.0,2026-08-26,0.03707000017166138,0.013,0.15438162521362309,4.75,4.6,4.9,0.3000000000000007,314.0,0.0,yahoo,0.1614235797821488,True
SPX,european,SPXW260826P07400000,put,2026-08-13,7748.5,7400.0,2026-08-26,0.03707000017166138,0.013,0.14947597358703615,5.35,5.2,5.5,0.2999999999999998,172.0,0.0,yahoo,0.15648492166310887,True
SPX,european,SPXW260826P07410000,put,2026-08-13,7748.5,7410.0,2026-08-26,0.03707000017166138,0.013,0.14713377288818358,5.6,5.5,5.7,0.20000000000000018,12.0,0.0,yahoo,0.15440542280064026,True
SPX,european,SPXW260826P07420000,put,2026-08-13,7748.5,7420.0,2026-08-26,0.03707000017166138,0.013,0.14526458992004396,5.85,5.7,6.0,0.2999999999999998,25.0,0.0,yahoo,0.15223379765939327,True
SPX,european,SPXW260826P07425000,put,2026-08-13,7748.5,7425.0,2026-08-26,0.03707000017166138,0.013,0.14402864036560056,6.0,5.9,6.1,0.1999999999999993,35.0,0.0,yahoo,0.1512546871803952,True
SPX,european,SPXW260826P07430000,put,2026-08-13,7748.5,7430.0,2026-08-26,0.03707000017166138,0.013,0.14380739013671873,6.25,6.1,6.4,0.3000000000000007,47.0,0.0,yahoo,0.15079438218548386,True
SPX,european,SPXW260826P07440000,put,2026-08-13,7748.5,7440.0,2026-08-26,0.03707000017166138,0.013,0.1412210512542725,6.5,6.4,6.6,0.1999999999999993,45.0,0.0,yahoo,0.14841901244435016,True
SPX,european,SPXW260826P07450000,put,2026-08-13,7748.5,7450.0,2026-08-26,0.03707000017166138,0.013,0.13999273101806642,6.9,6.7,7.1,0.39999999999999947,163.0,0.0,yahoo,0.14671713927150534,True
SPX,european,SPXW260826P07460000,put,2026-08-13,7748.5,7460.0,2026-08-26,0.03707000017166138,0.013,0.13814643600463866,7.3,7.1,7.5,0.40000000000000036,36.0,0.0,yahoo,0.14487686487736814,True
SPX,european,SPXW260826P07470000,put,2026-08-13,7748.5,7470.0,2026-08-26,0.03707000017166138,0.013,0.13617807189941405,7.7,7.5,7.9,0.40000000000000036,215.0,0.0,yahoo,0.14290561646261227,True
SPX,european,SPXW260826P07475000,put,2026-08-13,7748.5,7475.0,2026-08-26,0.03707000017166138,0.013,0.13514811393737797,7.949999999999999,7.8,8.1,0.2999999999999998,123.0,0.0,yahoo,0.1420970535340567,True
SPX,european,SPXW260826P07480000,put,2026-08-13,7748.5,7480.0,2026-08-26,0.03707000017166138,0.013,0.13450725120544435,8.2,8.0,8.4,0.40000000000000036,32.0,0.0,yahoo,0.1412482576451692,True
SPX,european,SPXW260826P07490000,put,2026-08-13,7748.5,7490.0,2026-08-26,0.03707000017166138,0.013,0.1326838441467285,8.7,8.5,8.9,0.40000000000000036,29.0,0.0,yahoo,0.13943468248530788,True
SPX,european,SPXW260826P07500000,put,2026-08-13,7748.5,7500.0,2026-08-26,0.03707000017166138,0.013,0.1307231093597412,9.25,9.1,9.4,0.3000000000000007,258.0,0.0,yahoo,0.13767323343193452,True
SPX,european,SPXW260826P07510000,put,2026-08-13,7748.5,7510.0,2026-08-26,0.03707000017166138,0.013,0.12898743946075442,9.8,9.6,10.0,0.40000000000000036,32.0,0.0,yahoo,0.1357540777730741,True
SPX,european,SPXW260826P07520000,put,2026-08-13,7748.5,7520.0,2026-08-26,0.03707000017166138,0.013,0.12709536853790282,10.45,10.3,10.6,0.29999999999999893,36.0,0.0,yahoo,0.13405072857563155,True
SPX,european,SPXW260826P07525000,put,2026-08-13,7748.5,7525.0,2026-08-26,0.03707000017166138,0.013,0.12642780319213864,10.8,10.6,11.0,0.40000000000000036,92.0,0.0,yahoo,0.13322238592873223,True
SPX,european,SPXW260826P07530000,put,2026-08-13,7748.5,7530.0,2026-08-26,0.03707000017166138,0.013,0.12571064727783204,11.2,11.0,11.4,0.40000000000000036,74.0,0.0,yahoo,0.13252200724769098,True
SPX,european,SPXW260826P07540000,put,2026-08-13,7748.5,7540.0,2026-08-26,0.03707000017166138,0.013,0.12381094703674317,11.899999999999999,11.7,12.1,0.40000000000000036,94.0,0.0,yahoo,0.13063088839929649,True
SPX,european,SPXW260826P07550000,put,2026-08-13,7748.5,7550.0,2026-08-26,0.03707000017166138,0.013,0.12205238918304444,12.7,12.5,12.9,0.40000000000000036,208.0,0.0,yahoo,0.12888762449525765,True
SPX,european,SPXW260826P07560000,put,2026-08-13,7748.5,7560.0,2026-08-26,0.03707000017166138,0.013,0.12011072769165038,13.55,13.4,13.7,0.29999999999999893,36.0,0.0,yahoo,0.1271062414707553,True
SPX,european,SPXW260826P07570000,put,2026-08-13,7748.5,7570.0,2026-08-26,0.03707000017166138,0.013,0.11854290279388428,14.5,14.3,14.7,0.3999999999999986,47.0,0.0,yahoo,0.12542225350649203,True
SPX,european,SPXW260826P07575000,put,2026-08-13,7748.5,7575.0,2026-08-26,0.03707000017166138,0.013,0.11768078983306884,15.0,14.8,15.2,0.3999999999999986,61.0,0.0,yahoo,0.12457205411515825,True
SPX,european,SPXW260826P07580000,put,2026-08-13,7748.5,7580.0,2026-08-26,0.03707000017166138,0.013,0.11649824550628664,15.399999999999999,15.2,15.6,0.40000000000000036,347.0,0.0,yahoo,0.12338694096072063,True
SPX,european,SPXW260826P07585000,put,2026-08-13,7748.5,7585.0,2026-08-26,0.03707000017166138,0.013,0.11605574504852294,16.1,15.9,16.3,0.40000000000000036,8.0,0.0,yahoo,0.1229833095446165,True
SPX,european,SPXW260826P07590000,put,2026-08-13,7748.5,7590.0,2026-08-26,0.03707000017166138,0.013,0.11503341640472413,16.55,16.3,16.8,0.5,19.0,0.0,yahoo,0.12183316440781142,True
SPX,european,SPXW260826P07600000,put,2026-08-13,7748.5,7600.0,2026-08-26,0.03707000017166138,0.013,0.11332826377868652,17.8,17.6,18.0,0.3999999999999986,110.0,0.0,yahoo,0.12029848009823108,True
SPX,european,SPXW260826P07605000,put,2026-08-13,7748.5,7605.0,2026-08-26,0.03707000017166138,0.013,0.11263018115997313,18.5,18.3,18.7,0.3999999999999986,29.0,0.0,yahoo,0.11962620774488109,True
SPX,european,SPXW260826P07610000,put,2026-08-13,7748.5,7610.0,2026-08-26,0.03707000017166138,0.013,0.1120961288833618,19.25,19.0,19.5,0.5,242.0,0.0,yahoo,0.11900880159900559,True
SPX,european,SPXW260826P07615000,put,2026-08-13,7748.5,7615.0,2026-08-26,0.03707000017166138,0.013,0.11080295944213867,19.8,19.6,20.0,0.3999999999999986,11.0,0.0,yahoo,0.11783574936371063,True
SPX,european,SPXW260826P07620000,put,2026-08-13,7748.5,7620.0,2026-08-26,0.03707000017166138,0.013,0.10991414386749267,20.5,20.3,20.7,0.3999999999999986,545.0,0.0,yahoo,0.11696733965710572,True
SPX,european,SPXW260826P07625000,put,2026-08-13,7748.5,7625.0,2026-08-26,0.03707000017166138,0.013,0.10940297954559326,21.4,21.2,21.6,0.40000000000000213,80.0,0.0,yahoo,0.11650016438884626,True
SPX,european,SPXW260826P07630000,put,2026-08-13,7748.5,7630.0,2026-08-26,0.03707000017166138,0.013,0.10881552204132079,22.3,22.1,22.5,0.3999999999999986,48.0,0.0,yahoo,0.11595168200004656,True
SPX,european,SPXW260826P07635000,put,2026-08-13,7748.5,7635.0,2026-08-26,0.03707000017166138,0.013,0.10793815044403075,23.1,22.9,23.3,0.40000000000000213,12.0,0.0,yahoo,0.11510043570291634,True
SPX,european,SPXW260826P07640000,put,2026-08-13,7748.5,7640.0,2026-08-26,0.03707000017166138,0.013,0.10699211498260498,23.85,23.6,24.1,0.5,223.0,0.0,yahoo,0.11407004811025961,True
SPX,european,SPXW260826P07645000,put,2026-08-13,7748.5,7645.0,2026-08-26,0.03707000017166138,0.013,0.1059812303161621,24.65,24.4,24.9,0.5,17.0,0.0,yahoo,0.11308318262885163,True
SPX,european,SPXW260826P07650000,put,2026-08-13,7748.5,7650.0,2026-08-26,0.03707000017166138,0.013,0.10550821258544921,25.8,25.6,26.0,0.3999999999999986,787.0,0.0,yahoo,0.11277198058358814,True
SPX,european,SPXW260826P07660000,put,2026-08-13,7748.5,7660.0,2026-08-26,0.03707000017166138,0.013,0.10352840450286864,27.55,27.3,27.8,0.5,37.0,0.0,yahoo,0.11074646593519126,True
SPX,european,SPXW260826P07665000,put,2026-08-13,7748.5,7665.0,2026-08-26,0.03707000017166138,0.013,0.10262051563262937,28.6,28.4,28.8,0.40000000000000213,5.0,0.0,yahoo,0.10998097023219476,True
SPX,european,SPXW260826P07670000,put,2026-08-13,7748.5,7670.0,2026-08-26,0.03707000017166138,0.013,0.10220471778869628,29.85,29.6,30.1,0.5,220.0,0.0,yahoo,0.10953199524727676,True
SPX,european,SPXW260826P07675000,put,2026-08-13,7748.5,7675.0,2026-08-26,0.03707000017166138,0.013,0.10113661323547363,30.85,30.6,31.1,0.5,113.0,0.0,yahoo,0.10850053335865993,True
SPX,european,SPXW260826P07680000,put,2026-08-13,7748.5,7680.0,2026-08-26,0.03707000017166138,0.013,0.1005453410720825,32.15,31.9,32.4,0.5,153.0,0.0,yahoo,0.10797165419954541,True
SPX,european,SPXW260826P07685000,put,2026-08-13,7748.5,7685.0,2026-08-26,0.03707000017166138,0.013,0.09986251708984376,33.5,33.3,33.7,0.4000000000000057,20.0,0.0,yahoo,0.10744501677269905,True
SPX,european,SPXW260826P07690000,put,2026-08-13,7748.5,7690.0,2026-08-26,0.03707000017166138,0.013,0.098729563331604,34.55,34.3,34.8,0.5,12.0,0.0,yahoo,0.1062597729907392,True
SPX,european,SPXW260826P07695000,put,2026-08-13,7748.5,7695.0,2026-08-26,0.03707000017166138,0.013,0.09804673934936525,35.95,35.7,36.2,0.5,24.0,0.0,yahoo,0.10564516988299151,True
SPX,european,SPXW260826P07700000,put,2026-08-13,7748.5,7700.0,2026-08-26,0.03707000017166138,0.013,0.09709307456970215,37.3,37.1,37.5,0.3999999999999986,99.0,0.0,yahoo,0.10484314341749805,True
SPX,european,SPXW260826P07705000,put,2026-08-13,7748.5,7705.0,2026-08-26,0.03707000017166138,0.013,0.09674212593078615,38.95,38.7,39.2,0.5,14.0,0.0,yahoo,0.1044929395755715,True
SPX,european,SPXW260826P07710000,put,2026-08-13,7748.5,7710.0,2026-08-26,0.03707000017166138,0.013,0.09611270717620851,40.55,40.3,40.8,0.5,52.0,0.0,yahoo,0.10394845653421851,True
SPX,european,SPXW260826P07715000,put,2026-08-13,7748.5,7715.0,2026-08-26,0.03707000017166138,0.013,0.09521244762420657,42.0,41.7,42.3,0.5999999999999943,23.0,0.0,yahoo,0.10303488673410117,True
SPX,european,SPXW260826P07720000,put,2026-08-13,7748.5,7720.0,2026-08-26,0.03707000017166138,0.013,0.09421300693511962,43.55,43.3,43.8,0.5,107.0,0.0,yahoo,0.10220065721010677,True
SPX,european,SPXW260826P07725000,put,2026-08-13,7748.5,7725.0,2026-08-26,0.03707000017166138,0.013,0.09361410545349122,45.3,45.0,45.6,0.6000000000000014,171.0,0.0,yahoo,0.1016161412147515,True
SPX,european,SPXW260826P07730000,put,2026-08-13,7748.5,7730.0,2026-08-26,0.03707000017166138,0.013,0.09240867317199705,46.85,46.6,47.1,0.5,111.0,0.0,yahoo,0.10057621213412873,True
SPX,european,SPXW260826P07740000,put,2026-08-13,7748.5,7740.0,2026-08-26,0.03707000017166138,0.013,0.09099724929809572,50.599999999999994,50.3,50.9,0.6000000000000014,112.0,0.0,yahoo,0.09930471568224802,True
SPX,european,SPXW260826P07745000,put,2026-08-13,7748.5,7745.0,2026-08-26,0.03707000017166138,0.013,0.09011987770080568,52.55,52.3,52.8,0.5,102.0,0.0,yahoo,0.09863022367789258,True
SPX,european,SPXW260826P07750000,put,2026-08-13,7748.5,7750.0,2026-08-26,0.03707000017166138,0.013,0.08978609502792359,54.8,54.5,55.1,0.6000000000000014,423.0,0.0,yahoo,0.09835605312516053,True
SPX,european,SPXW260826P07755000,put,2026-08-13,7748.5,7755.0,2026-08-26,0.03707000017166138,0.013,0.0891662129211426,57.05,56.8,57.3,0.5,15.0,0.0,yahoo,0.09796404510122955,True
SPX,european,SPXW260826P07760000,put,2026-08-13,7748.5,7760.0,2026-08-26,0.03707000017166138,0.013,0.08825450939178468,59.099999999999994,58.8,59.4,0.6000000000000014,33.0,0.0,yahoo,0.09711006305070498,True
SPX,european,SPXW260826P07765000,put,2026-08-13,7748.5,7765.0,2026-08-26,0.03707000017166138,0.013,0.08705098443984988,61.15,60.9,61.4,0.5,65.0,0.0,yahoo,0.09613435620328141,True
SPX,european,SPXW260826P07770000,put,2026-08-13,7748.5,7770.0,2026-08-26,0.03707000017166138,0.013,0.08671338710784914,63.75,63.5,64.0,0.5,47.0,0.0,yahoo,0.09598060506696164,True
SPX,european,SPXW260826P07790000,put,2026-08-13,7748.5,7790.0,2026-08-26,0.03707000017166138,0.013,0.08298265048980714,73.55,73.3,73.8,0.5,21.0,0.0,yahoo,0.09305456506732494,True
SPX,european,SPXW260826P07800000,put,2026-08-13,7748.5,7800.0,2026-08-26,0.03707000017166138,0.013,0.08161318786621095,79.2,78.9,79.5,0.5999999999999943,22.0,0.0,yahoo,0.09210972436102789,True
SPX,european,SPXW260826P07825000,put,2026-08-13,7748.5,7825.0,2026-08-26,0.03707000017166138,0.013,0.07724921783447267,94.5,94.2,94.8,0.5999999999999943,40.0,0.0,yahoo,0.0894552976740846,True
SPX,european,SPXW260826P07830000,put,2026-08-13,7748.5,7830.0,2026-08-26,0.03707000017166138,0.013,0.07524270713806155,97.3,97.0,97.6,0.5999999999999943,6.0,0.0,yahoo,0.08793797236371745,True
SPX,european,SPXW260826P07840000,put,2026-08-13,7748.5,7840.0,2026-08-26,0.03707000017166138,0.013,0.07777945545196534,104.15,101.8,106.5,4.700000000000003,24.0,0.0,yahoo,0.08691643065589622,True
SPX,european,SPXW260826P07850000,put,2026-08-13,7748.5,7850.0,2026-08-26,0.03707000017166138,0.013,0.07577675941467288,111.3,109.0,113.6,4.599999999999994,24.0,0.0,yahoo,0.08589822334025175,True
SPX,european,SPXW260827C07100000,call,2026-08-13,7748.5,7100.0,2026-08-27,0.03707000017166138,0.013,0.31661907752990726,663.95,660.4,667.5,7.100000000000023,13.0,0.0,yahoo,0.28012085767169387,True
SPX,european,SPXW260827C07350000,call,2026-08-13,7748.5,7350.0,2026-08-27,0.03707000017166138,0.013,0.2304344840621948,417.8,414.3,421.3,7.0,25.0,0.0,yahoo,0.20507838874935397,True
SPX,european,SPXW260827C07370000,call,2026-08-13,7748.5,7370.0,2026-08-27,0.03707000017166138,0.013,0.22238173866271968,397.6,393.8,401.4,7.599999999999966,33.0,0.0,yahoo,0.1963451249018414,True
SPX,european,SPXW260827C07380000,call,2026-08-13,7748.5,7380.0,2026-08-27,0.03707000017166138,0.013,0.2217485052490234,388.85,385.1,392.6,7.5,5.0,0.0,yahoo,0.19731996754025025,True
SPX,european,SPXW260827C07400000,call,2026-08-13,7748.5,7400.0,2026-08-27,0.03707000017166138,0.013,0.21523688213348385,369.55,365.8,373.3,7.5,75.0,0.0,yahoo,0.19185714659127537,True
SPX,european,SPXW260827C07460000,call,2026-08-13,7748.5,7460.0,2026-08-27,0.03707000017166138,0.013,0.19309278594970702,311.05,307.3,314.8,7.5,5.0,0.0,yahoo,0.17215173473665732,True
SPX,european,SPXW260827C07525000,call,2026-08-13,7748.5,7525.0,2026-08-27,0.03707000017166138,0.013,0.17346255012512207,250.35,246.7,254.0,7.300000000000011,15.0,0.0,yahoo,0.15644672039928198,True
SPX,european,SPXW260827C07550000,call,2026-08-13,7748.5,7550.0,2026-08-27,0.03707000017166138,0.013,0.16803047554016118,228.45,224.9,232.0,7.099999999999994,15.0,0.0,yahoo,0.1528995916237478,True
SPX,european,SPXW260827C07570000,call,2026-08-13,7748.5,7570.0,2026-08-27,0.03707000017166138,0.013,0.16205671936035154,210.35000000000002,206.8,213.9,7.099999999999994,5.0,0.0,yahoo,0.14787097200598004,True
SPX,european,SPXW260827C07670000,call,2026-08-13,7748.5,7670.0,2026-08-27,0.03707000017166138,0.013,0.13569361019134524,127.19999999999999,124.8,129.6,4.799999999999997,6.0,0.0,yahoo,0.12794883049682887,True
SPX,european,SPXW260827C07680000,call,2026-08-13,7748.5,7680.0,2026-08-27,0.03707000017166138,0.013,0.131131277885437,120.3,120.0,120.6,0.5999999999999943,15.0,0.0,yahoo,0.12734238965136907,True
SPX,european,SPXW260827C07700000,call,2026-08-13,7748.5,7700.0,2026-08-27,0.03707000017166138,0.013,0.12724795490264895,105.85,105.6,106.1,0.5,29.0,0.0,yahoo,0.12406199108289791,True
SPX,european,SPXW260827C07710000,call,2026-08-13,7748.5,7710.0,2026-08-27,0.03707000017166138,0.013,0.12547795307159426,98.9,98.6,99.2,0.6000000000000085,15.0,0.0,yahoo,0.1224524019990274,True
SPX,european,SPXW260827C07725000,call,2026-08-13,7748.5,7725.0,2026-08-27,0.03707000017166138,0.013,0.12203903787612916,88.35,88.0,88.7,0.7000000000000028,13.0,0.0,yahoo,0.11924339159998289,True
SPX,european,SPXW260827C07735000,call,2026-08-13,7748.5,7735.0,2026-08-27,0.03707000017166138,0.013,0.12065622394561769,82.2,81.9,82.5,0.5999999999999943,13.0,0.0,yahoo,0.11817744484176404,True
SPX,european,SPXW260827C07750000,call,2026-08-13,7748.5,7750.0,2026-08-27,0.03707000017166138,0.013,0.11844753631591798,73.2,72.9,73.5,0.5999999999999943,141.0,0.0,yahoo,0.11628881698897367,True
SPX,european,SPXW260827C07755000,call,2026-08-13,7748.5,7755.0,2026-08-27,0.03707000017166138,0.013,0.11818432483673096,70.65,70.4,70.9,0.5,91.0,0.0,yahoo,0.11622167137615629,True
SPX,european,SPXW260827C07760000,call,2026-08-13,7748.5,7760.0,2026-08-27,0.03707000017166138,0.013,0.11767316051483155,67.9,67.6,68.2,0.6000000000000085,22.0,0.0,yahoo,0.11573078841335062,True
SPX,european,SPXW260827C07765000,call,2026-08-13,7748.5,7765.0,2026-08-27,0.03707000017166138,0.013,0.11659361198425294,64.9,64.6,65.2,0.6000000000000085,12.0,0.0,yahoo,0.11473241279015592,True
SPX,european,SPXW260827C07770000,call,2026-08-13,7748.5,7770.0,2026-08-27,0.03707000017166138,0.013,0.11622359004974366,62.400000000000006,62.1,62.7,0.6000000000000014,65.0,0.0,yahoo,0.11446563594525731,True
SPX,european,SPXW260827C07775000,call,2026-08-13,7748.5,7775.0,2026-08-27,0.03707000017166138,0.013,0.11528518390655519,59.599999999999994,59.3,59.9,0.6000000000000014,43.0,0.0,yahoo,0.11360491846974274,True
SPX,european,SPXW260827C07790000,call,2026-08-13,7748.5,7790.0,2026-08-27,0.03707000017166138,0.013,0.11351518207550047,52.2,51.9,52.5,0.6000000000000014,7.0,0.0,yahoo,0.1120904961514785,True
SPX,european,SPXW260827C07800000,call,2026-08-13,7748.5,7800.0,2026-08-27,0.03707000017166138,0.013,0.1122410859298706,47.55,47.3,47.8,0.5,32.0,0.0,yahoo,0.11105098765543352,True
SPX,european,SPXW260827C07810000,call,2026-08-13,7748.5,7810.0,2026-08-27,0.03707000017166138,0.013,0.11140567558288572,43.35,43.1,43.6,0.5,50.0,0.0,yahoo,0.11036791768259907,True
SPX,european,SPXW260827C07820000,call,2026-08-13,7748.5,7820.0,2026-08-27,0.03707000017166138,0.013,0.11016972602844238,39.15,38.9,39.4,0.5,9.0,0.0,yahoo,0.1092630528085329,True
SPX,european,SPXW260827C07830000,call,2026-08-13,7748.5,7830.0,2026-08-27,0.03707000017166138,0.013,0.10921224658966062,35.35,35.1,35.6,0.5,14.0,0.0,yahoo,0.10843327287875894,True
SPX,european,SPXW260827C07840000,call,2026-08-13,7748.5,7840.0,2026-08-27,0.03707000017166138,0.013,0.1087430435180664,32.05,31.8,32.3,0.49999999999999645,32.0,0.0,yahoo,0.10809034409107363,True
SPX,european,SPXW260827C07850000,call,2026-08-13,7748.5,7850.0,2026-08-27,0.03707000017166138,0.013,0.10729728771209716,28.45,28.2,28.7,0.5,35.0,0.0,yahoo,0.1067379931677121,True
SPX,european,SPXW260827C07860000,call,2026-08-13,7748.5,7860.0,2026-08-27,0.03707000017166138,0.013,0.10674034748077395,25.55,25.3,25.8,0.5,6.0,0.0,yahoo,0.10628463299161066,True
SPX,european,SPXW260827C07875000,call,2026-08-13,7748.5,7875.0,2026-08-27,0.03707000017166138,0.013,0.10560739372253417,21.5,21.3,21.7,0.3999999999999986,26.0,0.0,yahoo,0.1053888839337931,True
SPX,european,SPXW260827C07880000,call,2026-08-13,7748.5,7880.0,2026-08-27,0.03707000017166138,0.013,0.10535944087982178,20.3,20.1,20.5,0.3999999999999986,31.0,0.0,yahoo,0.10518649448403458,True
SPX,european,SPXW260827C07900000,call,2026-08-13,7748.5,7900.0,2026-08-27,0.03707000017166138,0.013,0.10419596984863279,15.9,15.7,16.1,0.40000000000000213,16.0,0.0,yahoo,0.10416644373439289,True
SPX,european,SPXW260827C07950000,call,2026-08-13,7748.5,7950.0,2026-08-27,0.03707000017166138,0.013,0.10214368324279785,8.2,8.0,8.4,0.40000000000000036,24.0,0.0,yahoo,0.10232132291099832,True
SPX,european,SPXW260827C07975000,call,2026-08-13,7748.5,7975.0,2026-08-27,0.03707000017166138,0.013,0.10179273460388183,5.85,5.7,6.0,0.2999999999999998,7.0,0.0,yahoo,0.10220713700889368,True
SPX,european,SPXW260827C08000000,call,2026-08-13,7748.5,8000.0,2026-08-27,0.03707000017166138,0.013,0.10196820892333984,4.15,4.0,4.3,0.2999999999999998,32.0,0.0,yahoo,0.10238765832128637,True
SPX,european,SPXW260827C08025000,call,2026-08-13,7748.5,8025.0,2026-08-27,0.03707000017166138,0.013,0.10320415847778319,3.05,2.9,3.2,0.30000000000000027,5.0,0.0,yahoo,0.10360371213562453,True
SPX,european,SPXW260827C08050000,call,2026-08-13,7748.5,8050.0,2026-08-27,0.03707000017166138,0.013,0.10427226303100584,2.225,2.1,2.35,0.25,54.0,0.0,yahoo,0.10478549956328159,True
SPX,european,SPXW260827C08075000,call,2026-08-13,7748.5,8075.0,2026-08-27,0.03707000017166138,0.013,0.10617959259033202,1.7000000000000002,1.6,1.8,0.19999999999999996,29.0,0.0,yahoo,0.1068683249419624,True
SPX,european,SPXW260827C08100000,call,2026-08-13,7748.5,8100.0,2026-08-27,0.03707000017166138,0.013,0.10892614715576171,1.35,1.25,1.45,0.19999999999999996,9.0,0.0,yahoo,0.1095647069862914,True
SPX,european,SPXW260827P06800000,put,2026-08-13,7748.5,6800.0,2026-08-27,0.03707000017166138,0.013,0.2706371765136719,1.075,1.0,1.15,0.1499999999999999,16.0,0.0,yahoo,0.2795905328848768,True
SPX,european,SPXW260827P07175000,put,2026-08-13,7748.5,7175.0,2026-08-27,0.03707000017166138,0.013,0.19722787643432615,2.975,2.85,3.1,0.25,10.0,0.0,yahoo,0.20482232481328122,True
SPX,european,SPXW260827P07200000,put,2026-08-13,7748.5,7200.0,2026-08-27,0.03707000017166138,0.013,0.1926960614013672,3.25,3.1,3.4,0.2999999999999998,33.0,0.0,yahoo,0.20002264601522315,True
SPX,european,SPXW260827P07210000,put,2026-08-13,7748.5,7210.0,2026-08-27,0.03707000017166138,0.013,0.19059036956787112,3.35,3.2,3.5,0.2999999999999998,8.0,0.0,yahoo,0.19790856001296087,True
SPX,european,SPXW260827P07220000,put,2026-08-13,7748.5,7220.0,2026-08-27,0.03707000017166138,0.013,0.18845416046142577,3.45,3.3,3.6,0.30000000000000027,8.0,0.0,yahoo,0.19575010154439015,True
SPX,european,SPXW260827P07225000,put,2026-08-13,7748.5,7225.0,2026-08-27,0.03707000017166138,0.013,0.1878285563659668,3.55,3.4,3.7,0.30000000000000027,17.0,0.0,yahoo,0.19513473845245502,True
SPX,european,SPXW260827P07230000,put,2026-08-13,7748.5,7230.0,2026-08-27,0.03707000017166138,0.013,0.18628743408203124,3.55,3.4,3.7,0.30000000000000027,21.0,0.0,yahoo,0.1935486216308744,True
SPX,european,SPXW260827P07250000,put,2026-08-13,7748.5,7250.0,2026-08-27,0.03707000017166138,0.013,0.18264061996459957,3.85,3.7,4.0,0.2999999999999998,27.0,0.0,yahoo,0.18991212612915023,True
SPX,european,SPXW260827P07275000,put,2026-08-13,7748.5,7275.0,2026-08-27,0.03707000017166138,0.013,0.17794095993041992,4.25,4.1,4.4,0.3000000000000007,18.0,0.0,yahoo,0.18519700333626593,True
SPX,european,SPXW260827P07300000,put,2026-08-13,7748.5,7300.0,2026-08-27,0.03707000017166138,0.013,0.17285983398437502,4.65,4.5,4.8,0.2999999999999998,14.0,0.0,yahoo,0.18007421799742473,True
SPX,european,SPXW260827P07310000,put,2026-08-13,7748.5,7310.0,2026-08-27,0.03707000017166138,0.013,0.17099828033447267,4.85,4.7,5.0,0.2999999999999998,7.0,0.0,yahoo,0.1782069056096693,True
SPX,european,SPXW260827P07330000,put,2026-08-13,7748.5,7330.0,2026-08-27,0.03707000017166138,0.013,0.16706155212402346,5.25,5.1,5.4,0.3000000000000007,13.0,0.0,yahoo,0.1742461301930286,True
SPX,european,SPXW260827P07350000,put,2026-08-13,7748.5,7350.0,2026-08-27,0.03707000017166138,0.013,0.16345288459777835,5.800000000000001,5.7,5.9,0.20000000000000018,50.0,0.0,yahoo,0.1709329691703205,True
SPX,european,SPXW260827P07370000,put,2026-08-13,7748.5,7370.0,2026-08-27,0.03707000017166138,0.013,0.1595085270690918,6.25,6.1,6.4,0.3000000000000007,12.0,0.0,yahoo,0.16665744973520083,True
SPX,european,SPXW260827P07400000,put,2026-08-13,7748.5,7400.0,2026-08-27,0.03707000017166138,0.013,0.15377890907287597,7.15,7.0,7.3,0.2999999999999998,25.0,0.0,yahoo,0.1608911554246322,True
SPX,european,SPXW260827P07420000,put,2026-08-13,7748.5,7420.0,2026-08-27,0.03707000017166138,0.013,0.15042963836669926,7.9,7.7,8.1,0.39999999999999947,15.0,0.0,yahoo,0.1573119585314098,True
SPX,european,SPXW260827P07425000,put,2026-08-13,7748.5,7425.0,2026-08-27,0.03707000017166138,0.013,0.1495293788146973,8.100000000000001,7.9,8.3,0.40000000000000036,13.0,0.0,yahoo,0.15640670649654687,True
SPX,european,SPXW260827P07440000,put,2026-08-13,7748.5,7440.0,2026-08-27,0.03707000017166138,0.013,0.14664549652099607,8.7,8.5,8.9,0.40000000000000036,24.0,0.0,yahoo,0.15352305846420136,True
SPX,european,SPXW260827P07450000,put,2026-08-13,7748.5,7450.0,2026-08-27,0.03707000017166138,0.013,0.14499756378173828,9.25,9.1,9.4,0.3000000000000007,34.0,0.0,yahoo,0.15209800431738252,True
SPX,european,SPXW260827P07460000,put,2026-08-13,7748.5,7460.0,2026-08-27,0.03707000017166138,0.013,0.14321993263244628,9.75,9.6,9.9,0.3000000000000007,8.0,0.0,yahoo,0.15032051272280855,True
SPX,european,SPXW260827P07470000,put,2026-08-13,7748.5,7470.0,2026-08-27,0.03707000017166138,0.013,0.14132023239135744,10.2,10.0,10.4,0.40000000000000036,16.0,0.0,yahoo,0.14822189331760943,True
SPX,european,SPXW260827P07475000,put,2026-08-13,7748.5,7475.0,2026-08-27,0.03707000017166138,0.013,0.14051152465820313,10.55,10.4,10.7,0.29999999999999893,75.0,0.0,yahoo,0.1476075313926361,True
SPX,european,SPXW260827P07480000,put,2026-08-13,7748.5,7480.0,2026-08-27,0.03707000017166138,0.013,0.13966467033386232,10.8,10.6,11.0,0.40000000000000036,16.0,0.0,yahoo,0.14657588528960383,True
SPX,european,SPXW260827P07490000,put,2026-08-13,7748.5,7490.0,2026-08-27,0.03707000017166138,0.013,0.13786415122985843,11.45,11.3,11.6,0.29999999999999893,6.0,0.0,yahoo,0.14496288688377187,True
SPX,european,SPXW260827P07500000,put,2026-08-13,7748.5,7500.0,2026-08-27,0.03707000017166138,0.013,0.13625436508178712,12.100000000000001,11.9,12.3,0.40000000000000036,256.0,0.0,yahoo,0.14319693813319564,True
SPX,european,SPXW260827P07520000,put,2026-08-13,7748.5,7520.0,2026-08-27,0.03707000017166138,0.013,0.1325922923278809,13.5,13.3,13.7,0.3999999999999986,13.0,0.0,yahoo,0.13955072001725216,True
SPX,european,SPXW260827P07525000,put,2026-08-13,7748.5,7525.0,2026-08-27,0.03707000017166138,0.013,0.13173780868530272,13.899999999999999,13.7,14.1,0.40000000000000036,54.0,0.0,yahoo,0.13870145063362768,True
SPX,european,SPXW260827P07530000,put,2026-08-13,7748.5,7530.0,2026-08-27,0.03707000017166138,0.013,0.13083754913330076,14.3,14.1,14.5,0.40000000000000036,8.0,0.0,yahoo,0.13781034248472643,True
SPX,european,SPXW260827P07540000,put,2026-08-13,7748.5,7540.0,2026-08-27,0.03707000017166138,0.013,0.12892640491485596,15.15,15.0,15.3,0.3000000000000007,29.0,0.0,yahoo,0.13605287379240394,True
SPX,european,SPXW260827P07550000,put,2026-08-13,7748.5,7550.0,2026-08-27,0.03707000017166138,0.013,0.12766375274658204,16.2,16.0,16.4,0.3999999999999986,84.0,0.0,yahoo,0.13469102999526425,True
SPX,european,SPXW260827P07575000,put,2026-08-13,7748.5,7575.0,2026-08-27,0.03707000017166138,0.013,0.12374991249084472,19.0,18.8,19.2,0.3999999999999986,43.0,0.0,yahoo,0.1308593425048355,True
SPX,european,SPXW260827P07580000,put,2026-08-13,7748.5,7580.0,2026-08-27,0.03707000017166138,0.013,0.12291450214385986,19.6,19.4,19.8,0.40000000000000213,11.0,0.0,yahoo,0.1300419508581389,True
SPX,european,SPXW260827P07590000,put,2026-08-13,7748.5,7590.0,2026-08-27,0.03707000017166138,0.013,0.12132760395050048,20.9,20.7,21.1,0.40000000000000213,13.0,0.0,yahoo,0.12849420216462915,True
SPX,european,SPXW260827P07595000,put,2026-08-13,7748.5,7595.0,2026-08-27,0.03707000017166138,0.013,0.12011835700988768,21.4,21.2,21.6,0.40000000000000213,11.0,0.0,yahoo,0.12728239304373062,True
SPX,european,SPXW260827P07600000,put,2026-08-13,7748.5,7600.0,2026-08-27,0.03707000017166138,0.013,0.11953089950561524,22.2,22.0,22.4,0.3999999999999986,32.0,0.0,yahoo,0.12672940472694244,True
SPX,european,SPXW260827P07610000,put,2026-08-13,7748.5,7610.0,2026-08-27,0.03707000017166138,0.013,0.11795544528961181,23.75,23.6,23.9,0.29999999999999716,32.0,0.0,yahoo,0.12531722895255093,True
SPX,european,SPXW260827P07640000,put,2026-08-13,7748.5,7640.0,2026-08-27,0.03707000017166138,0.013,0.11344270355224609,29.0,28.8,29.2,0.3999999999999986,32.0,0.0,yahoo,0.12088100242740765,True
SPX,european,SPXW260827P07645000,put,2026-08-13,7748.5,7645.0,2026-08-27,0.03707000017166138,0.013,0.11230974979400633,29.8,29.6,30.0,0.3999999999999986,5.0,0.0,yahoo,0.11976948348389442,True
SPX,european,SPXW260827P07650000,put,2026-08-13,7748.5,7650.0,2026-08-27,0.03707000017166138,0.013,0.11150104206085205,30.85,30.7,31.0,0.3000000000000007,14.0,0.0,yahoo,0.1190953866500127,True
SPX,european,SPXW260827P07670000,put,2026-08-13,7748.5,7670.0,2026-08-27,0.03707000017166138,0.013,0.10866293567657472,35.45,35.3,35.6,0.30000000000000426,5.0,0.0,yahoo,0.11644356233333784,True
SPX,european,SPXW260827P07680000,put,2026-08-13,7748.5,7680.0,2026-08-27,0.03707000017166138,0.013,0.10698448566436768,37.8,37.6,38.0,0.3999999999999986,6.0,0.0,yahoo,0.11476563569854123,True
SPX,european,SPXW260827P07690000,put,2026-08-13,7748.5,7690.0,2026-08-27,0.03707000017166138,0.013,0.10585534656524657,40.65,40.4,40.9,0.5,10.0,0.0,yahoo,0.11368451279792223,True
SPX,european,SPXW260827P07700000,put,2026-08-13,7748.5,7700.0,2026-08-27,0.03707000017166138,0.013,0.10405864212036131,43.35,43.1,43.6,0.5,10.0,0.0,yahoo,0.11200792174577152,True
SPX,european,SPXW260827P07710000,put,2026-08-13,7748.5,7710.0,2026-08-27,0.03707000017166138,0.013,0.10226956699371335,46.3,46.1,46.5,0.3999999999999986,13.0,0.0,yahoo,0.11043910018474559,True
SPX,european,SPXW260827P07715000,put,2026-08-13,7748.5,7715.0,2026-08-27,0.03707000017166138,0.013,0.10165540687561034,47.95,47.7,48.2,0.5,5.0,0.0,yahoo,0.10982613754759855,True
SPX,european,SPXW260827P07725000,put,2026-08-13,7748.5,7725.0,2026-08-27,0.03707000017166138,0.013,0.10015243118286132,51.35,51.1,51.6,0.5,44.0,0.0,yahoo,0.1084987653363809,True
SPX,european,SPXW260827P07730000,put,2026-08-13,7748.5,7730.0,2026-08-27,0.03707000017166138,0.013,0.10006469402313233,53.5,53.2,53.8,0.5999999999999943,10.0,0.0,yahoo,0.10845176180736338,True
SPX,european,SPXW260827P07740000,put,2026-08-13,7748.5,7740.0,2026-08-27,0.03707000017166138,0.013,0.0978312111091614,56.85,56.6,57.1,0.5,26.0,0.0,yahoo,0.10648053655708152,True
SPX,european,SPXW260827P07745000,put,2026-08-13,7748.5,7745.0,2026-08-27,0.03707000017166138,0.013,0.09776445457458496,59.25,59.0,59.5,0.5,69.0,0.0,yahoo,0.10655484572543697,True
SPX,european,SPXW260827P07750000,put,2026-08-13,7748.5,7750.0,2026-08-27,0.03707000017166138,0.013,0.09679553115844727,61.099999999999994,60.8,61.4,0.6000000000000014,63.0,0.0,yahoo,0.10561715265748194,True
SPX,european,SPXW260827P07760000,put,2026-08-13,7748.5,7760.0,2026-08-27,0.03707000017166138,0.013,0.09534405336380006,65.45,65.2,65.7,0.5,14.0,0.0,yahoo,0.10451343781294362,True
SPX,european,SPXW260827P07825000,put,2026-08-13,7748.5,7825.0,2026-08-27,0.03707000017166138,0.013,0.0847640962982178,99.85,99.6,100.1,0.5,8.0,0.0,yahoo,0.09684511622912967,True
SPX,european,SPXW260827P07850000,put,2026-08-13,7748.5,7850.0,2026-08-27,0.03707000017166138,0.013,0.0840660136795044,116.15,113.8,118.5,4.700000000000003,6.0,0.0,yahoo,0.09380507063107112,True
SPX,european,SPXW260828C06000000,call,2026-08-13,7748.5,6000.0,2026-08-28,0.03707000017166138,0.013,0.6738466453552248,1761.8,1758.3,1765.3,7.0,121.0,0.0,yahoo,0.6447861797579594,True
SPX,european,SPXW260828C06800000,call,2026-08-13,7748.5,6800.0,2026-08-28,0.03707000017166138,0.013,0.4201336673736573,964.3,960.7,967.9,7.199999999999932,5.0,0.0,yahoo,0.37682119741034836,True
SPX,european,SPXW260828C07050000,call,2026-08-13,7748.5,7050.0,2026-08-28,0.03707000017166138,0.013,0.33150387741088866,715.25,711.5,719.0,7.5,13.0,0.0,yahoo,0.2938362946419579,True
SPX,european,SPXW260828C07200000,call,2026-08-13,7748.5,7200.0,2026-08-28,0.03707000017166138,0.013,0.28326369819641106,567.9,564.3,571.5,7.2000000000000455,10.0,0.0,yahoo,0.25321502908009247,True
SPX,european,SPXW260828C07305000,call,2026-08-13,7748.5,7305.0,2026-08-28,0.03707000017166138,0.013,0.24611654769897462,464.15,460.4,467.9,7.5,25.0,0.0,yahoo,0.21908624399239632,True
SPX,european,SPXW260828C07325000,call,2026-08-13,7748.5,7325.0,2026-08-28,0.03707000017166138,0.013,0.2415999913024902,445.55,442.0,449.1,7.100000000000023,75.0,0.0,yahoo,0.21689622004581727,True
SPX,european,SPXW260828C07340000,call,2026-08-13,7748.5,7340.0,2026-08-28,0.03707000017166138,0.013,0.23661041717529296,430.95,427.4,434.5,7.100000000000023,75.0,0.0,yahoo,0.21253536756968738,True
SPX,european,SPXW260828C07375000,call,2026-08-13,7748.5,7375.0,2026-08-28,0.03707000017166138,0.013,0.22378934787750243,396.35,392.6,400.1,7.5,25.0,0.0,yahoo,0.20015764366305624,True
SPX,european,SPXW260828C07390000,call,2026-08-13,7748.5,7390.0,2026-08-28,0.03707000017166138,0.013,0.21886080829620363,381.85,378.1,385.6,7.5,25.0,0.0,yahoo,0.195910434736704,True
SPX,european,SPXW260828C07400000,call,2026-08-13,7748.5,7400.0,2026-08-28,0.03707000017166138,0.013,0.21860904079437254,373.3,369.5,377.1,7.600000000000023,27.0,0.0,yahoo,0.1967251938179884,True
SPX,european,SPXW260828C07405000,call,2026-08-13,7748.5,7405.0,2026-08-28,0.03707000017166138,0.013,0.2169954399871826,368.5,364.7,372.3,7.600000000000023,25.0,0.0,yahoo,0.19533293791435313,True
SPX,european,SPXW260828C07440000,call,2026-08-13,7748.5,7440.0,2026-08-28,0.03707000017166138,0.013,0.20488008262634275,334.95,331.4,338.5,7.100000000000023,6.0,0.0,yahoo,0.18535307959911718,True
SPX,european,SPXW260828C07470000,call,2026-08-13,7748.5,7470.0,2026-08-28,0.03707000017166138,0.013,0.19614069858551025,306.75,303.1,310.4,7.2999999999999545,5.0,0.0,yahoo,0.17781182200764034,True
SPX,european,SPXW260828C07480000,call,2026-08-13,7748.5,7480.0,2026-08-28,0.03707000017166138,0.013,0.1932491869735718,297.6,294.1,301.1,7.0,10.0,0.0,yahoo,0.17582048931925645,True
SPX,european,SPXW260828C07495000,call,2026-08-13,7748.5,7495.0,2026-08-28,0.03707000017166138,0.013,0.1886677813720703,283.65,280.2,287.1,6.900000000000034,6.0,0.0,yahoo,0.17203115997706708,True
SPX,european,SPXW260828C07505000,call,2026-08-13,7748.5,7505.0,2026-08-28,0.03707000017166138,0.013,0.1842732940673828,273.54999999999995,269.9,277.2,7.300000000000011,25.0,0.0,yahoo,0.16732305171015188,True
SPX,european,SPXW260828C07550000,call,2026-08-13,7748.5,7550.0,2026-08-28,0.03707000017166138,0.013,0.17013235271453858,233.64999999999998,231.7,235.6,3.9000000000000057,15.0,0.0,yahoo,0.15903817579403765,True
SPX,european,SPXW260828C07570000,call,2026-08-13,7748.5,7570.0,2026-08-28,0.03707000017166138,0.013,0.16406704471588135,215.65,213.8,217.5,3.6999999999999886,5.0,0.0,yahoo,0.1538616814252371,True
SPX,european,SPXW260828C07580000,call,2026-08-13,7748.5,7580.0,2026-08-28,0.03707000017166138,0.013,0.16482616188049318,207.0,203.5,210.5,7.0,11.0,0.0,yahoo,0.1518377018730597,True
SPX,european,SPXW260828C07585000,call,2026-08-13,7748.5,7585.0,2026-08-28,0.03707000017166138,0.013,0.1622588962936401,203.2,200.9,205.5,4.599999999999994,40.0,0.0,yahoo,0.1518709480677063,True
SPX,european,SPXW260828C07600000,call,2026-08-13,7748.5,7600.0,2026-08-28,0.03707000017166138,0.013,0.15726932216644285,190.25,188.5,192.0,3.5,25.0,0.0,yahoo,0.14843426872639942,True
SPX,european,SPXW260828C07615000,call,2026-08-13,7748.5,7615.0,2026-08-28,0.03707000017166138,0.013,0.15419089225769045,177.35,175.0,179.7,4.699999999999989,5.0,0.0,yahoo,0.14474395470876253,True
SPX,european,SPXW260828C07620000,call,2026-08-13,7748.5,7620.0,2026-08-28,0.03707000017166138,0.013,0.15397345668792722,173.7,171.3,176.1,4.799999999999983,9.0,0.0,yahoo,0.14469258247514663,True
SPX,european,SPXW260828C07625000,call,2026-08-13,7748.5,7625.0,2026-08-28,0.03707000017166138,0.013,0.15193261405944827,169.8,168.1,171.5,3.4000000000000057,27.0,0.0,yahoo,0.14409398086195072,True
SPX,european,SPXW260828C07645000,call,2026-08-13,7748.5,7645.0,2026-08-28,0.03707000017166138,0.013,0.14828198528289793,153.5,151.1,155.9,4.800000000000011,10.0,0.0,yahoo,0.1398580508574802,True
SPX,european,SPXW260828C07650000,call,2026-08-13,7748.5,7650.0,2026-08-28,0.03707000017166138,0.013,0.1448716800308228,149.1,147.6,150.6,3.0,13.0,0.0,yahoo,0.13808727116720196,True
SPX,european,SPXW260828C07660000,call,2026-08-13,7748.5,7660.0,2026-08-28,0.03707000017166138,0.013,0.14437005235671999,141.4,139.0,143.8,4.800000000000011,9.0,0.0,yahoo,0.13638890676133528,True
SPX,european,SPXW260828C07670000,call,2026-08-13,7748.5,7670.0,2026-08-28,0.03707000017166138,0.013,0.13900473430633548,133.85,133.5,134.2,0.6999999999999886,19.0,0.0,yahoo,0.13472295475334975,True
SPX,european,SPXW260828C07675000,call,2026-08-13,7748.5,7675.0,2026-08-28,0.03707000017166138,0.013,0.13742546543121342,129.8,129.5,130.1,0.5999999999999943,13.0,0.0,yahoo,0.133324314149472,True
SPX,european,SPXW260828C07685000,call,2026-08-13,7748.5,7685.0,2026-08-28,0.03707000017166138,0.013,0.1363859708213806,123.05,122.8,123.3,0.5,6.0,0.0,yahoo,0.13266884121109826,True
SPX,european,SPXW260828C07695000,call,2026-08-13,7748.5,7695.0,2026-08-28,0.03707000017166138,0.013,0.13349636653900143,115.25,115.0,115.5,0.5,5.0,0.0,yahoo,0.1299695449657637,True
SPX,european,SPXW260828C07700000,call,2026-08-13,7748.5,7700.0,2026-08-28,0.03707000017166138,0.013,0.13324078437805173,112.1,111.8,112.4,0.6000000000000085,78.0,0.0,yahoo,0.12978155180261364,True
SPX,european,SPXW260828C07710000,call,2026-08-13,7748.5,7710.0,2026-08-28,0.03707000017166138,0.013,0.13189802436828615,105.5,105.2,105.8,0.5999999999999943,15.0,0.0,yahoo,0.12868542062045196,True
SPX,european,SPXW260828C07720000,call,2026-08-13,7748.5,7720.0,2026-08-28,0.03707000017166138,0.013,0.13013183719635008,98.8,98.5,99.1,0.5999999999999943,25.0,0.0,yahoo,0.12713742755258695,True
SPX,european,SPXW260828C07725000,call,2026-08-13,7748.5,7725.0,2026-08-28,0.03707000017166138,0.013,0.1290713619613647,95.4,95.1,95.7,0.6000000000000085,80.0,0.0,yahoo,0.1261743778006995,True
SPX,european,SPXW260828C07730000,call,2026-08-13,7748.5,7730.0,2026-08-28,0.03707000017166138,0.013,0.12825121025085448,92.2,91.9,92.5,0.5999999999999943,7.0,0.0,yahoo,0.1254616631076083,True
SPX,european,SPXW260828C07740000,call,2026-08-13,7748.5,7740.0,2026-08-28,0.03707000017166138,0.013,0.12655940893173218,85.9,85.6,86.2,0.6000000000000085,18.0,0.0,yahoo,0.123968719399388,True
SPX,european,SPXW260828C07755000,call,2026-08-13,7748.5,7755.0,2026-08-28,0.03707000017166138,0.013,0.12462728408813475,77.2,76.9,77.5,0.5999999999999943,277.0,0.0,yahoo,0.1223388020226952,True
SPX,european,SPXW260828C07765000,call,2026-08-13,7748.5,7765.0,2026-08-28,0.03707000017166138,0.013,0.12265129066467287,71.2,70.9,71.5,0.5999999999999943,25.0,0.0,yahoo,0.12052353057268532,True
SPX,european,SPXW260828C07770000,call,2026-08-13,7748.5,7770.0,2026-08-28,0.03707000017166138,0.013,0.1224720016860962,68.85,68.6,69.1,0.5,39.0,0.0,yahoo,0.12052830590829919,True
SPX,european,SPXW260828C07775000,call,2026-08-13,7748.5,7775.0,2026-08-28,0.03707000017166138,0.013,0.12190361747741699,66.2,65.9,66.5,0.5999999999999943,45.0,0.0,yahoo,0.11996852095622078,True
SPX,european,SPXW260828C07780000,call,2026-08-13,7748.5,7780.0,2026-08-28,0.03707000017166138,0.013,0.1209423233795166,63.400000000000006,63.1,63.7,0.6000000000000014,105.0,0.0,yahoo,0.11908091636948884,True
SPX,european,SPXW260828C07785000,call,2026-08-13,7748.5,7785.0,2026-08-28,0.03707000017166138,0.013,0.12052271087646485,61.05,60.8,61.3,0.5,59.0,0.0,yahoo,0.11882886642190814,True
SPX,european,SPXW260828C07790000,call,2026-08-13,7748.5,7790.0,2026-08-28,0.03707000017166138,0.013,0.11923144876480102,58.15,57.9,58.4,0.5,18.0,0.0,yahoo,0.11759914809936746,True
SPX,european,SPXW260828C07795000,call,2026-08-13,7748.5,7795.0,2026-08-28,0.03707000017166138,0.013,0.11911510166168211,56.0,55.7,56.3,0.5999999999999943,15.0,0.0,yahoo,0.11749333519687633,True
SPX,european,SPXW260828C07800000,call,2026-08-13,7748.5,7800.0,2026-08-28,0.03707000017166138,0.013,0.11860012268066406,53.7,53.4,54.0,0.6000000000000014,32.0,0.0,yahoo,0.11705503071207857,True
SPX,european,SPXW260828C07805000,call,2026-08-13,7748.5,7805.0,2026-08-28,0.03707000017166138,0.013,0.11816143688201904,51.55,51.3,51.8,0.5,50.0,0.0,yahoo,0.11677258221176823,True
SPX,european,SPXW260828C07810000,call,2026-08-13,7748.5,7810.0,2026-08-28,0.03707000017166138,0.013,0.11698652187347412,48.95,48.7,49.2,0.5,94.0,0.0,yahoo,0.1156523407787984,True
SPX,european,SPXW260828C07815000,call,2026-08-13,7748.5,7815.0,2026-08-28,0.03707000017166138,0.013,0.11685300880432128,47.05,46.8,47.3,0.5,12.0,0.0,yahoo,0.11560017898628284,True
SPX,european,SPXW260828C07820000,call,2026-08-13,7748.5,7820.0,2026-08-28,0.03707000017166138,0.013,0.11631132720947265,44.95,44.7,45.2,0.5,165.0,0.0,yahoo,0.11512197570750406,True
SPX,european,SPXW260828C07825000,call,2026-08-13,7748.5,7825.0,2026-08-28,0.03707000017166138,0.013,0.11584212413787841,42.95,42.7,43.2,0.5,26.0,0.0,yahoo,0.11471811998412793,True
SPX,european,SPXW260828C07830000,call,2026-08-13,7748.5,7830.0,2026-08-28,0.03707000017166138,0.013,0.11510970958709717,40.85,40.6,41.1,0.5,9.0,0.0,yahoo,0.11404540756837445,True
SPX,european,SPXW260828C07840000,call,2026-08-13,7748.5,7840.0,2026-08-28,0.03707000017166138,0.013,0.11438873901367189,37.25,37.0,37.5,0.5,32.0,0.0,yahoo,0.11344794363577222,True
SPX,european,SPXW260828C07850000,call,2026-08-13,7748.5,7850.0,2026-08-28,0.03707000017166138,0.013,0.1134732208251953,33.75,33.5,34.0,0.5,157.0,0.0,yahoo,0.11264201843454628,True
SPX,european,SPXW260828C07860000,call,2026-08-13,7748.5,7860.0,2026-08-28,0.03707000017166138,0.013,0.11290102195739746,30.65,30.4,30.9,0.5,15.0,0.0,yahoo,0.11217785291637676,True
SPX,european,SPXW260828C07870000,call,2026-08-13,7748.5,7870.0,2026-08-28,0.03707000017166138,0.013,0.11194735717773435,27.55,27.3,27.8,0.5,16.0,0.0,yahoo,0.11131822301861821,True
SPX,european,SPXW260828C07875000,call,2026-08-13,7748.5,7875.0,2026-08-28,0.03707000017166138,0.013,0.11161166717529297,26.15,25.9,26.4,0.5,46.0,0.0,yahoo,0.11102714139182887,True
SPX,european,SPXW260828C07880000,call,2026-08-13,7748.5,7880.0,2026-08-28,0.03707000017166138,0.013,0.11137897296905518,24.85,24.6,25.1,0.5,42.0,0.0,yahoo,0.11083756829074173,True
SPX,european,SPXW260828C07890000,call,2026-08-13,7748.5,7890.0,2026-08-28,0.03707000017166138,0.013,0.11041386421203614,22.2,22.0,22.4,0.3999999999999986,6.0,0.0,yahoo,0.11005319734821227,True
SPX,european,SPXW260828C07900000,call,2026-08-13,7748.5,7900.0,2026-08-28,0.03707000017166138,0.013,0.1098874412536621,19.9,19.7,20.1,0.40000000000000213,13.0,0.0,yahoo,0.10960236552814658,True
SPX,european,SPXW260828C07910000,call,2026-08-13,7748.5,7910.0,2026-08-28,0.03707000017166138,0.013,0.10941442352294922,17.75,17.5,18.0,0.5,27.0,0.0,yahoo,0.1090833457496358,True
SPX,european,SPXW260828C07920000,call,2026-08-13,7748.5,7920.0,2026-08-28,0.03707000017166138,0.013,0.10853705192565918,15.7,15.5,15.9,0.40000000000000036,6.0,0.0,yahoo,0.10837816006073316,True
SPX,european,SPXW260828C07925000,call,2026-08-13,7748.5,7925.0,2026-08-28,0.03707000017166138,0.013,0.1085523105621338,14.899999999999999,14.7,15.1,0.40000000000000036,13.0,0.0,yahoo,0.108430560721819,True
SPX,european,SPXW260828C07930000,call,2026-08-13,7748.5,7930.0,2026-08-28,0.03707000017166138,0.013,0.10848746135711669,14.05,13.8,14.3,0.5,95.0,0.0,yahoo,0.10826265695665489,True
SPX,european,SPXW260828C07940000,call,2026-08-13,7748.5,7940.0,2026-08-28,0.03707000017166138,0.013,0.1080792928314209,12.45,12.2,12.7,0.5,19.0,0.0,yahoo,0.10789263852668622,True
SPX,european,SPXW260828C07950000,call,2026-08-13,7748.5,7950.0,2026-08-28,0.03707000017166138,0.013,0.10755286987304688,11.0,10.8,11.2,0.3999999999999986,9.0,0.0,yahoo,0.1075394237631384,True
SPX,european,SPXW260828C07960000,call,2026-08-13,7748.5,7960.0,2026-08-28,0.03707000017166138,0.013,0.10752616725921631,9.8,9.6,10.0,0.40000000000000036,7.0,0.0,yahoo,0.10755386798166164,True
SPX,european,SPXW260828C07970000,call,2026-08-13,7748.5,7970.0,2026-08-28,0.03707000017166138,0.013,0.1071408866882324,8.600000000000001,8.4,8.8,0.40000000000000036,54.0,0.0,yahoo,0.1071865998638038,True
SPX,european,SPXW260828C07975000,call,2026-08-13,7748.5,7975.0,2026-08-28,0.03707000017166138,0.013,0.1071408866882324,8.15,8.0,8.3,0.3000000000000007,44.0,0.0,yahoo,0.10737708428466747,True
SPX,european,SPXW260828C07980000,call,2026-08-13,7748.5,7980.0,2026-08-28,0.03707000017166138,0.013,0.10704933486938475,7.65,7.5,7.8,0.2999999999999998,35.0,0.0,yahoo,0.10730433099454809,True
SPX,european,SPXW260828C07990000,call,2026-08-13,7748.5,7990.0,2026-08-28,0.03707000017166138,0.013,0.10698067100524902,6.7,6.5,6.9,0.40000000000000036,12.0,0.0,yahoo,0.10705594536894576,True
SPX,european,SPXW260828C08000000,call,2026-08-13,7748.5,8000.0,2026-08-28,0.03707000017166138,0.013,0.1069577830505371,5.949999999999999,5.8,6.1,0.2999999999999998,124.0,0.0,yahoo,0.10724822780011672,True
SPX,european,SPXW260828C08010000,call,2026-08-13,7748.5,8010.0,2026-08-28,0.03707000017166138,0.013,0.10747657669067384,5.35,5.2,5.5,0.2999999999999998,5.0,0.0,yahoo,0.1077916239146156,True
SPX,european,SPXW260828C08020000,call,2026-08-13,7748.5,8020.0,2026-08-28,0.03707000017166138,0.013,0.1077207148742676,4.75,4.6,4.9,0.3000000000000007,25.0,0.0,yahoo,0.10804665734772954,True
SPX,european,SPXW260828C08025000,call,2026-08-13,7748.5,8025.0,2026-08-28,0.03707000017166138,0.013,0.1077283441925049,4.449999999999999,4.3,4.6,0.2999999999999998,60.0,0.0,yahoo,0.10805204243127042,True
SPX,european,SPXW260828C08030000,call,2026-08-13,7748.5,8030.0,2026-08-28,0.03707000017166138,0.013,0.10765205101013184,4.1,3.9,4.3,0.3999999999999999,16.0,0.0,yahoo,0.10768990914380824,True
SPX,european,SPXW260828C08040000,call,2026-08-13,7748.5,8040.0,2026-08-28,0.03707000017166138,0.013,0.10836920692443847,3.7,3.5,3.9,0.3999999999999999,54.0,0.0,yahoo,0.10839094659548136,True
SPX,european,SPXW260828C08050000,call,2026-08-13,7748.5,8050.0,2026-08-28,0.03707000017166138,0.013,0.10823950851440428,3.25,3.1,3.4,0.2999999999999998,101.0,0.0,yahoo,0.10851694192906353,True
SPX,european,SPXW260828C08075000,call,2026-08-13,7748.5,8075.0,2026-08-28,0.03707000017166138,0.013,0.10920080261230468,2.45,2.35,2.55,0.19999999999999973,5.0,0.0,yahoo,0.10980497026665864,True
SPX,european,SPXW260828C08100000,call,2026-08-13,7748.5,8100.0,2026-08-28,0.03707000017166138,0.013,0.11156589126586913,1.9249999999999998,1.8,2.05,0.24999999999999978,1620.0,0.0,yahoo,0.1119211261409918,True
SPX,european,SPXW260828C08125000,call,2026-08-13,7748.5,8125.0,2026-08-28,0.03707000017166138,0.013,0.11332063446044921,1.5,1.4,1.6,0.20000000000000018,20.0,0.0,yahoo,0.1138459748833855,True
SPX,european,SPXW260828C08150000,call,2026-08-13,7748.5,8150.0,2026-08-28,0.03707000017166138,0.013,0.1157467576599121,1.225,1.15,1.3,0.15000000000000013,7.0,0.0,yahoo,0.1165410776258903,True
SPX,european,SPXW260828P06725000,put,2026-08-13,7748.5,6725.0,2026-08-28,0.03707000017166138,0.013,0.2845530529785155,1.175,1.1,1.25,0.1499999999999999,200.0,0.0,yahoo,0.2934964000676575,True
SPX,european,SPXW260828P06760000,put,2026-08-13,7748.5,6760.0,2026-08-28,0.03707000017166138,0.013,0.2779613220214844,1.275,1.2,1.35,0.15000000000000013,5.0,0.0,yahoo,0.28688320380613336,True
SPX,european,SPXW260828P06780000,put,2026-08-13,7748.5,6780.0,2026-08-28,0.03707000017166138,0.013,0.2751537329101562,1.375,1.3,1.45,0.1499999999999999,5.0,0.0,yahoo,0.2841065210563124,True
SPX,european,SPXW260828P06800000,put,2026-08-13,7748.5,6800.0,2026-08-28,0.03707000017166138,0.013,0.2709728665161133,1.4,1.3,1.5,0.19999999999999996,59.0,0.0,yahoo,0.2792520735356954,True
SPX,european,SPXW260828P06875000,put,2026-08-13,7748.5,6875.0,2026-08-28,0.03707000017166138,0.013,0.2570569900512696,1.7000000000000002,1.6,1.8,0.19999999999999996,5.0,0.0,yahoo,0.2653592983988688,True
SPX,european,SPXW260828P06900000,put,2026-08-13,7748.5,6900.0,2026-08-28,0.03707000017166138,0.013,0.2511671563720703,1.775,1.7,1.85,0.15000000000000013,49.0,0.0,yahoo,0.25988379941947415,True
SPX,european,SPXW260828P06910000,put,2026-08-13,7748.5,6910.0,2026-08-28,0.03707000017166138,0.013,0.25025163818359375,1.85,1.75,1.95,0.19999999999999996,9.0,0.0,yahoo,0.2585363403257326,True
SPX,european,SPXW260828P06920000,put,2026-08-13,7748.5,6920.0,2026-08-28,0.03707000017166138,0.013,0.24839008453369144,1.9,1.8,2.0,0.19999999999999996,11.0,0.0,yahoo,0.25666037550493137,True
SPX,european,SPXW260828P06925000,put,2026-08-13,7748.5,6925.0,2026-08-28,0.03707000017166138,0.013,0.24616232360839846,1.875,1.8,1.95,0.1499999999999999,36.0,0.0,yahoo,0.2547793053248442,True
SPX,european,SPXW260828P06950000,put,2026-08-13,7748.5,6950.0,2026-08-28,0.03707000017166138,0.013,0.24262231994628902,2.05,1.95,2.15,0.19999999999999996,7.0,0.0,yahoo,0.25084558612902047,True
SPX,european,SPXW260828P06960000,put,2026-08-13,7748.5,6960.0,2026-08-28,0.03707000017166138,0.013,0.23984524810791014,2.075,2.0,2.15,0.1499999999999999,21.0,0.0,yahoo,0.24842432965688524,True
SPX,european,SPXW260828P06980000,put,2026-08-13,7748.5,6980.0,2026-08-28,0.03707000017166138,0.013,0.23584748535156247,2.175,2.1,2.25,0.1499999999999999,53.0,0.0,yahoo,0.24436725243761537,True
SPX,european,SPXW260828P06990000,put,2026-08-13,7748.5,6990.0,2026-08-28,0.03707000017166138,0.013,0.2338028280639648,2.2249999999999996,2.15,2.3,0.1499999999999999,11.0,0.0,yahoo,0.24229827590599481,True
SPX,european,SPXW260828P07000000,put,2026-08-13,7748.5,7000.0,2026-08-28,0.03707000017166138,0.013,0.23246006805419922,2.3,2.2,2.4,0.19999999999999973,94.0,0.0,yahoo,0.2405884901209659,True
SPX,european,SPXW260828P07025000,put,2026-08-13,7748.5,7025.0,2026-08-28,0.03707000017166138,0.013,0.22750101119995114,2.45,2.35,2.55,0.19999999999999973,54.0,0.0,yahoo,0.2355813347508053,True
SPX,european,SPXW260828P07050000,put,2026-08-13,7748.5,7050.0,2026-08-28,0.03707000017166138,0.013,0.22235885070800776,2.6,2.5,2.7,0.20000000000000018,5.0,0.0,yahoo,0.2303857641395835,True
SPX,european,SPXW260828P07075000,put,2026-08-13,7748.5,7075.0,2026-08-28,0.03707000017166138,0.013,0.2176591906738281,2.8,2.7,2.9,0.19999999999999973,29.0,0.0,yahoo,0.22564780931859257,True
SPX,european,SPXW260828P07080000,put,2026-08-13,7748.5,7080.0,2026-08-28,0.03707000017166138,0.013,0.2173997938537598,2.9,2.8,3.0,0.20000000000000018,6.0,0.0,yahoo,0.22541059624023294,True
SPX,european,SPXW260828P07090000,put,2026-08-13,7748.5,7090.0,2026-08-28,0.03707000017166138,0.013,0.21451591156005856,2.9,2.8,3.0,0.20000000000000018,21.0,0.0,yahoo,0.22244488896945952,True
SPX,european,SPXW260828P07100000,put,2026-08-13,7748.5,7100.0,2026-08-28,0.03707000017166138,0.013,0.21274590972900392,3.0,2.9,3.1,0.20000000000000018,125.0,0.0,yahoo,0.22066678717631383,True
SPX,european,SPXW260828P07110000,put,2026-08-13,7748.5,7110.0,2026-08-28,0.03707000017166138,0.013,0.2109301319885254,3.1,3.0,3.2,0.20000000000000018,5.0,0.0,yahoo,0.21883929996906734,True
SPX,european,SPXW260828P07125000,put,2026-08-13,7748.5,7125.0,2026-08-28,0.03707000017166138,0.013,0.20862607788085932,3.3,3.2,3.4,0.19999999999999973,18.0,0.0,yahoo,0.21655241019476187,True
SPX,european,SPXW260828P07130000,put,2026-08-13,7748.5,7130.0,2026-08-28,0.03707000017166138,0.013,0.20816831878662106,3.35,3.2,3.5,0.2999999999999998,6.0,0.0,yahoo,0.21557874559458756,True
SPX,european,SPXW260828P07140000,put,2026-08-13,7748.5,7140.0,2026-08-28,0.03707000017166138,0.013,0.20522340194702143,3.4,3.3,3.5,0.20000000000000018,16.0,0.0,yahoo,0.21307956174272605,True
SPX,european,SPXW260828P07150000,put,2026-08-13,7748.5,7150.0,2026-08-28,0.03707000017166138,0.013,0.20323977920532227,3.5,3.4,3.6,0.20000000000000018,90.0,0.0,yahoo,0.21107275107941423,True
SPX,european,SPXW260828P07160000,put,2026-08-13,7748.5,7160.0,2026-08-28,0.03707000017166138,0.013,0.20122563919067382,3.6,3.5,3.7,0.20000000000000018,10.0,0.0,yahoo,0.20902490066769913,True
SPX,european,SPXW260828P07175000,put,2026-08-13,7748.5,7175.0,2026-08-28,0.03707000017166138,0.013,0.19944037872314452,3.85,3.7,4.0,0.2999999999999998,10.0,0.0,yahoo,0.20681861020869924,True
SPX,european,SPXW260828P07180000,put,2026-08-13,7748.5,7180.0,2026-08-28,0.03707000017166138,0.013,0.1979450323486328,3.85,3.7,4.0,0.2999999999999998,14.0,0.0,yahoo,0.20527643956490668,True
SPX,european,SPXW260828P07185000,put,2026-08-13,7748.5,7185.0,2026-08-28,0.03707000017166138,0.013,0.1964496859741211,3.9,3.8,4.0,0.20000000000000018,15.0,0.0,yahoo,0.2041930017253762,True
SPX,european,SPXW260828P07190000,put,2026-08-13,7748.5,7190.0,2026-08-28,0.03707000017166138,0.013,0.1966327896118164,4.05,3.9,4.2,0.30000000000000027,10.0,0.0,yahoo,0.2039967261843438,True
SPX,european,SPXW260828P07200000,put,2026-08-13,7748.5,7200.0,2026-08-28,0.03707000017166138,0.013,0.19361157958984376,4.05,3.9,4.2,0.30000000000000027,335.0,0.0,yahoo,0.200888263450137,True
SPX,european,SPXW260828P07205000,put,2026-08-13,7748.5,7205.0,2026-08-28,0.03707000017166138,0.013,0.19290968231201172,4.199999999999999,4.1,4.3,0.20000000000000018,20.0,0.0,yahoo,0.20063116641034542,True
SPX,european,SPXW260828P07220000,put,2026-08-13,7748.5,7220.0,2026-08-28,0.03707000017166138,0.013,0.1899189895629883,4.35,4.2,4.5,0.2999999999999998,6.0,0.0,yahoo,0.197188909650402,True
SPX,european,SPXW260828P07225000,put,2026-08-13,7748.5,7225.0,2026-08-28,0.03707000017166138,0.013,0.1899037309265137,4.550000000000001,4.4,4.7,0.2999999999999998,5.0,0.0,yahoo,0.19723426766025776,True
SPX,european,SPXW260828P07235000,put,2026-08-13,7748.5,7235.0,2026-08-28,0.03707000017166138,0.013,0.18756915954589842,4.65,4.5,4.8,0.2999999999999998,8.0,0.0,yahoo,0.19485235978452634,True
SPX,european,SPXW260828P07250000,put,2026-08-13,7748.5,7250.0,2026-08-28,0.03707000017166138,0.013,0.18505148452758785,4.9,4.7,5.1,0.39999999999999947,17.0,0.0,yahoo,0.19196837272207634,True
SPX,european,SPXW260828P07255000,put,2026-08-13,7748.5,7255.0,2026-08-28,0.03707000017166138,0.013,0.18416648361206056,5.0,4.8,5.2,0.40000000000000036,32.0,0.0,yahoo,0.19109983887516174,True
SPX,european,SPXW260828P07270000,put,2026-08-13,7748.5,7270.0,2026-08-28,0.03707000017166138,0.013,0.18079432495117187,5.25,5.1,5.4,0.3000000000000007,37.0,0.0,yahoo,0.18803992364010094,True
SPX,european,SPXW260828P07275000,put,2026-08-13,7748.5,7275.0,2026-08-28,0.03707000017166138,0.013,0.17986354812622068,5.35,5.2,5.5,0.2999999999999998,10.0,0.0,yahoo,0.18710739114136743,True
SPX,european,SPXW260828P07280000,put,2026-08-13,7748.5,7280.0,2026-08-28,0.03707000017166138,0.013,0.1789175126647949,5.449999999999999,5.3,5.6,0.2999999999999998,29.0,0.0,yahoo,0.18615816148734668,True
SPX,european,SPXW260828P07295000,put,2026-08-13,7748.5,7295.0,2026-08-28,0.03707000017166138,0.013,0.1766058292388916,5.8,5.6,6.0,0.40000000000000036,5.0,0.0,yahoo,0.1835340989070846,True
SPX,european,SPXW260828P07300000,put,2026-08-13,7748.5,7300.0,2026-08-28,0.03707000017166138,0.013,0.1755911299133301,5.9,5.7,6.1,0.39999999999999947,194.0,0.0,yahoo,0.18251616497210185,True
SPX,european,SPXW260828P07305000,put,2026-08-13,7748.5,7305.0,2026-08-28,0.03707000017166138,0.013,0.17456880126953128,6.0,5.8,6.2,0.40000000000000036,13.0,0.0,yahoo,0.18148312931170607,True
SPX,european,SPXW260828P07310000,put,2026-08-13,7748.5,7310.0,2026-08-28,0.03707000017166138,0.013,0.1735235846710205,6.15,6.0,6.3,0.2999999999999998,32.0,0.0,yahoo,0.18073988728894033,True
SPX,european,SPXW260828P07320000,put,2026-08-13,7748.5,7320.0,2026-08-28,0.03707000017166138,0.013,0.1713950048828125,6.35,6.2,6.5,0.2999999999999998,5.0,0.0,yahoo,0.17859131231559772,True
SPX,european,SPXW260828P07325000,put,2026-08-13,7748.5,7325.0,2026-08-28,0.03707000017166138,0.013,0.1708609526062012,6.5,6.3,6.7,0.40000000000000036,27.0,0.0,yahoo,0.17778576733868362,True
SPX,european,SPXW260828P07330000,put,2026-08-13,7748.5,7330.0,2026-08-28,0.03707000017166138,0.013,0.16976233078002934,6.65,6.5,6.8,0.2999999999999998,76.0,0.0,yahoo,0.17695667767112866,True
SPX,european,SPXW260828P07340000,put,2026-08-13,7748.5,7340.0,2026-08-28,0.03707000017166138,0.013,0.16803810485839848,6.9,6.7,7.1,0.39999999999999947,12.0,0.0,yahoo,0.17495574605362865,True
SPX,european,SPXW260828P07345000,put,2026-08-13,7748.5,7345.0,2026-08-28,0.03707000017166138,0.013,0.1663749134826661,6.949999999999999,6.8,7.1,0.2999999999999998,10.0,0.0,yahoo,0.17352209716629843,True
SPX,european,SPXW260828P07350000,put,2026-08-13,7748.5,7350.0,2026-08-28,0.03707000017166138,0.013,0.16622995643615726,7.2,7.0,7.4,0.40000000000000036,105.0,0.0,yahoo,0.17315117990535436,True
SPX,european,SPXW260828P07355000,put,2026-08-13,7748.5,7355.0,2026-08-28,0.03707000017166138,0.013,0.1645515064239502,7.25,7.1,7.4,0.3000000000000007,14.0,0.0,yahoo,0.17169361037231354,True
SPX,european,SPXW260828P07360000,put,2026-08-13,7748.5,7360.0,2026-08-28,0.03707000017166138,0.013,0.16434551483154297,7.5,7.3,7.7,0.40000000000000036,56.0,0.0,yahoo,0.17126212616577383,True
SPX,european,SPXW260828P07365000,put,2026-08-13,7748.5,7365.0,2026-08-28,0.03707000017166138,0.013,0.16361310028076176,7.7,7.5,7.9,0.40000000000000036,7.0,0.0,yahoo,0.17053858678401185,True
SPX,european,SPXW260828P07370000,put,2026-08-13,7748.5,7370.0,2026-08-28,0.03707000017166138,0.013,0.16237715072631836,7.8,7.6,8.0,0.40000000000000036,8.0,0.0,yahoo,0.16929190341107,True
SPX,european,SPXW260828P07375000,put,2026-08-13,7748.5,7375.0,2026-08-28,0.03707000017166138,0.013,0.16159896026611326,8.0,7.8,8.2,0.39999999999999947,10.0,0.0,yahoo,0.1685206881490771,True
SPX,european,SPXW260828P07380000,put,2026-08-13,7748.5,7380.0,2026-08-28,0.03707000017166138,0.013,0.160340122756958,8.15,8.0,8.3,0.3000000000000007,9.0,0.0,yahoo,0.16748289695676732,True
SPX,european,SPXW260828P07405000,put,2026-08-13,7748.5,7405.0,2026-08-28,0.03707000017166138,0.013,0.15639576522827148,9.2,9.0,9.4,0.40000000000000036,11.0,0.0,yahoo,0.1633324450351705,True
SPX,european,SPXW260828P07410000,put,2026-08-13,7748.5,7410.0,2026-08-28,0.03707000017166138,0.013,0.1550377465820313,9.35,9.2,9.5,0.3000000000000007,6.0,0.0,yahoo,0.1621658322205847,True
SPX,european,SPXW260828P07415000,put,2026-08-13,7748.5,7415.0,2026-08-28,0.03707000017166138,0.013,0.15406882316589357,9.55,9.4,9.7,0.29999999999999893,195.0,0.0,yahoo,0.16119314814336708,True
SPX,european,SPXW260828P07420000,put,2026-08-13,7748.5,7420.0,2026-08-28,0.03707000017166138,0.013,0.15347373634338382,9.8,9.6,10.0,0.40000000000000036,30.0,0.0,yahoo,0.1604038329608804,True
SPX,european,SPXW260828P07425000,put,2026-08-13,7748.5,7425.0,2026-08-28,0.03707000017166138,0.013,0.152451407699585,10.0,9.8,10.2,0.3999999999999986,242.0,0.0,yahoo,0.15938123096868662,True
SPX,european,SPXW260828P07430000,put,2026-08-13,7748.5,7430.0,2026-08-28,0.03707000017166138,0.013,0.15179528633117675,10.3,10.1,10.5,0.40000000000000036,15.0,0.0,yahoo,0.15873475342576115,True
SPX,european,SPXW260828P07435000,put,2026-08-13,7748.5,7435.0,2026-08-28,0.03707000017166138,0.013,0.15072718177795416,10.5,10.3,10.7,0.3999999999999986,33.0,0.0,yahoo,0.15766091689924466,True
SPX,european,SPXW260828P07445000,put,2026-08-13,7748.5,7445.0,2026-08-28,0.03707000017166138,0.013,0.14888851608276366,11.05,10.9,11.2,0.29999999999999893,11.0,0.0,yahoo,0.15601522571997312,True
SPX,european,SPXW260828P07450000,put,2026-08-13,7748.5,7450.0,2026-08-28,0.03707000017166138,0.013,0.1481103256225586,11.3,11.1,11.5,0.40000000000000036,10.0,0.0,yahoo,0.15505351373878273,True
SPX,european,SPXW260828P07460000,put,2026-08-13,7748.5,7460.0,2026-08-28,0.03707000017166138,0.013,0.14611144424438477,11.85,11.7,12.0,0.3000000000000007,82.0,0.0,yahoo,0.15322902636995148,True
SPX,european,SPXW260828P07465000,put,2026-08-13,7748.5,7465.0,2026-08-28,0.03707000017166138,0.013,0.14524170196533204,12.15,12.0,12.3,0.3000000000000007,5.0,0.0,yahoo,0.15236087853800687,True
SPX,european,SPXW260828P07470000,put,2026-08-13,7748.5,7470.0,2026-08-28,0.03707000017166138,0.013,0.14434144241333008,12.45,12.3,12.6,0.29999999999999893,34.0,0.0,yahoo,0.15146129524452734,True
SPX,european,SPXW260828P07480000,put,2026-08-13,7748.5,7480.0,2026-08-28,0.03707000017166138,0.013,0.14308260490417482,13.2,13.0,13.4,0.40000000000000036,29.0,0.0,yahoo,0.15006762260414663,True
SPX,european,SPXW260828P07485000,put,2026-08-13,7748.5,7485.0,2026-08-28,0.03707000017166138,0.013,0.14209079353332518,13.55,13.4,13.7,0.29999999999999893,15.0,0.0,yahoo,0.14923130033429022,True
SPX,european,SPXW260828P07495000,put,2026-08-13,7748.5,7495.0,2026-08-28,0.03707000017166138,0.013,0.14060689113616942,14.3,14.1,14.5,0.40000000000000036,12.0,0.0,yahoo,0.1476120371188253,True
SPX,european,SPXW260828P07505000,put,2026-08-13,7748.5,7505.0,2026-08-28,0.03707000017166138,0.013,0.13868811759948732,15.0,14.8,15.2,0.3999999999999986,8.0,0.0,yahoo,0.14569785250463074,True
SPX,european,SPXW260828P07510000,put,2026-08-13,7748.5,7510.0,2026-08-28,0.03707000017166138,0.013,0.1378260046386719,15.399999999999999,15.2,15.6,0.40000000000000036,41.0,0.0,yahoo,0.14484082312750887,True
SPX,european,SPXW260828P07515000,put,2026-08-13,7748.5,7515.0,2026-08-28,0.03707000017166138,0.013,0.13720040054321292,15.9,15.7,16.1,0.40000000000000213,40.0,0.0,yahoo,0.14423822025474503,True
SPX,european,SPXW260828P07520000,put,2026-08-13,7748.5,7520.0,2026-08-28,0.03707000017166138,0.013,0.13626199440002443,16.3,16.1,16.5,0.3999999999999986,64.0,0.0,yahoo,0.14330352143224562,True
SPX,european,SPXW260828P07525000,put,2026-08-13,7748.5,7525.0,2026-08-28,0.03707000017166138,0.013,0.13528925632476813,16.65,16.4,16.9,0.5,6.0,0.0,yahoo,0.14219307345922685,True
SPX,european,SPXW260828P07530000,put,2026-08-13,7748.5,7530.0,2026-08-28,0.03707000017166138,0.013,0.13454539779663088,17.2,17.0,17.4,0.3999999999999986,56.0,0.0,yahoo,0.14160503698675525,True
SPX,european,SPXW260828P07535000,put,2026-08-13,7748.5,7535.0,2026-08-28,0.03707000017166138,0.013,0.13375957801818847,17.7,17.5,17.9,0.3999999999999986,217.0,0.0,yahoo,0.14083275130919115,True
SPX,european,SPXW260828P07540000,put,2026-08-13,7748.5,7540.0,2026-08-28,0.03707000017166138,0.013,0.1329317969894409,18.2,18.0,18.4,0.3999999999999986,13.0,0.0,yahoo,0.14001769869790853,True
SPX,european,SPXW260828P07550000,put,2026-08-13,7748.5,7550.0,2026-08-28,0.03707000017166138,0.013,0.13115416584014894,19.2,19.0,19.4,0.3999999999999986,134.0,0.0,yahoo,0.13826259009149752,True
SPX,european,SPXW260828P07555000,put,2026-08-13,7748.5,7555.0,2026-08-28,0.03707000017166138,0.013,0.13044845390319823,19.8,19.6,20.0,0.3999999999999986,11.0,0.0,yahoo,0.13757635533387408,True
SPX,european,SPXW260828P07560000,put,2026-08-13,7748.5,7560.0,2026-08-28,0.03707000017166138,0.013,0.12946045719146732,20.3,20.1,20.5,0.3999999999999986,112.0,0.0,yahoo,0.13659370307046803,True
SPX,european,SPXW260828P07565000,put,2026-08-13,7748.5,7565.0,2026-08-28,0.03707000017166138,0.013,0.12866319343566893,20.85,20.6,21.1,0.5,50.0,0.0,yahoo,0.13569383468311164,True
SPX,european,SPXW260828P07570000,put,2026-08-13,7748.5,7570.0,2026-08-28,0.03707000017166138,0.013,0.12782396842956542,21.5,21.3,21.7,0.3999999999999986,57.0,0.0,yahoo,0.13499112417072268,True
SPX,european,SPXW260828P07580000,put,2026-08-13,7748.5,7580.0,2026-08-28,0.03707000017166138,0.013,0.12622944091796873,22.8,22.6,23.0,0.3999999999999986,16.0,0.0,yahoo,0.13343645648412825,True
SPX,european,SPXW260828P07585000,put,2026-08-13,7748.5,7585.0,2026-08-28,0.03707000017166138,0.013,0.12568775932312012,23.6,23.4,23.8,0.40000000000000213,23.0,0.0,yahoo,0.13292786261455872,True
SPX,european,SPXW260828P07590000,put,2026-08-13,7748.5,7590.0,2026-08-28,0.03707000017166138,0.013,0.12487523693084716,24.3,24.1,24.5,0.3999999999999986,96.0,0.0,yahoo,0.1321366858942142,True
SPX,european,SPXW260828P07595000,put,2026-08-13,7748.5,7595.0,2026-08-28,0.03707000017166138,0.013,0.12401693862915039,24.95,24.7,25.2,0.5,31.0,0.0,yahoo,0.1311851275882239,True
SPX,european,SPXW260828P07600000,put,2026-08-13,7748.5,7600.0,2026-08-28,0.03707000017166138,0.013,0.12331122669219972,25.75,25.5,26.0,0.5,36.0,0.0,yahoo,0.1305127977124497,True
SPX,european,SPXW260828P07605000,put,2026-08-13,7748.5,7605.0,2026-08-28,0.03707000017166138,0.013,0.122353747253418,26.5,26.3,26.7,0.3999999999999986,14.0,0.0,yahoo,0.12967808638146183,True
SPX,european,SPXW260828P07610000,put,2026-08-13,7748.5,7610.0,2026-08-28,0.03707000017166138,0.013,0.12174721645355226,27.4,27.2,27.6,0.40000000000000213,100.0,0.0,yahoo,0.12910697854445297,True
SPX,european,SPXW260828P07615000,put,2026-08-13,7748.5,7615.0,2026-08-28,0.03707000017166138,0.013,0.12088128883361818,28.15,27.9,28.4,0.5,5.0,0.0,yahoo,0.12816519325392103,True
SPX,european,SPXW260828P07620000,put,2026-08-13,7748.5,7620.0,2026-08-28,0.03707000017166138,0.013,0.11977503768920897,28.9,28.7,29.1,0.40000000000000213,152.0,0.0,yahoo,0.1271730909836487,True
SPX,european,SPXW260828P07625000,put,2026-08-13,7748.5,7625.0,2026-08-28,0.03707000017166138,0.013,0.11919139484405518,29.9,29.7,30.1,0.40000000000000213,29.0,0.0,yahoo,0.12663348220868192,True
SPX,european,SPXW260828P07630000,put,2026-08-13,7748.5,7630.0,2026-08-28,0.03707000017166138,0.013,0.11855053211212159,30.85,30.6,31.1,0.5,60.0,0.0,yahoo,0.12593094676400407,True
SPX,european,SPXW260828P07635000,put,2026-08-13,7748.5,7635.0,2026-08-28,0.03707000017166138,0.013,0.1178448201751709,31.85,31.6,32.1,0.5,15.0,0.0,yahoo,0.12526584656856787,True
SPX,european,SPXW260828P07640000,put,2026-08-13,7748.5,7640.0,2026-08-28,0.03707000017166138,0.013,0.11689497005462646,32.8,32.6,33.0,0.3999999999999986,32.0,0.0,yahoo,0.12444246851161307,True
SPX,european,SPXW260828P07645000,put,2026-08-13,7748.5,7645.0,2026-08-28,0.03707000017166138,0.013,0.11625410732269288,33.85,33.6,34.1,0.5,5.0,0.0,yahoo,0.12375010905211015,True
SPX,european,SPXW260828P07650000,put,2026-08-13,7748.5,7650.0,2026-08-28,0.03707000017166138,0.013,0.11536910640716554,34.85,34.6,35.1,0.5,110.0,0.0,yahoo,0.12290075165016782,True
SPX,european,SPXW260828P07655000,put,2026-08-13,7748.5,7655.0,2026-08-28,0.03707000017166138,0.013,0.1146004525947571,35.95,35.7,36.2,0.5,7.0,0.0,yahoo,0.12217599820896441,True
SPX,european,SPXW260828P07660000,put,2026-08-13,7748.5,7660.0,2026-08-28,0.03707000017166138,0.013,0.11359338258743285,37.0,36.8,37.2,0.4000000000000057,23.0,0.0,yahoo,0.12129523960968594,True
SPX,european,SPXW260828P07665000,put,2026-08-13,7748.5,7665.0,2026-08-28,0.03707000017166138,0.013,0.11287241201400755,38.15,37.9,38.4,0.5,17.0,0.0,yahoo,0.12053299111326929,True
SPX,european,SPXW260828P07670000,put,2026-08-13,7748.5,7670.0,2026-08-28,0.03707000017166138,0.013,0.11208468490600584,39.35,39.1,39.6,0.5,24.0,0.0,yahoo,0.11979391581411357,True
SPX,european,SPXW260828P07675000,put,2026-08-13,7748.5,7675.0,2026-08-28,0.03707000017166138,0.013,0.11139804626464843,40.65,40.4,40.9,0.5,17.0,0.0,yahoo,0.11916355208924183,True
SPX,european,SPXW260828P07680000,put,2026-08-13,7748.5,7680.0,2026-08-28,0.03707000017166138,0.013,0.11063892910003663,41.95,41.7,42.2,0.5,178.0,0.0,yahoo,0.11846187672626826,True
SPX,european,SPXW260828P07685000,put,2026-08-13,7748.5,7685.0,2026-08-28,0.03707000017166138,0.013,0.11014111608505248,43.45,43.2,43.7,0.5,75.0,0.0,yahoo,0.11803486805852255,True
SPX,european,SPXW260828P07690000,put,2026-08-13,7748.5,7690.0,2026-08-28,0.03707000017166138,0.013,0.1092389492034912,44.75,44.5,45.0,0.5,40.0,0.0,yahoo,0.11718815264708676,True
SPX,european,SPXW260828P07695000,put,2026-08-13,7748.5,7695.0,2026-08-28,0.03707000017166138,0.013,0.10826621112823485,46.05,45.8,46.3,0.5,5.0,0.0,yahoo,0.11627076017200602,True
SPX,european,SPXW260828P07705000,put,2026-08-13,7748.5,7705.0,2026-08-28,0.03707000017166138,0.013,0.10690437782287598,49.15,48.9,49.4,0.5,11.0,0.0,yahoo,0.11505662629877934,True
SPX,european,SPXW260828P07710000,put,2026-08-13,7748.5,7710.0,2026-08-28,0.03707000017166138,0.013,0.10634362293243409,50.85,50.6,51.1,0.5,54.0,0.0,yahoo,0.1145806277249051,True
SPX,european,SPXW260828P07715000,put,2026-08-13,7748.5,7715.0,2026-08-28,0.03707000017166138,0.013,0.10538614349365234,52.35,52.1,52.6,0.5,44.0,0.0,yahoo,0.11369406563888329,True
SPX,european,SPXW260828P07720000,put,2026-08-13,7748.5,7720.0,2026-08-28,0.03707000017166138,0.013,0.10481775928497312,54.15,53.9,54.4,0.5,45.0,0.0,yahoo,0.11322004893540863,True
SPX,european,SPXW260828P07725000,put,2026-08-13,7748.5,7725.0,2026-08-28,0.03707000017166138,0.013,0.10385265052795409,55.75,55.5,56.0,0.5,47.0,0.0,yahoo,0.1123369968312174,True
SPX,european,SPXW260828P07730000,put,2026-08-13,7748.5,7730.0,2026-08-28,0.03707000017166138,0.013,0.10311832864761353,57.55,57.3,57.8,0.5,51.0,0.0,yahoo,0.11169629952423163,True
SPX,european,SPXW260828P07735000,put,2026-08-13,7748.5,7735.0,2026-08-28,0.03707000017166138,0.013,0.10244885597229003,59.400000000000006,59.1,59.7,0.6000000000000014,12.0,0.0,yahoo,0.1110511383002077,True
SPX,european,SPXW260828P07740000,put,2026-08-13,7748.5,7740.0,2026-08-28,0.03707000017166138,0.013,0.10169355346679687,61.3,61.0,61.6,0.6000000000000014,24.0,0.0,yahoo,0.11039983820506155,True
SPX,european,SPXW260828P07745000,put,2026-08-13,7748.5,7745.0,2026-08-28,0.03707000017166138,0.013,0.1011556865310669,63.45,63.2,63.7,0.5,12.0,0.0,yahoo,0.11006098671316353,True
SPX,european,SPXW260828P07750000,put,2026-08-13,7748.5,7750.0,2026-08-28,0.03707000017166138,0.013,0.1003698667526245,65.4,65.1,65.7,0.6000000000000085,5.0,0.0,yahoo,0.10931196177180555,True
SPX,european,SPXW260828P07755000,put,2026-08-13,7748.5,7755.0,2026-08-28,0.03707000017166138,0.013,0.09933418680191039,67.35,67.1,67.6,0.5,34.0,0.0,yahoo,0.10847241125347967,True
SPX,european,SPXW260828P07760000,put,2026-08-13,7748.5,7760.0,2026-08-28,0.03707000017166138,0.013,0.0991301025390625,69.8,69.5,70.1,0.5999999999999943,31.0,0.0,yahoo,0.10833886729353807,True
SPX,european,SPXW260828P07770000,put,2026-08-13,7748.5,7770.0,2026-08-28,0.03707000017166138,0.013,0.09703204002380372,73.95,73.7,74.2,0.5,14.0,0.0,yahoo,0.10659044781037312,True
SPX,european,SPXW260828P07780000,put,2026-08-13,7748.5,7780.0,2026-08-28,0.03707000017166138,0.013,0.09560535751342775,78.7,78.4,79.0,0.5999999999999943,15.0,0.0,yahoo,0.10541286129713662,True
SPX,european,SPXW260828P07790000,put,2026-08-13,7748.5,7790.0,2026-08-28,0.03707000017166138,0.013,0.09390211221694947,83.65,83.4,83.9,0.5,15.0,0.0,yahoo,0.10415625934474253,True
SPX,european,SPXW260828P07800000,put,2026-08-13,7748.5,7800.0,2026-08-28,0.03707000017166138,0.013,0.09319830760955812,89.4,89.1,89.7,0.6000000000000085,17.0,0.0,yahoo,0.10379899721562354,True
SPX,european,SPXW260828P07820000,put,2026-08-13,7748.5,7820.0,2026-08-28,0.03707000017166138,0.013,0.08954767883300781,100.55,100.3,100.8,0.5,14.0,0.0,yahoo,0.1012472731033126,True
SPX,european,SPXW260828P07900000,put,2026-08-13,7748.5,7900.0,2026-08-28,0.03707000017166138,0.013,0.07365580894470217,155.1,152.7,157.5,4.800000000000011,5.0,0.0,yahoo,0.08938460105645145,True
SPX,european,SPXW260831C05900000,call,2026-08-13,7748.5,5900.0,2026-08-31,0.03707000017166138,0.013,0.6564212825012208,1862.25,1858.4,1866.1,7.699999999999818,5.0,0.0,yahoo,0.617639027172102,True
SPX,european,SPXW260831C05910000,call,2026-08-13,7748.5,5910.0,2026-08-31,0.03707000017166138,0.013,0.65039412109375,1851.95,1848.4,1855.5,7.099999999999909,5.0,0.0,yahoo,0.6103950641080857,True
SPX,european,SPXW260831C06000000,call,2026-08-13,7748.5,6000.0,2026-08-31,0.03707000017166138,0.013,0.6212196081542969,1762.15,1758.6,1765.7,7.100000000000136,172.0,0.0,yahoo,0.5814139397518264,True
SPX,european,SPXW260831C06180000,call,2026-08-13,7748.5,6180.0,2026-08-31,0.03707000017166138,0.013,0.5640912731933594,1582.65,1579.1,1586.2,7.100000000000136,6.0,0.0,yahoo,0.5253139087811299,True
SPX,european,SPXW260831C06250000,call,2026-08-13,7748.5,6250.0,2026-08-31,0.03707000017166138,0.013,0.536183227081299,1512.05,1508.3,1515.8,7.5,7.0,0.0,yahoo,0.49506072113259975,True
SPX,european,SPXW260831C06275000,call,2026-08-13,7748.5,6275.0,2026-08-31,0.03707000017166138,0.013,0.5343369320678711,1487.95,1484.4,1491.5,7.099999999999909,8.0,0.0,yahoo,0.4963624356596521,True
SPX,european,SPXW260831C06340000,call,2026-08-13,7748.5,6340.0,2026-08-31,0.03707000017166138,0.013,0.5159807923889161,1423.4499999999998,1419.6,1427.3,7.7000000000000455,18.0,0.0,yahoo,0.47952420080447294,True
SPX,european,SPXW260831C06400000,call,2026-08-13,7748.5,6400.0,2026-08-31,0.03707000017166138,0.013,0.5171099314880372,1363.35,1359.8,1366.9,7.100000000000136,6.0,0.0,yahoo,0.45850221071180336,True
SPX,european,SPXW260831C06460000,call,2026-08-13,7748.5,6460.0,2026-08-31,0.03707000017166138,0.013,0.49424486473083495,1302.7,1298.9,1306.5,7.599999999999909,8.0,0.0,yahoo,0.4323667841508589,True
SPX,european,SPXW260831C06480000,call,2026-08-13,7748.5,6480.0,2026-08-31,0.03707000017166138,0.013,0.49408464904785165,1283.85,1280.0,1287.7,7.7000000000000455,18.0,0.0,yahoo,0.43655396956409026,True
SPX,european,SPXW260831C06590000,call,2026-08-13,7748.5,6590.0,2026-08-31,0.03707000017166138,0.013,0.4588677160644532,1174.35,1170.5,1178.2,7.7000000000000455,8.0,0.0,yahoo,0.40448531204022803,True
SPX,european,SPXW260831C06860000,call,2026-08-13,7748.5,6860.0,2026-08-31,0.03707000017166138,0.013,0.37023029678344727,905.55,902.0,909.1,7.100000000000023,5.0,0.0,yahoo,0.3248168402570331,True
SPX,european,SPXW260831C06865000,call,2026-08-13,7748.5,6865.0,2026-08-31,0.03707000017166138,0.013,0.3689333126831055,900.6,897.0,904.2,7.2000000000000455,5.0,0.0,yahoo,0.32351138665436724,True
SPX,european,SPXW260831C06880000,call,2026-08-13,7748.5,6880.0,2026-08-31,0.03707000017166138,0.013,0.36417261810302737,885.7,882.1,889.3,7.199999999999932,18.0,0.0,yahoo,0.3192556488707594,True
SPX,european,SPXW260831C06920000,call,2026-08-13,7748.5,6920.0,2026-08-31,0.03707000017166138,0.013,0.3499515689086914,845.35,841.5,849.2,7.7000000000000455,18.0,0.0,yahoo,0.30392890559435887,True
SPX,european,SPXW260831C06940000,call,2026-08-13,7748.5,6940.0,2026-08-31,0.03707000017166138,0.013,0.3454502711486816,826.2,822.6,829.8,7.199999999999932,15.0,0.0,yahoo,0.30272280760606046,True
SPX,european,SPXW260831C06960000,call,2026-08-13,7748.5,6960.0,2026-08-31,0.03707000017166138,0.013,0.3412312581634521,806.65,802.8,810.5,7.7000000000000455,15.0,0.0,yahoo,0.298823985129081,True
SPX,european,SPXW260831C06990000,call,2026-08-13,7748.5,6990.0,2026-08-31,0.03707000017166138,0.013,0.32807831352233885,775.95,772.1,779.8,7.699999999999932,15.0,0.0,yahoo,0.28482702849834507,True
SPX,european,SPXW260831C07025000,call,2026-08-13,7748.5,7025.0,2026-08-31,0.03707000017166138,0.013,0.318869726409912,742.0,738.4,745.6,7.2000000000000455,5.0,0.0,yahoo,0.27932904823854304,True
SPX,european,SPXW260831C07095000,call,2026-08-13,7748.5,7095.0,2026-08-31,0.03707000017166138,0.013,0.2991097921752929,673.15,669.3,677.0,7.7000000000000455,10.0,0.0,yahoo,0.26200577652871465,True
SPX,european,SPXW260831C07110000,call,2026-08-13,7748.5,7110.0,2026-08-31,0.03707000017166138,0.013,0.29241125076293933,658.05,654.5,661.6,7.100000000000023,5.0,0.0,yahoo,0.25648024923967827,True
SPX,european,SPXW260831C07160000,call,2026-08-13,7748.5,7160.0,2026-08-31,0.03707000017166138,0.013,0.278777659072876,609.05,605.2,612.9,7.699999999999932,5.0,0.0,yahoo,0.24431800021112335,True
SPX,european,SPXW260831C07275000,call,2026-08-13,7748.5,7275.0,2026-08-31,0.03707000017166138,0.013,0.24203486244201658,496.15,492.6,499.7,7.099999999999966,27.0,0.0,yahoo,0.21330099388549909,True
SPX,european,SPXW260831C07290000,call,2026-08-13,7748.5,7290.0,2026-08-31,0.03707000017166138,0.013,0.23918912673950193,481.85,478.0,485.7,7.699999999999989,8.0,0.0,yahoo,0.2106030290727371,True
SPX,european,SPXW260831C07300000,call,2026-08-13,7748.5,7300.0,2026-08-31,0.03707000017166138,0.013,0.23461153579711913,471.85,468.3,475.4,7.099999999999966,8.0,0.0,yahoo,0.2070547771077192,True
SPX,european,SPXW260831C07310000,call,2026-08-13,7748.5,7310.0,2026-08-31,0.03707000017166138,0.013,0.23298649101257327,462.4,458.6,466.2,7.599999999999966,6.0,0.0,yahoo,0.20544712589279343,True
SPX,european,SPXW260831C07320000,call,2026-08-13,7748.5,7320.0,2026-08-31,0.03707000017166138,0.013,0.22866066757202147,452.45,448.9,456.0,7.100000000000023,10.0,0.0,yahoo,0.2020409877270976,True
SPX,european,SPXW260831C07345000,call,2026-08-13,7748.5,7345.0,2026-08-31,0.03707000017166138,0.013,0.21965044273376463,427.45,423.7,431.2,7.5,13.0,0.0,yahoo,0.1930584833311246,True
SPX,european,SPXW260831C07370000,call,2026-08-13,7748.5,7370.0,2026-08-31,0.03707000017166138,0.013,0.21525214076995847,404.45000000000005,400.6,408.3,7.699999999999989,6.0,0.0,yahoo,0.19042937479586933,True
SPX,european,SPXW260831C07375000,call,2026-08-13,7748.5,7375.0,2026-08-31,0.03707000017166138,0.013,0.21402382053375246,399.70000000000005,395.8,403.6,7.800000000000011,54.0,0.0,yahoo,0.1893548254257148,True
SPX,european,SPXW260831C07400000,call,2026-08-13,7748.5,7400.0,2026-08-31,0.03707000017166138,0.013,0.20417437068939204,374.8,371.0,378.6,7.600000000000023,151.0,0.0,yahoo,0.18035793729295047,True
SPX,european,SPXW260831C07415000,call,2026-08-13,7748.5,7415.0,2026-08-31,0.03707000017166138,0.013,0.20122563919067382,361.29999999999995,357.7,364.9,7.199999999999989,15.0,0.0,yahoo,0.17907746376375666,True
SPX,european,SPXW260831C07420000,call,2026-08-13,7748.5,7420.0,2026-08-31,0.03707000017166138,0.013,0.20081365600585935,356.8,353.0,360.6,7.600000000000023,7.0,0.0,yahoo,0.17858069693236453,True
SPX,european,SPXW260831C07435000,call,2026-08-13,7748.5,7435.0,2026-08-31,0.03707000017166138,0.013,0.19562953426361085,342.4,338.8,346.0,7.199999999999989,16.0,0.0,yahoo,0.17446725801500818,True
SPX,european,SPXW260831C07440000,call,2026-08-13,7748.5,7440.0,2026-08-31,0.03707000017166138,0.013,0.1944736925506592,337.79999999999995,334.2,341.4,7.199999999999989,27.0,0.0,yahoo,0.17360921608322058,True
SPX,european,SPXW260831C07445000,call,2026-08-13,7748.5,7445.0,2026-08-31,0.03707000017166138,0.013,0.19286390640258788,333.0,329.4,336.6,7.2000000000000455,17.0,0.0,yahoo,0.1721967383206712,True
SPX,european,SPXW260831C07455000,call,2026-08-13,7748.5,7455.0,2026-08-31,0.03707000017166138,0.013,0.19025849422454838,323.65,320.0,327.3,7.300000000000011,17.0,0.0,yahoo,0.16998511080516293,True
SPX,european,SPXW260831C07500000,call,2026-08-13,7748.5,7500.0,2026-08-31,0.03707000017166138,0.013,0.17506089229583738,282.05,280.0,284.1,4.100000000000023,7.0,0.0,yahoo,0.16020705166371224,True
SPX,european,SPXW260831C07525000,call,2026-08-13,7748.5,7525.0,2026-08-31,0.03707000017166138,0.013,0.17044896942138676,258.75,255.2,262.3,7.100000000000023,30.0,0.0,yahoo,0.1536102625527747,True
SPX,european,SPXW260831C07530000,call,2026-08-13,7748.5,7530.0,2026-08-31,0.03707000017166138,0.013,0.1693694208908081,254.25,250.6,257.9,7.299999999999983,43.0,0.0,yahoo,0.15258144312804747,True
SPX,european,SPXW260831C07540000,call,2026-08-13,7748.5,7540.0,2026-08-31,0.03707000017166138,0.013,0.16639017211914067,245.45,242.2,248.7,6.5,10.0,0.0,yahoo,0.15086622234862757,True
SPX,european,SPXW260831C07550000,call,2026-08-13,7748.5,7550.0,2026-08-31,0.03707000017166138,0.013,0.16406704471588135,236.4,232.9,239.9,7.0,8.0,0.0,yahoo,0.14850376236451804,True
SPX,european,SPXW260831C07555000,call,2026-08-13,7748.5,7555.0,2026-08-31,0.03707000017166138,0.013,0.16395260494232178,232.6,229.1,236.1,7.0,80.0,0.0,yahoo,0.14876521831677672,True
SPX,european,SPXW260831C07560000,call,2026-08-13,7748.5,7560.0,2026-08-31,0.03707000017166138,0.013,0.1614616325378418,227.85,224.7,231.0,6.300000000000011,22.0,0.0,yahoo,0.14704936690745338,True
SPX,european,SPXW260831C07565000,call,2026-08-13,7748.5,7565.0,2026-08-31,0.03707000017166138,0.013,0.16163329219818112,224.0,220.6,227.4,6.800000000000011,22.0,0.0,yahoo,0.14711060253806924,True
SPX,european,SPXW260831C07570000,call,2026-08-13,7748.5,7570.0,2026-08-31,0.03707000017166138,0.013,0.15911370985031129,219.15,216.0,222.3,6.300000000000011,22.0,0.0,yahoo,0.145148419886101,True
SPX,european,SPXW260831C07580000,call,2026-08-13,7748.5,7580.0,2026-08-31,0.03707000017166138,0.013,0.15717395568847659,210.4,206.9,213.9,7.0,13.0,0.0,yahoo,0.1430171917539391,True
SPX,european,SPXW260831C07590000,call,2026-08-13,7748.5,7590.0,2026-08-31,0.03707000017166138,0.013,0.15323341281890873,202.05,199.7,204.4,4.700000000000017,50.0,0.0,yahoo,0.14150900014493045,True
SPX,european,SPXW260831C07595000,call,2026-08-13,7748.5,7595.0,2026-08-31,0.03707000017166138,0.013,0.15284050292968754,198.25,195.9,200.6,4.699999999999989,100.0,0.0,yahoo,0.14138843434551318,True
SPX,european,SPXW260831C07600000,call,2026-08-13,7748.5,7600.0,2026-08-31,0.03707000017166138,0.013,0.1510666864395142,194.25,192.5,196.0,3.5,43.0,0.0,yahoo,0.140844712358572,True
SPX,european,SPXW260831C07605000,call,2026-08-13,7748.5,7605.0,2026-08-31,0.03707000017166138,0.013,0.1502656080245972,189.6,187.2,192.0,4.800000000000011,21.0,0.0,yahoo,0.13907839892353743,True
SPX,european,SPXW260831C07610000,call,2026-08-13,7748.5,7610.0,2026-08-31,0.03707000017166138,0.013,0.15041437973022465,186.2,183.8,188.6,4.799999999999983,16.0,0.0,yahoo,0.13952690689939748,True
SPX,european,SPXW260831C07620000,call,2026-08-13,7748.5,7620.0,2026-08-31,0.03707000017166138,0.013,0.1471490315246582,177.3,174.9,179.7,4.799999999999983,56.0,0.0,yahoo,0.13654274251207932,True
SPX,european,SPXW260831C07665000,call,2026-08-13,7748.5,7665.0,2026-08-31,0.03707000017166138,0.013,0.13595682167053222,142.65,142.4,142.9,0.5,9.0,0.0,yahoo,0.13025541996910986,True
SPX,european,SPXW260831C07670000,call,2026-08-13,7748.5,7670.0,2026-08-31,0.03707000017166138,0.013,0.13420207847595214,138.3,138.0,138.6,0.5999999999999943,11.0,0.0,yahoo,0.12851521652933498,True
SPX,european,SPXW260831C07675000,call,2026-08-13,7748.5,7675.0,2026-08-31,0.03707000017166138,0.013,0.1342058931350708,135.2,134.9,135.5,0.5999999999999943,5.0,0.0,yahoo,0.1287049599535529,True
SPX,european,SPXW260831C07680000,call,2026-08-13,7748.5,7680.0,2026-08-31,0.03707000017166138,0.013,0.13325604301452634,131.55,131.3,131.8,0.5,5.0,0.0,yahoo,0.1279673748485185,True
SPX,european,SPXW260831C07695000,call,2026-08-13,7748.5,7695.0,2026-08-31,0.03707000017166138,0.013,0.1307002214050293,120.85,120.6,121.1,0.5,5.0,0.0,yahoo,0.1258067297326441,True
SPX,european,SPXW260831C07700000,call,2026-08-13,7748.5,7700.0,2026-08-31,0.03707000017166138,0.013,0.12896836616516114,116.75,116.5,117.0,0.5,26.0,0.0,yahoo,0.12416321816961295,True
SPX,european,SPXW260831C07710000,call,2026-08-13,7748.5,7710.0,2026-08-31,0.03707000017166138,0.013,0.12767328939437866,110.1,109.8,110.4,0.6000000000000085,14.0,0.0,yahoo,0.12305646523331593,True
SPX,european,SPXW260831C07715000,call,2026-08-13,7748.5,7715.0,2026-08-31,0.03707000017166138,0.013,0.12722697427749635,107.0,106.7,107.3,0.5999999999999943,18.0,0.0,yahoo,0.12274517299233219,True
SPX,european,SPXW260831C07720000,call,2026-08-13,7748.5,7720.0,2026-08-31,0.03707000017166138,0.013,0.1261455184173584,103.5,103.2,103.8,0.5999999999999943,12.0,0.0,yahoo,0.12177390867135314,True
SPX,european,SPXW260831C07725000,call,2026-08-13,7748.5,7725.0,2026-08-31,0.03707000017166138,0.013,0.12586704830169676,100.65,100.4,100.9,0.5,30.0,0.0,yahoo,0.1217031512498676,True
SPX,european,SPXW260831C07730000,call,2026-08-13,7748.5,7730.0,2026-08-31,0.03707000017166138,0.013,0.12509648715972904,97.45,97.2,97.7,0.5,6.0,0.0,yahoo,0.12104775672424767,True
SPX,european,SPXW260831C07735000,call,2026-08-13,7748.5,7735.0,2026-08-31,0.03707000017166138,0.013,0.12412565641403198,94.1,93.8,94.4,0.6000000000000085,40.0,0.0,yahoo,0.12010672587358619,True
SPX,european,SPXW260831C07740000,call,2026-08-13,7748.5,7740.0,2026-08-31,0.03707000017166138,0.013,0.1233760758972168,91.0,90.7,91.3,0.5999999999999943,24.0,0.0,yahoo,0.11946707643071885,True
SPX,european,SPXW260831C07755000,call,2026-08-13,7748.5,7755.0,2026-08-31,0.03707000017166138,0.013,0.12159463008880615,82.3,82.0,82.6,0.5999999999999943,11.0,0.0,yahoo,0.11801373480093896,True
SPX,european,SPXW260831C07760000,call,2026-08-13,7748.5,7760.0,2026-08-31,0.03707000017166138,0.013,0.12030336797714233,79.0,78.7,79.3,0.5999999999999943,48.0,0.0,yahoo,0.11680580767901329,True
SPX,european,SPXW260831C07765000,call,2026-08-13,7748.5,7765.0,2026-08-31,0.03707000017166138,0.013,0.1202213528060913,76.65,76.4,76.9,0.5,11.0,0.0,yahoo,0.11691105194091289,True
SPX,european,SPXW260831C07770000,call,2026-08-13,7748.5,7770.0,2026-08-31,0.03707000017166138,0.013,0.11964533927917478,73.9,73.6,74.2,0.6000000000000085,16.0,0.0,yahoo,0.116360697993475,True
SPX,european,SPXW260831C07775000,call,2026-08-13,7748.5,7775.0,2026-08-31,0.03707000017166138,0.013,0.11900066188812254,71.25,71.0,71.5,0.5,465.0,0.0,yahoo,0.11588289275755959,True
SPX,european,SPXW260831C07780000,call,2026-08-13,7748.5,7780.0,2026-08-31,0.03707000017166138,0.013,0.11842846302032471,68.6,68.3,68.9,0.6000000000000085,48.0,0.0,yahoo,0.11533079118011046,True
SPX,european,SPXW260831C07785000,call,2026-08-13,7748.5,7785.0,2026-08-31,0.03707000017166138,0.013,0.11778378562927244,66.05,65.8,66.3,0.5,22.0,0.0,yahoo,0.11484998131093108,True
SPX,european,SPXW260831C07790000,call,2026-08-13,7748.5,7790.0,2026-08-31,0.03707000017166138,0.013,0.11721158676147461,63.55,63.3,63.8,0.5,5.0,0.0,yahoo,0.11436672702463628,True
SPX,european,SPXW260831C07795000,call,2026-08-13,7748.5,7795.0,2026-08-31,0.03707000017166138,0.013,0.11627699527740479,60.8,60.5,61.1,0.6000000000000014,22.0,0.0,yahoo,0.11343615837379033,True
SPX,european,SPXW260831C07805000,call,2026-08-13,7748.5,7805.0,2026-08-31,0.03707000017166138,0.013,0.1156361325454712,56.400000000000006,56.1,56.7,0.6000000000000014,7.0,0.0,yahoo,0.11297093696396358,True
SPX,european,SPXW260831C07810000,call,2026-08-13,7748.5,7810.0,2026-08-31,0.03707000017166138,0.013,0.11506011901855469,54.15,53.9,54.4,0.5,19.0,0.0,yahoo,0.11254762586466263,True
SPX,european,SPXW260831C07820000,call,2026-08-13,7748.5,7820.0,2026-08-31,0.03707000017166138,0.013,0.11397103384017943,49.8,49.6,50.0,0.3999999999999986,572.0,0.0,yahoo,0.11168798843710123,True
SPX,european,SPXW260831C07825000,call,2026-08-13,7748.5,7825.0,2026-08-31,0.03707000017166138,0.013,0.11330919048309325,47.55,47.3,47.8,0.5,78.0,0.0,yahoo,0.1110195426716972,True
SPX,european,SPXW260831C07830000,call,2026-08-13,7748.5,7830.0,2026-08-31,0.03707000017166138,0.013,0.11287050468444823,45.55,45.3,45.8,0.5,1006.0,0.0,yahoo,0.11065309811144419,True
SPX,european,SPXW260831C07835000,call,2026-08-13,7748.5,7835.0,2026-08-31,0.03707000017166138,0.013,0.11204272365570066,43.400000000000006,43.2,43.6,0.3999999999999986,16.0,0.0,yahoo,0.10996771007281485,True
SPX,european,SPXW260831C07840000,call,2026-08-13,7748.5,7840.0,2026-08-31,0.03707000017166138,0.013,0.11206561161041258,41.75,41.5,42.0,0.5,17.0,0.0,yahoo,0.10998787075053826,True
SPX,european,SPXW260831C07845000,call,2026-08-13,7748.5,7845.0,2026-08-31,0.03707000017166138,0.013,0.11122638660430907,39.65,39.4,39.9,0.5,8.0,0.0,yahoo,0.1092075340306274,True
SPX,european,SPXW260831C07855000,call,2026-08-13,7748.5,7855.0,2026-08-31,0.03707000017166138,0.013,0.11073429557800293,36.35,36.1,36.6,0.5,7.0,0.0,yahoo,0.10884466424508966,True
SPX,european,SPXW260831C07860000,call,2026-08-13,7748.5,7860.0,2026-08-31,0.03707000017166138,0.013,0.11028607313156127,34.7,34.5,34.9,0.3999999999999986,24.0,0.0,yahoo,0.10854054671753885,True
SPX,european,SPXW260831C07865000,call,2026-08-13,7748.5,7865.0,2026-08-31,0.03707000017166138,0.013,0.10975392818450928,33.0,32.8,33.2,0.4000000000000057,10.0,0.0,yahoo,0.10806547975178268,True
SPX,european,SPXW260831C07870000,call,2026-08-13,7748.5,7870.0,2026-08-31,0.03707000017166138,0.013,0.10981687005996704,31.7,31.5,31.9,0.3999999999999986,14.0,0.0,yahoo,0.10819139776652457,True
SPX,european,SPXW260831C07880000,call,2026-08-13,7748.5,7880.0,2026-08-31,0.03707000017166138,0.013,0.10867056499481202,28.45,28.2,28.7,0.5,30.0,0.0,yahoo,0.10705771648354796,True
SPX,european,SPXW260831C07885000,call,2026-08-13,7748.5,7885.0,2026-08-31,0.03707000017166138,0.013,0.10831580169677735,27.05,26.8,27.3,0.5,6.0,0.0,yahoo,0.10675419784708898,True
SPX,european,SPXW260831C07900000,call,2026-08-13,7748.5,7900.0,2026-08-31,0.03707000017166138,0.013,0.10749183532714844,23.25,23.0,23.5,0.5,12.0,0.0,yahoo,0.10606712691118504,True
SPX,european,SPXW260831C07905000,call,2026-08-13,7748.5,7905.0,2026-08-31,0.03707000017166138,0.013,0.10756431385040284,22.3,22.1,22.5,0.3999999999999986,10.0,0.0,yahoo,0.10628921313860226,True
SPX,european,SPXW260831C07910000,call,2026-08-13,7748.5,7910.0,2026-08-31,0.03707000017166138,0.013,0.10696922702789306,20.95,20.7,21.2,0.5,5.0,0.0,yahoo,0.10563065788206394,True
SPX,european,SPXW260831C07915000,call,2026-08-13,7748.5,7915.0,2026-08-31,0.03707000017166138,0.013,0.10688911918640137,19.95,19.7,20.2,0.5,9.0,0.0,yahoo,0.10559111578006171,True
SPX,european,SPXW260831C07920000,call,2026-08-13,7748.5,7920.0,2026-08-31,0.03707000017166138,0.013,0.10673271816253664,19.0,18.8,19.2,0.3999999999999986,5.0,0.0,yahoo,0.10557782950332642,True
SPX,european,SPXW260831C07925000,call,2026-08-13,7748.5,7925.0,2026-08-31,0.03707000017166138,0.013,0.10649239463806154,18.0,17.8,18.2,0.3999999999999986,16.0,0.0,yahoo,0.10537624390562661,True
SPX,european,SPXW260831C07930000,call,2026-08-13,7748.5,7930.0,2026-08-31,0.03707000017166138,0.013,0.10638939884185791,17.05,16.8,17.3,0.5,19.0,0.0,yahoo,0.10519783984548225,True
SPX,european,SPXW260831C07950000,call,2026-08-13,7748.5,7950.0,2026-08-31,0.03707000017166138,0.013,0.10537851417541505,13.600000000000001,13.4,13.8,0.40000000000000036,884.0,0.0,yahoo,0.10442433483325948,True
SPX,european,SPXW260831C07955000,call,2026-08-13,7748.5,7955.0,2026-08-31,0.03707000017166138,0.013,0.10508860008239745,12.8,12.6,13.0,0.40000000000000036,10.0,0.0,yahoo,0.1041598623299677,True
SPX,european,SPXW260831C07965000,call,2026-08-13,7748.5,7965.0,2026-08-31,0.03707000017166138,0.013,0.10476816871643066,11.399999999999999,11.2,11.6,0.40000000000000036,32.0,0.0,yahoo,0.1038892326644497,True
SPX,european,SPXW260831C07975000,call,2026-08-13,7748.5,7975.0,2026-08-31,0.03707000017166138,0.013,0.10468043155670165,10.2,10.0,10.4,0.40000000000000036,12.0,0.0,yahoo,0.10384388102323405,True
SPX,european,SPXW260831C07995000,call,2026-08-13,7748.5,7995.0,2026-08-31,0.03707000017166138,0.013,0.10415019393920896,8.05,7.9,8.2,0.29999999999999893,7.0,0.0,yahoo,0.10354460567576941,True
SPX,european,SPXW260831C08000000,call,2026-08-13,7748.5,8000.0,2026-08-31,0.03707000017166138,0.013,0.10431803894042967,7.6,7.4,7.8,0.39999999999999947,6.0,0.0,yahoo,0.10355704799918436,True
SPX,european,SPXW260831C08005000,call,2026-08-13,7748.5,8005.0,2026-08-31,0.03707000017166138,0.013,0.10406627143859862,7.1,6.9,7.3,0.39999999999999947,5.0,0.0,yahoo,0.10330849476586518,True
SPX,european,SPXW260831C08010000,call,2026-08-13,7748.5,8010.0,2026-08-31,0.03707000017166138,0.013,0.10408915939331054,6.75,6.6,6.9,0.3000000000000007,6.0,0.0,yahoo,0.10352976835519696,True
SPX,european,SPXW260831C08015000,call,2026-08-13,7748.5,8015.0,2026-08-31,0.03707000017166138,0.013,0.1040433834838867,6.35,6.2,6.5,0.2999999999999998,11.0,0.0,yahoo,0.10349221014233567,True
SPX,european,SPXW260831C08020000,call,2026-08-13,7748.5,8020.0,2026-08-31,0.03707000017166138,0.013,0.10431040962219237,6.0,5.8,6.2,0.40000000000000036,8.0,0.0,yahoo,0.10357650058032827,True
SPX,european,SPXW260831C08025000,call,2026-08-13,7748.5,8025.0,2026-08-31,0.03707000017166138,0.013,0.10453165985107421,5.7,5.5,5.9,0.40000000000000036,281.0,0.0,yahoo,0.10379985003040908,True
SPX,european,SPXW260831C08030000,call,2026-08-13,7748.5,8030.0,2026-08-31,0.03707000017166138,0.013,0.10426463371276853,5.3,5.1,5.5,0.40000000000000036,15.0,0.0,yahoo,0.10352210728107474,True
SPX,european,SPXW260831C08040000,call,2026-08-13,7748.5,8040.0,2026-08-31,0.03707000017166138,0.013,0.10482157394409178,4.85,4.7,5.0,0.2999999999999998,7.0,0.0,yahoo,0.10431975140091568,True
SPX,european,SPXW260831C08045000,call,2026-08-13,7748.5,8045.0,2026-08-31,0.03707000017166138,0.013,0.10477579803466797,4.5,4.3,4.7,0.40000000000000036,6.0,0.0,yahoo,0.10403300016287055,True
SPX,european,SPXW260831C08050000,call,2026-08-13,7748.5,8050.0,2026-08-31,0.03707000017166138,0.013,0.10515726394653321,4.35,4.2,4.5,0.2999999999999998,12.0,0.0,yahoo,0.10466750687262188,True
SPX,european,SPXW260831C08060000,call,2026-08-13,7748.5,8060.0,2026-08-31,0.03707000017166138,0.013,0.10524881576538087,3.8,3.6,4.0,0.3999999999999999,38.0,0.0,yahoo,0.10447474388387476,True
SPX,european,SPXW260831C08065000,call,2026-08-13,7748.5,8065.0,2026-08-31,0.03707000017166138,0.013,0.1054624366760254,3.5999999999999996,3.4,3.8,0.3999999999999999,15.0,0.0,yahoo,0.10468087776405857,True
SPX,european,SPXW260831C08070000,call,2026-08-13,7748.5,8070.0,2026-08-31,0.03707000017166138,0.013,0.10563028167724609,3.4000000000000004,3.2,3.6,0.3999999999999999,183.0,0.0,yahoo,0.1048273379527613,True
SPX,european,SPXW260831C08075000,call,2026-08-13,7748.5,8075.0,2026-08-31,0.03707000017166138,0.013,0.10573709213256835,3.25,3.1,3.4,0.2999999999999998,34.0,0.0,yahoo,0.10522199234914008,True
SPX,european,SPXW260831C08090000,call,2026-08-13,7748.5,8090.0,2026-08-31,0.03707000017166138,0.013,0.10666786895751953,2.825,2.7,2.95,0.25,8.0,0.0,yahoo,0.10630346185745841,True
SPX,european,SPXW260831C08095000,call,2026-08-13,7748.5,8095.0,2026-08-31,0.03707000017166138,0.013,0.10688148986816406,2.675,2.55,2.8,0.25,6.0,0.0,yahoo,0.10651094203323132,True
SPX,european,SPXW260831C08110000,call,2026-08-13,7748.5,8110.0,2026-08-31,0.03707000017166138,0.013,0.1075833871459961,2.275,2.15,2.4,0.25,30.0,0.0,yahoo,0.10718167213634328,True
SPX,european,SPXW260831C08135000,call,2026-08-13,7748.5,8135.0,2026-08-31,0.03707000017166138,0.013,0.10920080261230468,1.7999999999999998,1.7,1.9,0.19999999999999996,48.0,0.0,yahoo,0.10896475373906174,True
SPX,european,SPXW260831C08155000,call,2026-08-13,7748.5,8155.0,2026-08-31,0.03707000017166138,0.013,0.11072666625976563,1.5,1.4,1.6,0.20000000000000018,25.0,0.0,yahoo,0.1104569184651944,True
SPX,european,SPXW260831C08160000,call,2026-08-13,7748.5,8160.0,2026-08-31,0.03707000017166138,0.013,0.11130649444580076,1.475,1.4,1.55,0.15000000000000013,12.0,0.0,yahoo,0.11131219511886518,True
SPX,european,SPXW260831C08175000,call,2026-08-13,7748.5,8175.0,2026-08-31,0.03707000017166138,0.013,0.11289339263916015,1.325,1.25,1.4,0.1499999999999999,11.0,0.0,yahoo,0.1128890888392761,True
SPX,european,SPXW260831C08180000,call,2026-08-13,7748.5,8180.0,2026-08-31,0.03707000017166138,0.013,0.11335115173339844,1.275,1.2,1.35,0.15000000000000013,56.0,0.0,yahoo,0.11336232010384445,True
SPX,european,SPXW260831P06520000,put,2026-08-13,7748.5,6520.0,2026-08-31,0.03707000017166138,0.013,0.3065865240478516,1.025,0.95,1.1,0.15000000000000013,7.0,0.0,yahoo,0.3143750853127736,True
SPX,european,SPXW260831P06525000,put,2026-08-13,7748.5,6525.0,2026-08-31,0.03707000017166138,0.013,0.30536583312988286,1.025,0.95,1.1,0.15000000000000013,6.0,0.0,yahoo,0.3131338695898854,True
SPX,european,SPXW260831P06560000,put,2026-08-13,7748.5,6560.0,2026-08-31,0.03707000017166138,0.013,0.29846892944335934,1.075,1.0,1.15,0.1499999999999999,10.0,0.0,yahoo,0.3061496986999811,True
SPX,european,SPXW260831P06570000,put,2026-08-13,7748.5,6570.0,2026-08-31,0.03707000017166138,0.013,0.2974923767089843,1.125,1.05,1.2,0.1499999999999999,30.0,0.0,yahoo,0.3052885882319097,True
SPX,european,SPXW260831P06575000,put,2026-08-13,7748.5,6575.0,2026-08-31,0.03707000017166138,0.013,0.2962716857910156,1.125,1.05,1.2,0.1499999999999999,5.0,0.0,yahoo,0.3040415018001819,True
SPX,european,SPXW260831P06580000,put,2026-08-13,7748.5,6580.0,2026-08-31,0.03707000017166138,0.013,0.29505099487304687,1.125,1.05,1.2,0.1499999999999999,16.0,0.0,yahoo,0.30279491950391013,True
SPX,european,SPXW260831P06590000,put,2026-08-13,7748.5,6590.0,2026-08-31,0.03707000017166138,0.013,0.29407444213867184,1.175,1.1,1.25,0.1499999999999999,20.0,0.0,yahoo,0.3018555808284253,True
SPX,european,SPXW260831P06640000,put,2026-08-13,7748.5,6640.0,2026-08-31,0.03707000017166138,0.013,0.28449201843261707,1.275,1.2,1.35,0.15000000000000013,27.0,0.0,yahoo,0.29224327021991936,True
SPX,european,SPXW260831P06670000,put,2026-08-13,7748.5,6670.0,2026-08-31,0.03707000017166138,0.013,0.27960925476074217,1.375,1.3,1.45,0.1499999999999999,14.0,0.0,yahoo,0.28737524587423496,True
SPX,european,SPXW260831P06675000,put,2026-08-13,7748.5,6675.0,2026-08-31,0.03707000017166138,0.013,0.2783580465698242,1.375,1.3,1.45,0.1499999999999999,13.0,0.0,yahoo,0.28611272513793296,True
SPX,european,SPXW260831P06690000,put,2026-08-13,7748.5,6690.0,2026-08-31,0.03707000017166138,0.013,0.275825112915039,1.425,1.35,1.5,0.1499999999999999,15.0,0.0,yahoo,0.28358896886921614,True
SPX,european,SPXW260831P06700000,put,2026-08-13,7748.5,6700.0,2026-08-31,0.03707000017166138,0.013,0.27448235290527345,1.4500000000000002,1.35,1.55,0.19999999999999996,124.0,0.0,yahoo,0.2816732928235497,True
SPX,european,SPXW260831P06725000,put,2026-08-13,7748.5,6725.0,2026-08-31,0.03707000017166138,0.013,0.26938596832275385,1.525,1.45,1.6,0.15000000000000013,51.0,0.0,yahoo,0.2771118084382924,True
SPX,european,SPXW260831P06740000,put,2026-08-13,7748.5,6740.0,2026-08-31,0.03707000017166138,0.013,0.26673096557617193,1.575,1.5,1.65,0.1499999999999999,15.0,0.0,yahoo,0.27443216906229795,True
SPX,european,SPXW260831P06750000,put,2026-08-13,7748.5,6750.0,2026-08-31,0.03707000017166138,0.013,0.2652661364746094,1.625,1.55,1.7,0.1499999999999999,21.0,0.0,yahoo,0.2729842688987797,True
SPX,european,SPXW260831P06760000,put,2026-08-13,7748.5,6760.0,2026-08-31,0.03707000017166138,0.013,0.2637402728271484,1.65,1.55,1.75,0.19999999999999996,9.0,0.0,yahoo,0.2709664514543187,True
SPX,european,SPXW260831P06775000,put,2026-08-13,7748.5,6775.0,2026-08-31,0.03707000017166138,0.013,0.2609632009887696,1.725,1.65,1.8,0.15000000000000013,25.0,0.0,yahoo,0.2686921784703039,True
SPX,european,SPXW260831P06800000,put,2026-08-13,7748.5,6800.0,2026-08-31,0.03707000017166138,0.013,0.25653819641113285,1.825,1.75,1.9,0.1499999999999999,32.0,0.0,yahoo,0.26424916020321726,True
SPX,european,SPXW260831P06810000,put,2026-08-13,7748.5,6810.0,2026-08-31,0.03707000017166138,0.013,0.2549207809448243,1.85,1.75,1.95,0.19999999999999996,6.0,0.0,yahoo,0.2621473620157156,True
SPX,european,SPXW260831P06820000,put,2026-08-13,7748.5,6820.0,2026-08-31,0.03707000017166138,0.013,0.2532728482055664,1.9,1.8,2.0,0.19999999999999996,56.0,0.0,yahoo,0.26050114800334784,True
SPX,european,SPXW260831P06825000,put,2026-08-13,7748.5,6825.0,2026-08-31,0.03707000017166138,0.013,0.2519911227416992,1.925,1.85,2.0,0.1499999999999999,52.0,0.0,yahoo,0.259666753908873,True
SPX,european,SPXW260831P06850000,put,2026-08-13,7748.5,6850.0,2026-08-31,0.03707000017166138,0.013,0.24814594635009768,2.05,1.95,2.15,0.19999999999999996,43.0,0.0,yahoo,0.2553872774478789,True
SPX,european,SPXW260831P06885000,put,2026-08-13,7748.5,6885.0,2026-08-31,0.03707000017166138,0.013,0.24149318084716798,2.2249999999999996,2.15,2.3,0.1499999999999999,5.0,0.0,yahoo,0.24911639134850283,True
SPX,european,SPXW260831P06900000,put,2026-08-13,7748.5,6900.0,2026-08-31,0.03707000017166138,0.013,0.23911283355712887,2.3,2.2,2.4,0.19999999999999973,1143.0,0.0,yahoo,0.2463366878490251,True
SPX,european,SPXW260831P06910000,put,2026-08-13,7748.5,6910.0,2026-08-31,0.03707000017166138,0.013,0.23725127990722655,2.35,2.25,2.45,0.20000000000000018,165.0,0.0,yahoo,0.24445459775881864,True
SPX,european,SPXW260831P06925000,put,2026-08-13,7748.5,6925.0,2026-08-31,0.03707000017166138,0.013,0.23473360488891604,2.45,2.35,2.55,0.19999999999999973,600.0,0.0,yahoo,0.24195072404484297,True
SPX,european,SPXW260831P06935000,put,2026-08-13,7748.5,6935.0,2026-08-31,0.03707000017166138,0.013,0.23279575805664063,2.5,2.4,2.6,0.20000000000000018,52.0,0.0,yahoo,0.24000587256502223,True
SPX,european,SPXW260831P06940000,put,2026-08-13,7748.5,6940.0,2026-08-31,0.03707000017166138,0.013,0.232154895324707,2.55,2.45,2.65,0.19999999999999973,51.0,0.0,yahoo,0.23937293699631335,True
SPX,european,SPXW260831P06950000,put,2026-08-13,7748.5,6950.0,2026-08-31,0.03707000017166138,0.013,0.23020178985595702,2.6,2.5,2.7,0.20000000000000018,11.0,0.0,yahoo,0.23738977528153635,True
SPX,european,SPXW260831P06960000,put,2026-08-13,7748.5,6960.0,2026-08-31,0.03707000017166138,0.013,0.2282181671142578,2.675,2.6,2.75,0.1499999999999999,9.0,0.0,yahoo,0.23571765091919739,True
SPX,european,SPXW260831P06975000,put,2026-08-13,7748.5,6975.0,2026-08-31,0.03707000017166138,0.013,0.22611247528076173,2.8,2.7,2.9,0.19999999999999973,7.0,0.0,yahoo,0.23330267685925202,True
SPX,european,SPXW260831P06985000,put,2026-08-13,7748.5,6985.0,2026-08-31,0.03707000017166138,0.013,0.224067817993164,2.85,2.75,2.95,0.20000000000000018,7.0,0.0,yahoo,0.23123256873553372,True
SPX,european,SPXW260831P06990000,put,2026-08-13,7748.5,6990.0,2026-08-31,0.03707000017166138,0.013,0.22332014480590817,2.9,2.8,3.0,0.20000000000000018,7.0,0.0,yahoo,0.2304966457088638,True
SPX,european,SPXW260831P07005000,put,2026-08-13,7748.5,7005.0,2026-08-31,0.03707000017166138,0.013,0.22046677978515622,3.0,2.9,3.1,0.20000000000000018,26.0,0.0,yahoo,0.22763107604606234,True
SPX,european,SPXW260831P07010000,put,2026-08-13,7748.5,7010.0,2026-08-31,0.03707000017166138,0.013,0.2202531588745117,3.075,2.95,3.2,0.25,60.0,0.0,yahoo,0.2271461925783094,True
SPX,european,SPXW260831P07015000,put,2026-08-13,7748.5,7015.0,2026-08-31,0.03707000017166138,0.013,0.21891039886474606,3.1,3.0,3.2,0.20000000000000018,9.0,0.0,yahoo,0.22607122189370138,True
SPX,european,SPXW260831P07020000,put,2026-08-13,7748.5,7020.0,2026-08-31,0.03707000017166138,0.013,0.21756763885498048,3.1,3.0,3.2,0.20000000000000018,9.0,0.0,yahoo,0.2247083249452341,True
SPX,european,SPXW260831P07025000,put,2026-08-13,7748.5,7025.0,2026-08-31,0.03707000017166138,0.013,0.2173082420349121,3.15,3.0,3.3,0.2999999999999998,27.0,0.0,yahoo,0.2239089744513438,True
SPX,european,SPXW260831P07035000,put,2026-08-13,7748.5,7035.0,2026-08-31,0.03707000017166138,0.013,0.21566030929565427,3.25,3.1,3.4,0.2999999999999998,53.0,0.0,yahoo,0.2222779472958616,True
SPX,european,SPXW260831P07045000,put,2026-08-13,7748.5,7045.0,2026-08-31,0.03707000017166138,0.013,0.21398185928344726,3.35,3.2,3.5,0.2999999999999998,50.0,0.0,yahoo,0.22060524947945537,True
SPX,european,SPXW260831P07060000,put,2026-08-13,7748.5,7060.0,2026-08-31,0.03707000017166138,0.013,0.21091487335205078,3.45,3.3,3.6,0.30000000000000027,5.0,0.0,yahoo,0.21751112606311693,True
SPX,european,SPXW260831P07065000,put,2026-08-13,7748.5,7065.0,2026-08-31,0.03707000017166138,0.013,0.20955685470581054,3.5,3.4,3.6,0.20000000000000018,5.0,0.0,yahoo,0.2166375756679921,True
SPX,european,SPXW260831P07075000,put,2026-08-13,7748.5,7075.0,2026-08-31,0.03707000017166138,0.013,0.20778685287475585,3.6,3.5,3.7,0.20000000000000018,64.0,0.0,yahoo,0.21486220380412382,True
SPX,european,SPXW260831P07080000,put,2026-08-13,7748.5,7080.0,2026-08-31,0.03707000017166138,0.013,0.20734435241699217,3.65,3.5,3.8,0.2999999999999998,7.0,0.0,yahoo,0.21396070082529767,True
SPX,european,SPXW260831P07095000,put,2026-08-13,7748.5,7095.0,2026-08-31,0.03707000017166138,0.013,0.20504029830932613,3.85,3.7,4.0,0.2999999999999998,48.0,0.0,yahoo,0.2116677788750184,True
SPX,european,SPXW260831P07100000,put,2026-08-13,7748.5,7100.0,2026-08-31,0.03707000017166138,0.013,0.20366702102661133,3.9,3.8,4.0,0.20000000000000018,51.0,0.0,yahoo,0.21072513602963108,True
SPX,european,SPXW260831P07105000,put,2026-08-13,7748.5,7105.0,2026-08-31,0.03707000017166138,0.013,0.2031482273864746,3.9499999999999997,3.8,4.1,0.2999999999999998,42.0,0.0,yahoo,0.2097741391188276,True
SPX,european,SPXW260831P07130000,put,2026-08-13,7748.5,7130.0,2026-08-31,0.03707000017166138,0.013,0.19869270553588864,4.25,4.1,4.4,0.3000000000000007,6.0,0.0,yahoo,0.2053207108963294,True
SPX,european,SPXW260831P07145000,put,2026-08-13,7748.5,7145.0,2026-08-31,0.03707000017166138,0.013,0.19606822006225588,4.449999999999999,4.3,4.6,0.2999999999999998,18.0,0.0,yahoo,0.20269159471670645,True
SPX,european,SPXW260831P07150000,put,2026-08-13,7748.5,7150.0,2026-08-31,0.03707000017166138,0.013,0.1946644255065918,4.5,4.4,4.6,0.1999999999999993,32.0,0.0,yahoo,0.2016605921970228,True
SPX,european,SPXW260831P07160000,put,2026-08-13,7748.5,7160.0,2026-08-31,0.03707000017166138,0.013,0.19333692413330078,4.65,4.5,4.8,0.2999999999999998,14.0,0.0,yahoo,0.1999655637048438,True
SPX,european,SPXW260831P07165000,put,2026-08-13,7748.5,7165.0,2026-08-31,0.03707000017166138,0.013,0.19193312957763675,4.699999999999999,4.6,4.8,0.20000000000000018,8.0,0.0,yahoo,0.19890869673773637,True
SPX,european,SPXW260831P07175000,put,2026-08-13,7748.5,7175.0,2026-08-31,0.03707000017166138,0.013,0.19053696434020997,4.85,4.7,5.0,0.2999999999999998,21.0,0.0,yahoo,0.19714728769490017,True
SPX,european,SPXW260831P07185000,put,2026-08-13,7748.5,7185.0,2026-08-31,0.03707000017166138,0.013,0.18839312591552732,5.0,4.9,5.1,0.1999999999999993,25.0,0.0,yahoo,0.1953398348702208,True
SPX,european,SPXW260831P07200000,put,2026-08-13,7748.5,7200.0,2026-08-31,0.03707000017166138,0.013,0.18611195976257325,5.25,5.1,5.4,0.3000000000000007,15.0,0.0,yahoo,0.19271874537105468,True
SPX,european,SPXW260831P07210000,put,2026-08-13,7748.5,7210.0,2026-08-31,0.03707000017166138,0.013,0.18451743225097655,5.449999999999999,5.3,5.6,0.2999999999999998,11.0,0.0,yahoo,0.19113357399126593,True
SPX,european,SPXW260831P07215000,put,2026-08-13,7748.5,7215.0,2026-08-31,0.03707000017166138,0.013,0.18306786178588863,5.5,5.4,5.6,0.1999999999999993,13.0,0.0,yahoo,0.18998783019146404,True
SPX,european,SPXW260831P07225000,put,2026-08-13,7748.5,7225.0,2026-08-31,0.03707000017166138,0.013,0.18141992904663085,5.699999999999999,5.6,5.8,0.20000000000000018,32.0,0.0,yahoo,0.1883232217247993,True
SPX,european,SPXW260831P07230000,put,2026-08-13,7748.5,7230.0,2026-08-31,0.03707000017166138,0.013,0.18056544540405273,5.75,5.6,5.9,0.3000000000000007,5.0,0.0,yahoo,0.18715242698065981,True
SPX,european,SPXW260831P07250000,put,2026-08-13,7748.5,7250.0,2026-08-31,0.03707000017166138,0.013,0.17704070037841796,6.15,6.0,6.3,0.2999999999999998,244.0,0.0,yahoo,0.18361714835925735,True
SPX,european,SPXW260831P07260000,put,2026-08-13,7748.5,7260.0,2026-08-31,0.03707000017166138,0.013,0.17574371627807617,6.449999999999999,6.3,6.6,0.2999999999999998,8.0,0.0,yahoo,0.18234773060298,True
SPX,european,SPXW260831P07275000,put,2026-08-13,7748.5,7275.0,2026-08-31,0.03707000017166138,0.013,0.17286746330261232,6.75,6.6,6.9,0.3000000000000007,25.0,0.0,yahoo,0.1794565056472512,True
SPX,european,SPXW260831P07280000,put,2026-08-13,7748.5,7280.0,2026-08-31,0.03707000017166138,0.013,0.17188328125000002,6.85,6.7,7.0,0.2999999999999998,7.0,0.0,yahoo,0.17846842097815235,True
SPX,european,SPXW260831P07285000,put,2026-08-13,7748.5,7285.0,2026-08-31,0.03707000017166138,0.013,0.17089146987915044,6.949999999999999,6.8,7.1,0.2999999999999998,12.0,0.0,yahoo,0.17746843535040022,True
SPX,european,SPXW260831P07295000,put,2026-08-13,7748.5,7295.0,2026-08-31,0.03707000017166138,0.013,0.16936560623168945,7.25,7.1,7.4,0.3000000000000007,6.0,0.0,yahoo,0.17595403407597293,True
SPX,european,SPXW260831P07300000,put,2026-08-13,7748.5,7300.0,2026-08-31,0.03707000017166138,0.013,0.16833564826965336,7.35,7.2,7.5,0.2999999999999998,750.0,0.0,yahoo,0.17491228808742737,True
SPX,european,SPXW260831P07310000,put,2026-08-13,7748.5,7310.0,2026-08-31,0.03707000017166138,0.013,0.16671060348510747,7.65,7.5,7.8,0.2999999999999998,22.0,0.0,yahoo,0.17329214837561308,True
SPX,european,SPXW260831P07325000,put,2026-08-13,7748.5,7325.0,2026-08-31,0.03707000017166138,0.013,0.1643684027862549,8.100000000000001,7.9,8.3,0.40000000000000036,86.0,0.0,yahoo,0.17072674319037023,True
SPX,european,SPXW260831P07330000,put,2026-08-13,7748.5,7330.0,2026-08-31,0.03707000017166138,0.013,0.1636970227813721,8.3,8.1,8.5,0.40000000000000036,14.0,0.0,yahoo,0.17006883133295878,True
SPX,european,SPXW260831P07335000,put,2026-08-13,7748.5,7335.0,2026-08-31,0.03707000017166138,0.013,0.16256788368225097,8.45,8.3,8.6,0.29999999999999893,25.0,0.0,yahoo,0.1691586331822628,True
SPX,european,SPXW260831P07340000,put,2026-08-13,7748.5,7340.0,2026-08-31,0.03707000017166138,0.013,0.16143111526489257,8.55,8.4,8.7,0.29999999999999893,10.0,0.0,yahoo,0.16800709792137133,True
SPX,european,SPXW260831P07345000,put,2026-08-13,7748.5,7345.0,2026-08-31,0.03707000017166138,0.013,0.16070633003234866,8.75,8.6,8.9,0.3000000000000007,28.0,0.0,yahoo,0.1672891418387266,True
SPX,european,SPXW260831P07350000,put,2026-08-13,7748.5,7350.0,2026-08-31,0.03707000017166138,0.013,0.15995865684509278,8.95,8.8,9.1,0.29999999999999893,9.0,0.0,yahoo,0.16654796970749614,True
SPX,european,SPXW260831P07360000,put,2026-08-13,7748.5,7360.0,2026-08-31,0.03707000017166138,0.013,0.15799792205810548,9.25,9.1,9.4,0.3000000000000007,14.0,0.0,yahoo,0.1645771561954832,True
SPX,european,SPXW260831P07365000,put,2026-08-13,7748.5,7365.0,2026-08-31,0.03707000017166138,0.013,0.1571968436431885,9.45,9.3,9.6,0.29999999999999893,9.0,0.0,yahoo,0.16377655776983113,True
SPX,european,SPXW260831P07370000,put,2026-08-13,7748.5,7370.0,2026-08-31,0.03707000017166138,0.013,0.15637287727355959,9.65,9.5,9.8,0.3000000000000007,7.0,0.0,yahoo,0.16295450917787796,True
SPX,european,SPXW260831P07375000,put,2026-08-13,7748.5,7375.0,2026-08-31,0.03707000017166138,0.013,0.15552602294921875,9.85,9.7,10.0,0.3000000000000007,115.0,0.0,yahoo,0.1621114413750025,True
SPX,european,SPXW260831P07380000,put,2026-08-13,7748.5,7380.0,2026-08-31,0.03707000017166138,0.013,0.15466390998840335,10.05,9.9,10.2,0.29999999999999893,14.0,0.0,yahoo,0.1612477568590838,True
SPX,european,SPXW260831P07385000,put,2026-08-13,7748.5,7385.0,2026-08-31,0.03707000017166138,0.013,0.15414511634826664,10.3,10.1,10.5,0.40000000000000036,11.0,0.0,yahoo,0.16055789977243953,True
SPX,european,SPXW260831P07390000,put,2026-08-13,7748.5,7390.0,2026-08-31,0.03707000017166138,0.013,0.15323722747802737,10.55,10.4,10.7,0.29999999999999893,15.0,0.0,yahoo,0.15984162646451158,True
SPX,european,SPXW260831P07395000,put,2026-08-13,7748.5,7395.0,2026-08-31,0.03707000017166138,0.013,0.1523064506530762,10.7,10.5,10.9,0.40000000000000036,10.0,0.0,yahoo,0.1587246943285525,True
SPX,european,SPXW260831P07400000,put,2026-08-13,7748.5,7400.0,2026-08-31,0.03707000017166138,0.013,0.15136041519165044,10.95,10.8,11.1,0.29999999999999893,8.0,0.0,yahoo,0.15796395161817992,True
SPX,european,SPXW260831P07405000,put,2026-08-13,7748.5,7405.0,2026-08-31,0.03707000017166138,0.013,0.15039912109375003,11.15,11.0,11.3,0.3000000000000007,26.0,0.0,yahoo,0.15699674455109663,True
SPX,european,SPXW260831P07410000,put,2026-08-13,7748.5,7410.0,2026-08-31,0.03707000017166138,0.013,0.14975825836181644,11.399999999999999,11.2,11.6,0.40000000000000036,16.0,0.0,yahoo,0.15618988127888503,True
SPX,european,SPXW260831P07415000,put,2026-08-13,7748.5,7415.0,2026-08-31,0.03707000017166138,0.013,0.1487511883544922,11.65,11.5,11.8,0.3000000000000007,27.0,0.0,yahoo,0.1553590769133387,True
SPX,european,SPXW260831P07420000,put,2026-08-13,7748.5,7420.0,2026-08-31,0.03707000017166138,0.013,0.14806073505401618,11.899999999999999,11.7,12.1,0.40000000000000036,33.0,0.0,yahoo,0.15450478888326,True
SPX,european,SPXW260831P07425000,put,2026-08-13,7748.5,7425.0,2026-08-31,0.03707000017166138,0.013,0.14733976448059083,12.25,12.1,12.4,0.3000000000000007,25.0,0.0,yahoo,0.15396700636178737,True
SPX,european,SPXW260831P07430000,put,2026-08-13,7748.5,7430.0,2026-08-31,0.03707000017166138,0.013,0.14627547458648682,12.45,12.3,12.6,0.29999999999999893,21.0,0.0,yahoo,0.15289466427957688,True
SPX,european,SPXW260831P07435000,put,2026-08-13,7748.5,7435.0,2026-08-31,0.03707000017166138,0.013,0.14550872810363769,12.75,12.6,12.9,0.3000000000000007,13.0,0.0,yahoo,0.15213406266809704,True
SPX,european,SPXW260831P07440000,put,2026-08-13,7748.5,7440.0,2026-08-31,0.03707000017166138,0.013,0.14471146434783932,13.0,12.8,13.2,0.3999999999999986,9.0,0.0,yahoo,0.15118470077044147,True
SPX,european,SPXW260831P07445000,put,2026-08-13,7748.5,7445.0,2026-08-31,0.03707000017166138,0.013,0.1438913126373291,13.3,13.1,13.5,0.40000000000000036,6.0,0.0,yahoo,0.15037290085724525,True
SPX,european,SPXW260831P07455000,put,2026-08-13,7748.5,7455.0,2026-08-31,0.03707000017166138,0.013,0.1424684447860718,14.0,13.8,14.2,0.3999999999999986,5.0,0.0,yahoo,0.14897813001810117,True
SPX,european,SPXW260831P07460000,put,2026-08-13,7748.5,7460.0,2026-08-31,0.03707000017166138,0.013,0.14156818523406983,14.3,14.1,14.5,0.40000000000000036,12.0,0.0,yahoo,0.14808405177099243,True
SPX,european,SPXW260831P07465000,put,2026-08-13,7748.5,7465.0,2026-08-31,0.03707000017166138,0.013,0.14064503772735598,14.600000000000001,14.4,14.8,0.40000000000000036,21.0,0.0,yahoo,0.14716517935806203,True
SPX,european,SPXW260831P07470000,put,2026-08-13,7748.5,7470.0,2026-08-31,0.03707000017166138,0.013,0.13969518760681152,14.95,14.8,15.1,0.29999999999999893,8.0,0.0,yahoo,0.14636799802571832,True
SPX,european,SPXW260831P07480000,put,2026-08-13,7748.5,7480.0,2026-08-31,0.03707000017166138,0.013,0.13827613441467287,15.7,15.5,15.9,0.40000000000000036,6.0,0.0,yahoo,0.1448291065092799,True
SPX,european,SPXW260831P07485000,put,2026-08-13,7748.5,7485.0,2026-08-31,0.03707000017166138,0.013,0.1375132025909424,16.15,16.0,16.3,0.3000000000000007,5.0,0.0,yahoo,0.14422232299843898,True
SPX,european,SPXW260831P07495000,put,2026-08-13,7748.5,7495.0,2026-08-31,0.03707000017166138,0.013,0.1361589986038208,17.0,16.8,17.2,0.3999999999999986,7.0,0.0,yahoo,0.1427661590843358,True
SPX,european,SPXW260831P07500000,put,2026-08-13,7748.5,7500.0,2026-08-31,0.03707000017166138,0.013,0.13505274745941165,17.3,17.1,17.5,0.3999999999999986,5.0,0.0,yahoo,0.14165924277665584,True
SPX,european,SPXW260831P07505000,put,2026-08-13,7748.5,7505.0,2026-08-31,0.03707000017166138,0.013,0.13466746688842773,17.9,17.7,18.1,0.40000000000000213,5.0,0.0,yahoo,0.14130857630215218,True
SPX,european,SPXW260831P07510000,put,2026-08-13,7748.5,7510.0,2026-08-31,0.03707000017166138,0.013,0.13351162517547605,18.2,18.0,18.4,0.3999999999999986,39.0,0.0,yahoo,0.14014686474971855,True
SPX,european,SPXW260831P07520000,put,2026-08-13,7748.5,7520.0,2026-08-31,0.03707000017166138,0.013,0.13207349868774415,19.15,18.9,19.4,0.5,13.0,0.0,yahoo,0.13862501854658607,True
SPX,european,SPXW260831P07525000,put,2026-08-13,7748.5,7525.0,2026-08-31,0.03707000017166138,0.013,0.13107024333953854,19.6,19.4,19.8,0.40000000000000213,528.0,0.0,yahoo,0.1377519529337618,True
SPX,european,SPXW260831P07530000,put,2026-08-13,7748.5,7530.0,2026-08-31,0.03707000017166138,0.013,0.13049804447174068,20.15,19.9,20.4,0.5,72.0,0.0,yahoo,0.13708629877005854,True
SPX,european,SPXW260831P07540000,put,2026-08-13,7748.5,7540.0,2026-08-31,0.03707000017166138,0.013,0.1287852625274658,21.2,21.0,21.4,0.3999999999999986,119.0,0.0,yahoo,0.1355237477054074,True
SPX,european,SPXW260831P07545000,put,2026-08-13,7748.5,7545.0,2026-08-31,0.03707000017166138,0.013,0.12831605945587155,21.85,21.6,22.1,0.5,10.0,0.0,yahoo,0.1349731356605573,True
SPX,european,SPXW260831P07550000,put,2026-08-13,7748.5,7550.0,2026-08-31,0.03707000017166138,0.013,0.1273700239944458,22.35,22.1,22.6,0.5,300.0,0.0,yahoo,0.13404278747914025,True
SPX,european,SPXW260831P07555000,put,2026-08-13,7748.5,7555.0,2026-08-31,0.03707000017166138,0.013,0.12660327751159667,22.95,22.7,23.2,0.5,6.0,0.0,yahoo,0.1333000950688579,True
SPX,european,SPXW260831P07565000,put,2026-08-13,7748.5,7565.0,2026-08-31,0.03707000017166138,0.013,0.12516133636474608,24.3,24.1,24.5,0.3999999999999986,114.0,0.0,yahoo,0.13201816794828614,True
SPX,european,SPXW260831P07570000,put,2026-08-13,7748.5,7570.0,2026-08-31,0.03707000017166138,0.013,0.12447851238250733,24.95,24.7,25.2,0.5,11.0,0.0,yahoo,0.13126010655635614,True
SPX,european,SPXW260831P07575000,put,2026-08-13,7748.5,7575.0,2026-08-31,0.03707000017166138,0.013,0.12375754180908202,25.65,25.4,25.9,0.5,5.0,0.0,yahoo,0.13056497722090624,True
SPX,european,SPXW260831P07580000,put,2026-08-13,7748.5,7580.0,2026-08-31,0.03707000017166138,0.013,0.12279624771118164,26.25,26.0,26.5,0.5,27.0,0.0,yahoo,0.12962299933478852,True
SPX,european,SPXW260831P07585000,put,2026-08-13,7748.5,7585.0,2026-08-31,0.03707000017166138,0.013,0.12199135463714601,27.0,26.8,27.2,0.3999999999999986,9.0,0.0,yahoo,0.12894586422321028,True
SPX,european,SPXW260831P07590000,put,2026-08-13,7748.5,7590.0,2026-08-31,0.03707000017166138,0.013,0.12133523326873778,27.8,27.6,28.0,0.3999999999999986,42.0,0.0,yahoo,0.1283227387972095,True
SPX,european,SPXW260831P07595000,put,2026-08-13,7748.5,7595.0,2026-08-31,0.03707000017166138,0.013,0.12044260303497313,28.5,28.3,28.7,0.3999999999999986,11.0,0.0,yahoo,0.12745753445369254,True
SPX,european,SPXW260831P07605000,put,2026-08-13,7748.5,7605.0,2026-08-31,0.03707000017166138,0.013,0.11927150268554687,30.25,30.0,30.5,0.5,18.0,0.0,yahoo,0.12626798386453902,True
SPX,european,SPXW260831P07610000,put,2026-08-13,7748.5,7610.0,2026-08-31,0.03707000017166138,0.013,0.11842846302032471,31.1,30.9,31.3,0.40000000000000213,41.0,0.0,yahoo,0.1255523032917752,True
SPX,european,SPXW260831P07615000,put,2026-08-13,7748.5,7615.0,2026-08-31,0.03707000017166138,0.013,0.11772275108337402,31.950000000000003,31.7,32.2,0.5000000000000036,14.0,0.0,yahoo,0.12478933643436564,True
SPX,european,SPXW260831P07620000,put,2026-08-13,7748.5,7620.0,2026-08-31,0.03707000017166138,0.013,0.1169636339187622,32.900000000000006,32.7,33.1,0.3999999999999986,16.0,0.0,yahoo,0.12416126247176915,True
SPX,european,SPXW260831P07625000,put,2026-08-13,7748.5,7625.0,2026-08-31,0.03707000017166138,0.013,0.1159870811843872,33.7,33.5,33.9,0.3999999999999986,34.0,0.0,yahoo,0.12321308377785649,True
SPX,european,SPXW260831P07630000,put,2026-08-13,7748.5,7630.0,2026-08-31,0.03707000017166138,0.013,0.1154759168624878,34.8,34.6,35.0,0.3999999999999986,321.0,0.0,yahoo,0.12275228858730777,True
SPX,european,SPXW260831P07635000,put,2026-08-13,7748.5,7635.0,2026-08-31,0.03707000017166138,0.013,0.11473968765258791,35.8,35.6,36.0,0.3999999999999986,305.0,0.0,yahoo,0.12205981331917044,True
SPX,european,SPXW260831P07640000,put,2026-08-13,7748.5,7640.0,2026-08-31,0.03707000017166138,0.013,0.11378793020248412,36.7,36.5,36.9,0.3999999999999986,46.0,0.0,yahoo,0.12114290436034271,True
SPX,european,SPXW260831P07645000,put,2026-08-13,7748.5,7645.0,2026-08-31,0.03707000017166138,0.013,0.11295061252593995,37.75,37.6,37.9,0.29999999999999716,28.0,0.0,yahoo,0.12043449031997247,True
SPX,european,SPXW260831P07650000,put,2026-08-13,7748.5,7650.0,2026-08-31,0.03707000017166138,0.013,0.11255007331848144,39.0,38.8,39.2,0.4000000000000057,796.0,0.0,yahoo,0.12000990624853833,True
SPX,european,SPXW260831P07655000,put,2026-08-13,7748.5,7655.0,2026-08-31,0.03707000017166138,0.013,0.11176616086959837,40.099999999999994,39.9,40.3,0.3999999999999986,34.0,0.0,yahoo,0.11927488629371748,True
SPX,european,SPXW260831P07660000,put,2026-08-13,7748.5,7660.0,2026-08-31,0.03707000017166138,0.013,0.11108524421691893,41.3,41.1,41.5,0.3999999999999986,83.0,0.0,yahoo,0.11865023233723039,True
SPX,european,SPXW260831P07665000,put,2026-08-13,7748.5,7665.0,2026-08-31,0.03707000017166138,0.013,0.11034901500701903,42.5,42.3,42.7,0.4000000000000057,16.0,0.0,yahoo,0.11796791892481458,True
SPX,european,SPXW260831P07670000,put,2026-08-13,7748.5,7670.0,2026-08-31,0.03707000017166138,0.013,0.11001713966369628,43.95,43.7,44.2,0.5,27.0,0.0,yahoo,0.11763133538483411,True
SPX,european,SPXW260831P07675000,put,2026-08-13,7748.5,7675.0,2026-08-31,0.03707000017166138,0.013,0.10885366863250732,45.0,44.8,45.2,0.4000000000000057,35.0,0.0,yahoo,0.11659112020414583,True
SPX,european,SPXW260831P07680000,put,2026-08-13,7748.5,7680.0,2026-08-31,0.03707000017166138,0.013,0.10839972419738769,46.45,46.2,46.7,0.5,30.0,0.0,yahoo,0.11613104549049108,True
SPX,european,SPXW260831P07685000,put,2026-08-13,7748.5,7685.0,2026-08-31,0.03707000017166138,0.013,0.10742698612213135,47.75,47.6,47.9,0.29999999999999716,10.0,0.0,yahoo,0.1153716287603025,True
SPX,european,SPXW260831P07690000,put,2026-08-13,7748.5,7690.0,2026-08-31,0.03707000017166138,0.013,0.106541985206604,49.0,48.8,49.2,0.4000000000000057,44.0,0.0,yahoo,0.11447462669660008,True
SPX,european,SPXW260831P07695000,put,2026-08-13,7748.5,7695.0,2026-08-31,0.03707000017166138,0.013,0.10619294389724732,50.65,50.4,50.9,0.5,24.0,0.0,yahoo,0.114135231583673,True
SPX,european,SPXW260831P07700000,put,2026-08-13,7748.5,7700.0,2026-08-31,0.03707000017166138,0.013,0.10562646701812743,52.2,51.9,52.5,0.6000000000000014,203.0,0.0,yahoo,0.11357419427699075,True
SPX,european,SPXW260831P07705000,put,2026-08-13,7748.5,7705.0,2026-08-31,0.03707000017166138,0.013,0.10469569019317625,53.65,53.4,53.9,0.5,31.0,0.0,yahoo,0.11279523920107162,True
SPX,european,SPXW260831P07710000,put,2026-08-13,7748.5,7710.0,2026-08-31,0.03707000017166138,0.013,0.10399379291534423,55.25,55.0,55.5,0.5,11.0,0.0,yahoo,0.11217827948431816,True
SPX,european,SPXW260831P07715000,put,2026-08-13,7748.5,7715.0,2026-08-31,0.03707000017166138,0.013,0.10351314586639403,57.0,56.7,57.3,0.5999999999999943,18.0,0.0,yahoo,0.1117186373216438,True
SPX,european,SPXW260831P07720000,put,2026-08-13,7748.5,7720.0,2026-08-31,0.03707000017166138,0.013,0.10281315591812135,58.7,58.4,59.0,0.6000000000000014,37.0,0.0,yahoo,0.11111419834404622,True
SPX,european,SPXW260831P07725000,put,2026-08-13,7748.5,7725.0,2026-08-31,0.03707000017166138,0.013,0.1018995450592041,60.3,60.0,60.6,0.6000000000000014,26.0,0.0,yahoo,0.11029181444311768,True
SPX,european,SPXW260831P07730000,put,2026-08-13,7748.5,7730.0,2026-08-31,0.03707000017166138,0.013,0.1012014624404907,62.099999999999994,61.8,62.4,0.6000000000000014,11.0,0.0,yahoo,0.10969580796043164,True
SPX,european,SPXW260831P07735000,put,2026-08-13,7748.5,7735.0,2026-08-31,0.03707000017166138,0.013,0.10070937141418457,64.1,63.8,64.4,0.6000000000000085,5.0,0.0,yahoo,0.1093218242336128,True
SPX,european,SPXW260831P07740000,put,2026-08-13,7748.5,7740.0,2026-08-31,0.03707000017166138,0.013,0.1001428945350647,66.15,65.9,66.4,0.5,15.0,0.0,yahoo,0.10894649899461935,True
SPX,european,SPXW260831P07750000,put,2026-08-13,7748.5,7750.0,2026-08-31,0.03707000017166138,0.013,0.09834809741973875,69.85,69.6,70.1,0.5,1132.0,0.0,yahoo,0.10738539545544507,True
SPX,european,SPXW260831P07755000,put,2026-08-13,7748.5,7755.0,2026-08-31,0.03707000017166138,0.013,0.09768434673309327,71.95,71.7,72.2,0.5,9.0,0.0,yahoo,0.10685584282081517,True
SPX,european,SPXW260831P07760000,put,2026-08-13,7748.5,7760.0,2026-08-31,0.03707000017166138,0.013,0.09736391536712646,74.35,74.1,74.6,0.5,16.0,0.0,yahoo,0.10668550054871835,True
SPX,european,SPXW260831P07765000,put,2026-08-13,7748.5,7765.0,2026-08-31,0.03707000017166138,0.013,0.09625003490447999,76.25,76.0,76.5,0.5,18.0,0.0,yahoo,0.10570708908928639,True
SPX,european,SPXW260831P07770000,put,2026-08-13,7748.5,7770.0,2026-08-31,0.03707000017166138,0.013,0.0956168014907837,78.5,78.2,78.8,0.5999999999999943,8.0,0.0,yahoo,0.10515850937336389,True
SPX,european,SPXW260831P07775000,put,2026-08-13,7748.5,7775.0,2026-08-31,0.03707000017166138,0.013,0.09532688739776611,81.1,80.8,81.4,0.6000000000000085,402.0,0.0,yahoo,0.10504019932332924,True
SPX,european,SPXW260831P07785000,put,2026-08-13,7748.5,7785.0,2026-08-31,0.03707000017166138,0.013,0.09346914840698242,85.6,85.3,85.9,0.6000000000000085,22.0,0.0,yahoo,0.10353050175876653,True
SPX,european,SPXW260831P07815000,put,2026-08-13,7748.5,7815.0,2026-08-31,0.03707000017166138,0.013,0.08890300144195558,101.45,101.2,101.7,0.5,5.0,0.0,yahoo,0.1003891723840755,True
SPX,european,SPXW260831P07820000,put,2026-08-13,7748.5,7820.0,2026-08-31,0.03707000017166138,0.013,0.08880763496398927,104.75,104.5,105.0,0.5,9.0,0.0,yahoo,0.10056142517226263,True
SPX,european,SPXW260831P07830000,put,2026-08-13,7748.5,7830.0,2026-08-31,0.03707000017166138,0.013,0.08638723375320437,110.15,109.9,110.4,0.5,12.0,0.0,yahoo,0.09876413031668048,True
SPX,european,SPXW260831P07835000,put,2026-08-13,7748.5,7835.0,2026-08-31,0.03707000017166138,0.013,0.08596571392059328,113.45,113.2,113.7,0.5,6.0,0.0,yahoo,0.09866888191145351,True
SPX,european,SPXW260831P07850000,put,2026-08-13,7748.5,7850.0,2026-08-31,0.03707000017166138,0.013,0.08348237083435062,123.05,122.8,123.3,0.5,105.0,0.0,yahoo,0.09734269512772185,True
SPX,european,SPXW260831P07855000,put,2026-08-13,7748.5,7855.0,2026-08-31,0.03707000017166138,0.013,0.4395312089920044,356.75,345.4,368.1,22.700000000000045,12.0,0.0,yahoo,0.4430748361618883,True
SPX,european,SPXW260831P07880000,put,2026-08-13,7748.5,7880.0,2026-08-31,0.03707000017166138,0.013,0.08102191570281982,143.39999999999998,141.1,145.7,4.599999999999994,12.0,0.0,yahoo,0.09387174981629744,True
SPX,european,SPXW260831P07885000,put,2026-08-13,7748.5,7885.0,2026-08-31,0.03707000017166138,0.013,0.0785118700027466,146.6,144.5,148.7,4.199999999999989,5.0,0.0,yahoo,0.09249579457408404,True
SPX,european,SPXW260831P07905000,put,2026-08-13,7748.5,7905.0,2026-08-31,0.03707000017166138,0.013,0.07222149711608886,161.25,159.0,163.5,4.5,5.0,0.0,yahoo,0.08927725107469378,True
SPX,european,SPXW260831P07990000,put,2026-08-13,7748.5,7990.0,2026-08-31,0.03707000017166138,0.013,1.0000000000000003e-05,232.45,229.0,235.9,6.900000000000006,5.0,0.0,yahoo,0.06135932847845307,True
SPX,european,SPXW260901C07375000,call,2026-08-13,7748.5,7375.0,2026-09-01,0.03707000017166138,0.013,0.20954541072845456,400.2,396.4,404.0,7.600000000000023,6.0,0.0,yahoo,0.18456371373583177,True
SPX,european,SPXW260901C07390000,call,2026-08-13,7748.5,7390.0,2026-09-01,0.03707000017166138,0.013,0.20608551490783686,386.15,382.3,390.0,7.699999999999989,7.0,0.0,yahoo,0.18191026144772976,True
SPX,european,SPXW260901C07470000,call,2026-08-13,7748.5,7470.0,2026-09-01,0.03707000017166138,0.013,0.1856656446456909,311.75,308.1,315.4,7.2999999999999545,5.0,0.0,yahoo,0.1662341447606632,True
SPX,european,SPXW260901C07625000,call,2026-08-13,7748.5,7625.0,2026-09-01,0.03707000017166138,0.013,0.14685911743164062,176.15,173.8,178.5,4.699999999999989,7.0,0.0,yahoo,0.13636155334236955,True
SPX,european,SPXW260901C07670000,call,2026-08-13,7748.5,7670.0,2026-09-01,0.03707000017166138,0.013,0.13593011905670166,141.8,141.5,142.1,0.5999999999999943,24.0,0.0,yahoo,0.1299853537217012,True
SPX,european,SPXW260901C07675000,call,2026-08-13,7748.5,7675.0,2026-09-01,0.03707000017166138,0.013,0.13517100189208986,138.2,137.9,138.5,0.5999999999999943,105.0,0.0,yahoo,0.12936982675950567,True
SPX,european,SPXW260901C07700000,call,2026-08-13,7748.5,7700.0,2026-09-01,0.03707000017166138,0.013,0.13037979003906247,119.94999999999999,119.6,120.3,0.7000000000000028,12.0,0.0,yahoo,0.12513244614082963,True
SPX,european,SPXW260901C07720000,call,2026-08-13,7748.5,7720.0,2026-09-01,0.03707000017166138,0.013,0.12741770723342896,106.65,106.3,107.0,0.7000000000000028,21.0,0.0,yahoo,0.1226687179821034,True
SPX,european,SPXW260901C07740000,call,2026-08-13,7748.5,7740.0,2026-09-01,0.03707000017166138,0.013,0.12495534477233886,94.35,94.0,94.7,0.7000000000000028,26.0,0.0,yahoo,0.12067783323302962,True
SPX,european,SPXW260901C07750000,call,2026-08-13,7748.5,7750.0,2026-09-01,0.03707000017166138,0.013,0.12330359737396242,88.2,87.9,88.5,0.5999999999999943,11.0,0.0,yahoo,0.11930250233370356,True
SPX,european,SPXW260901C07760000,call,2026-08-13,7748.5,7760.0,2026-09-01,0.03707000017166138,0.013,0.12223549282073977,82.6,82.3,82.9,0.6000000000000085,22.0,0.0,yahoo,0.11844665068288959,True
SPX,european,SPXW260901C07770000,call,2026-08-13,7748.5,7770.0,2026-09-01,0.03707000017166138,0.013,0.12091371343612672,77.0,76.7,77.3,0.5999999999999943,6.0,0.0,yahoo,0.11732166406320485,True
SPX,european,SPXW260901C07775000,call,2026-08-13,7748.5,7775.0,2026-09-01,0.03707000017166138,0.013,0.12029383132934571,74.3,74.0,74.6,0.5999999999999943,8.0,0.0,yahoo,0.11679819168851019,True
SPX,european,SPXW260901C07780000,call,2026-08-13,7748.5,7780.0,2026-09-01,0.03707000017166138,0.013,0.11961100734710693,71.6,71.3,71.9,0.6000000000000085,5.0,0.0,yahoo,0.11620483331873603,True
SPX,european,SPXW260901C07790000,call,2026-08-13,7748.5,7790.0,2026-09-01,0.03707000017166138,0.013,0.11845898029327394,66.5,66.2,66.8,0.5999999999999943,6.0,0.0,yahoo,0.1152331190815986,True
SPX,european,SPXW260901C07820000,call,2026-08-13,7748.5,7820.0,2026-09-01,0.03707000017166138,0.013,0.11575820163726806,52.900000000000006,52.6,53.2,0.6000000000000014,12.0,0.0,yahoo,0.11303175056421087,True
SPX,european,SPXW260901C07825000,call,2026-08-13,7748.5,7825.0,2026-09-01,0.03707000017166138,0.013,0.11500671379089356,50.599999999999994,50.3,50.9,0.6000000000000014,7.0,0.0,yahoo,0.11235143348561433,True
SPX,european,SPXW260901C07850000,call,2026-08-13,7748.5,7850.0,2026-09-01,0.03707000017166138,0.013,0.1126492544555664,40.85,40.6,41.1,0.5,23.0,0.0,yahoo,0.11041005417327034,True
SPX,european,SPXW260901C07875000,call,2026-08-13,7748.5,7875.0,2026-09-01,0.03707000017166138,0.013,0.1105511919403076,32.45,32.2,32.7,0.5,27.0,0.0,yahoo,0.10861008103426598,True
SPX,european,SPXW260901C07900000,call,2026-08-13,7748.5,7900.0,2026-09-01,0.03707000017166138,0.013,0.10919698795318603,25.65,25.4,25.9,0.5,23.0,0.0,yahoo,0.10751125032616521,True
SPX,european,SPXW260901C07925000,call,2026-08-13,7748.5,7925.0,2026-09-01,0.03707000017166138,0.013,0.1079267064666748,19.95,19.7,20.2,0.5,19.0,0.0,yahoo,0.10644860895237716,True
SPX,european,SPXW260901C07950000,call,2026-08-13,7748.5,7950.0,2026-09-01,0.03707000017166138,0.013,0.10672508884429933,15.3,15.1,15.5,0.40000000000000036,134.0,0.0,yahoo,0.10552573468141363,True
SPX,european,SPXW260901C07975000,call,2026-08-13,7748.5,7975.0,2026-09-01,0.03707000017166138,0.013,0.10587441986083984,11.600000000000001,11.4,11.8,0.40000000000000036,37.0,0.0,yahoo,0.1048099384832428,True
SPX,european,SPXW260901C08000000,call,2026-08-13,7748.5,8000.0,2026-09-01,0.03707000017166138,0.013,0.10524881576538087,8.7,8.5,8.9,0.40000000000000036,19.0,0.0,yahoo,0.10427566299806446,True
SPX,european,SPXW260901C08025000,call,2026-08-13,7748.5,8025.0,2026-09-01,0.03707000017166138,0.013,0.10535562622070313,6.6,6.4,6.8,0.39999999999999947,11.0,0.0,yahoo,0.10444094450602202,True
SPX,european,SPXW260901C08125000,call,2026-08-13,7748.5,8125.0,2026-09-01,0.03707000017166138,0.013,0.1087277848815918,2.35,2.25,2.45,0.20000000000000018,5.0,0.0,yahoo,0.10836374249467583,True
SPX,european,SPXW260901P06600000,put,2026-08-13,7748.5,6600.0,2026-09-01,0.03707000017166138,0.013,0.29184668121337876,1.4500000000000002,1.35,1.55,0.19999999999999996,6.0,0.0,yahoo,0.2990187101886711,True
SPX,european,SPXW260901P06625000,put,2026-08-13,7748.5,6625.0,2026-09-01,0.03707000017166138,0.013,0.2869028829956054,1.525,1.45,1.6,0.15000000000000013,33.0,0.0,yahoo,0.29466428027895863,True
SPX,european,SPXW260901P06675000,put,2026-08-13,7748.5,6675.0,2026-09-01,0.03707000017166138,0.013,0.27893787475585935,1.7000000000000002,1.6,1.8,0.19999999999999996,10.0,0.0,yahoo,0.2861703096924003,True
SPX,european,SPXW260901P06700000,put,2026-08-13,7748.5,6700.0,2026-09-01,0.03707000017166138,0.013,0.27472649108886715,1.7999999999999998,1.7,1.9,0.19999999999999996,10.0,0.0,yahoo,0.2819896552994006,True
SPX,european,SPXW260901P06725000,put,2026-08-13,7748.5,6725.0,2026-09-01,0.03707000017166138,0.013,0.2703930383300781,1.9,1.8,2.0,0.19999999999999996,28.0,0.0,yahoo,0.2776675007262846,True
SPX,european,SPXW260901P06750000,put,2026-08-13,7748.5,6750.0,2026-09-01,0.03707000017166138,0.013,0.26593751647949215,2.0,1.9,2.1,0.20000000000000018,16.0,0.0,yahoo,0.2732144867043408,True
SPX,european,SPXW260901P06900000,put,2026-08-13,7748.5,6900.0,2026-09-01,0.03707000017166138,0.013,0.23964688583374016,2.8,2.7,2.9,0.19999999999999973,13.0,0.0,yahoo,0.2468716252534475,True
SPX,european,SPXW260901P06975000,put,2026-08-13,7748.5,6975.0,2026-09-01,0.03707000017166138,0.013,0.22695170028686518,3.35,3.2,3.5,0.2999999999999998,74.0,0.0,yahoo,0.2335917515392845,True
SPX,european,SPXW260901P07200000,put,2026-08-13,7748.5,7200.0,2026-09-01,0.03707000017166138,0.013,0.18690540885925294,6.15,6.0,6.3,0.2999999999999998,23.0,0.0,yahoo,0.19350571028589678,True
SPX,european,SPXW260901P07210000,put,2026-08-13,7748.5,7210.0,2026-09-01,0.03707000017166138,0.013,0.18518881225585934,6.35,6.2,6.5,0.2999999999999998,5.0,0.0,yahoo,0.1917904319189744,True
SPX,european,SPXW260901P07230000,put,2026-08-13,7748.5,7230.0,2026-09-01,0.03707000017166138,0.013,0.18161829132080076,6.75,6.6,6.9,0.3000000000000007,5.0,0.0,yahoo,0.1882120862751906,True
SPX,european,SPXW260901P07250000,put,2026-08-13,7748.5,7250.0,2026-09-01,0.03707000017166138,0.013,0.1783834603881836,7.2,7.0,7.4,0.40000000000000036,26.0,0.0,yahoo,0.18471432976148536,True
SPX,european,SPXW260901P07275000,put,2026-08-13,7748.5,7275.0,2026-09-01,0.03707000017166138,0.013,0.17390505058288577,7.8,7.6,8.0,0.40000000000000036,14.0,0.0,yahoo,0.18024201146902677,True
SPX,european,SPXW260901P07300000,put,2026-08-13,7748.5,7300.0,2026-09-01,0.03707000017166138,0.013,0.16955633918762208,8.5,8.3,8.7,0.3999999999999986,9.0,0.0,yahoo,0.17591042642740118,True
SPX,european,SPXW260901P07325000,put,2026-08-13,7748.5,7325.0,2026-09-01,0.03707000017166138,0.013,0.16527629165649416,9.3,9.1,9.5,0.40000000000000036,31.0,0.0,yahoo,0.1716451004531595,True
SPX,european,SPXW260901P07330000,put,2026-08-13,7748.5,7330.0,2026-09-01,0.03707000017166138,0.013,0.16413189392089844,9.45,9.3,9.6,0.29999999999999893,6.0,0.0,yahoo,0.17070120202485264,True
SPX,european,SPXW260901P07350000,put,2026-08-13,7748.5,7350.0,2026-09-01,0.03707000017166138,0.013,0.1609962441253662,10.2,10.0,10.4,0.40000000000000036,28.0,0.0,yahoo,0.16738093913429408,True
SPX,european,SPXW260901P07360000,put,2026-08-13,7748.5,7360.0,2026-09-01,0.03707000017166138,0.013,0.15931016479492188,10.600000000000001,10.4,10.8,0.40000000000000036,16.0,0.0,yahoo,0.16570887888041264,True
SPX,european,SPXW260901P07370000,put,2026-08-13,7748.5,7370.0,2026-09-01,0.03707000017166138,0.013,0.1575554216003418,11.0,10.8,11.2,0.3999999999999986,7.0,0.0,yahoo,0.16396211718021528,True
SPX,european,SPXW260901P07375000,put,2026-08-13,7748.5,7375.0,2026-09-01,0.03707000017166138,0.013,0.15665516204833985,11.2,11.0,11.4,0.40000000000000036,7.0,0.0,yahoo,0.16306148505417928,True
SPX,european,SPXW260901P07380000,put,2026-08-13,7748.5,7380.0,2026-09-01,0.03707000017166138,0.013,0.15573201454162597,11.399999999999999,11.2,11.6,0.40000000000000036,21.0,0.0,yahoo,0.16214304823002745,True
SPX,european,SPXW260901P07400000,put,2026-08-13,7748.5,7400.0,2026-09-01,0.03707000017166138,0.013,0.15253914485931397,12.399999999999999,12.2,12.6,0.40000000000000036,16.0,0.0,yahoo,0.1589780053208513,True
SPX,european,SPXW260901P07410000,put,2026-08-13,7748.5,7410.0,2026-09-01,0.03707000017166138,0.013,0.15081491893768312,12.899999999999999,12.7,13.1,0.40000000000000036,15.0,0.0,yahoo,0.1572648411107575,True
SPX,european,SPXW260901P07420000,put,2026-08-13,7748.5,7420.0,2026-09-01,0.03707000017166138,0.013,0.14931575790405271,13.5,13.3,13.7,0.3999999999999986,5.0,0.0,yahoo,0.15578750644519196,True
SPX,european,SPXW260901P07425000,put,2026-08-13,7748.5,7425.0,2026-09-01,0.03707000017166138,0.013,0.1482323947143555,13.7,13.5,13.9,0.40000000000000036,18.0,0.0,yahoo,0.15469711865167216,True
SPX,european,SPXW260901P07440000,put,2026-08-13,7748.5,7440.0,2026-09-01,0.03707000017166138,0.013,0.1457452369689941,14.600000000000001,14.4,14.8,0.40000000000000036,24.0,0.0,yahoo,0.15223652299410628,True
SPX,european,SPXW260901P07450000,put,2026-08-13,7748.5,7450.0,2026-09-01,0.03707000017166138,0.013,0.1442498905944824,15.3,15.1,15.5,0.40000000000000036,25.0,0.0,yahoo,0.15076843651701508,True
SPX,european,SPXW260901P07470000,put,2026-08-13,7748.5,7470.0,2026-09-01,0.03707000017166138,0.013,0.14095402511596683,16.7,16.5,16.9,0.3999999999999986,18.0,0.0,yahoo,0.1475095361866283,True
SPX,european,SPXW260901P07475000,put,2026-08-13,7748.5,7475.0,2026-09-01,0.03707000017166138,0.013,0.14019490795135497,17.1,16.9,17.3,0.40000000000000213,20.0,0.0,yahoo,0.14676421829582587,True
SPX,european,SPXW260901P07480000,put,2026-08-13,7748.5,7480.0,2026-09-01,0.03707000017166138,0.013,0.139657041015625,17.55,17.3,17.8,0.5,37.0,0.0,yahoo,0.14612144243281686,True
SPX,european,SPXW260901P07490000,put,2026-08-13,7748.5,7490.0,2026-09-01,0.03707000017166138,0.013,0.13799384963989259,18.35,18.1,18.6,0.5,20.0,0.0,yahoo,0.14448281999520662,True
SPX,european,SPXW260901P07525000,put,2026-08-13,7748.5,7525.0,2026-09-01,0.03707000017166138,0.013,0.132645697555542,21.75,21.5,22.0,0.5,11.0,0.0,yahoo,0.1392695413091598,True
SPX,european,SPXW260901P07540000,put,2026-08-13,7748.5,7540.0,2026-09-01,0.03707000017166138,0.013,0.13040649265289306,23.45,23.2,23.7,0.5,28.0,0.0,yahoo,0.13709425546579332,True
SPX,european,SPXW260901P07570000,put,2026-08-13,7748.5,7570.0,2026-09-01,0.03707000017166138,0.013,0.1257793111419678,27.3,27.1,27.5,0.3999999999999986,11.0,0.0,yahoo,0.13271739006790864,True
SPX,european,SPXW260901P07575000,put,2026-08-13,7748.5,7575.0,2026-09-01,0.03707000017166138,0.013,0.12482183170318603,27.85,27.6,28.1,0.5,15.0,0.0,yahoo,0.1316774689432405,True
SPX,european,SPXW260901P07580000,put,2026-08-13,7748.5,7580.0,2026-09-01,0.03707000017166138,0.013,0.12401312397003174,28.55,28.3,28.8,0.5,8.0,0.0,yahoo,0.13089789662722282,True
SPX,european,SPXW260901P07590000,put,2026-08-13,7748.5,7590.0,2026-09-01,0.03707000017166138,0.013,0.12264747600555422,30.15,29.9,30.4,0.5,10.0,0.0,yahoo,0.1296006447882419,True
SPX,european,SPXW260901P07600000,put,2026-08-13,7748.5,7600.0,2026-09-01,0.03707000017166138,0.013,0.12128945735931396,31.85,31.6,32.1,0.5,7.0,0.0,yahoo,0.12831484150011555,True
SPX,european,SPXW260901P07620000,put,2026-08-13,7748.5,7620.0,2026-09-01,0.03707000017166138,0.013,0.11838268711090087,35.45,35.2,35.7,0.5,8.0,0.0,yahoo,0.12556237613063267,True
SPX,european,SPXW260901P07630000,put,2026-08-13,7748.5,7630.0,2026-09-01,0.03707000017166138,0.013,0.11682249153137206,37.35,37.1,37.6,0.5,8.0,0.0,yahoo,0.12408524436199969,True
SPX,european,SPXW260901P07640000,put,2026-08-13,7748.5,7640.0,2026-09-01,0.03707000017166138,0.013,0.11523940799713135,39.35,39.1,39.6,0.5,26.0,0.0,yahoo,0.12258908632817316,True
SPX,european,SPXW260901P07650000,put,2026-08-13,7748.5,7650.0,2026-09-01,0.03707000017166138,0.013,0.11393479457855225,41.65,41.4,41.9,0.5,42.0,0.0,yahoo,0.12138976465687079,True
SPX,european,SPXW260901P07660000,put,2026-08-13,7748.5,7660.0,2026-09-01,0.03707000017166138,0.013,0.11287813400268554,44.2,43.9,44.5,0.6000000000000014,36.0,0.0,yahoo,0.12037813849479864,True
SPX,european,SPXW260901P07670000,put,2026-08-13,7748.5,7670.0,2026-09-01,0.03707000017166138,0.013,0.11114437143325806,46.5,46.2,46.8,0.5999999999999943,12.0,0.0,yahoo,0.11875321954577998,True
SPX,european,SPXW260901P07675000,put,2026-08-13,7748.5,7675.0,2026-09-01,0.03707000017166138,0.013,0.11057026523590087,47.95,47.7,48.2,0.5,29.0,0.0,yahoo,0.11832683544462591,True
SPX,european,SPXW260901P07710000,put,2026-08-13,7748.5,7710.0,2026-09-01,0.03707000017166138,0.013,0.10560739372253417,58.2,57.9,58.5,0.6000000000000014,5.0,0.0,yahoo,0.11381886290510776,True
SPX,european,SPXW260901P07720000,put,2026-08-13,7748.5,7720.0,2026-09-01,0.03707000017166138,0.013,0.10413493530273435,61.55,61.3,61.8,0.5,22.0,0.0,yahoo,0.11260033419752025,True
SPX,european,SPXW260901P07725000,put,2026-08-13,7748.5,7725.0,2026-09-01,0.03707000017166138,0.013,0.10350933120727537,63.3,63.0,63.6,0.6000000000000014,16.0,0.0,yahoo,0.11200226388698353,True
SPX,european,SPXW260901P07730000,put,2026-08-13,7748.5,7730.0,2026-09-01,0.03707000017166138,0.013,0.10281124858856201,65.1,64.8,65.4,0.6000000000000085,33.0,0.0,yahoo,0.11140980950115618,True
SPX,european,SPXW260901P07740000,put,2026-08-13,7748.5,7740.0,2026-09-01,0.03707000017166138,0.013,0.101483747215271,68.9,68.6,69.2,0.6000000000000085,9.0,0.0,yahoo,0.11030784556004605,True
SPX,european,SPXW260901P07750000,put,2026-08-13,7748.5,7750.0,2026-09-01,0.03707000017166138,0.013,0.10069602010726927,73.3,73.0,73.6,0.5999999999999943,22.0,0.0,yahoo,0.109780835727514,True
SPX,european,SPXW260901P07770000,put,2026-08-13,7748.5,7770.0,2026-09-01,0.03707000017166138,0.013,0.09764810747146607,81.7,81.4,82.0,0.5999999999999943,14.0,0.0,yahoo,0.10729000570197983,True
SPX,european,SPXW260901P07800000,put,2026-08-13,7748.5,7800.0,2026-09-01,0.03707000017166138,0.013,0.09308386783599853,96.05000000000001,95.7,96.4,0.7000000000000028,200.0,0.0,yahoo,0.10375018304227486,True
SPX,european,SPXW260901P07850000,put,2026-08-13,7748.5,7850.0,2026-09-01,0.03707000017166138,0.013,0.08497390254974367,125.1,124.8,125.4,0.6000000000000085,105.0,0.0,yahoo,0.09868422184581427,True
SPX,european,SPXW260901P07900000,put,2026-08-13,7748.5,7900.0,2026-09-01,0.03707000017166138,0.013,0.0771424073791504,159.64999999999998,157.6,161.7,4.099999999999994,8.0,0.0,yahoo,0.09304295110192813,True
SPX,european,SPXW260902C07350000,call,2026-08-13,7748.5,7350.0,2026-09-02,0.03707000017166138,0.013,0.21730442737579347,426.9,423.3,430.5,7.199999999999989,19.0,0.0,yahoo,0.1924805372461359,True
SPX,european,SPXW260902C07375000,call,2026-08-13,7748.5,7375.0,2026-09-02,0.03707000017166138,0.013,0.21171213710784909,403.35,399.5,407.2,7.699999999999989,8.0,0.0,yahoo,0.1876715693727864,True
SPX,european,SPXW260902C07400000,call,2026-08-13,7748.5,7400.0,2026-09-02,0.03707000017166138,0.013,0.20430025444030758,379.5,375.8,383.2,7.399999999999977,5.0,0.0,yahoo,0.18168824064086825,True
SPX,european,SPXW260902C07425000,call,2026-08-13,7748.5,7425.0,2026-09-02,0.03707000017166138,0.013,0.19708673404693605,355.85,352.3,359.4,7.099999999999966,6.0,0.0,yahoo,0.17590786549648155,True
SPX,european,SPXW260902C07430000,call,2026-08-13,7748.5,7430.0,2026-09-02,0.03707000017166138,0.013,0.19594233631134034,351.20000000000005,347.6,354.8,7.199999999999989,8.0,0.0,yahoo,0.1749080559726808,True
SPX,european,SPXW260902C07470000,call,2026-08-13,7748.5,7470.0,2026-09-02,0.03707000017166138,0.013,0.1844983589553833,313.4,309.7,317.1,7.400000000000034,10.0,0.0,yahoo,0.16490437482828177,True
SPX,european,SPXW260902C07475000,call,2026-08-13,7748.5,7475.0,2026-09-02,0.03707000017166138,0.013,0.18456702281951903,309.54999999999995,305.9,313.2,7.300000000000011,7.0,0.0,yahoo,0.16555861948594877,True
SPX,european,SPXW260902C07480000,call,2026-08-13,7748.5,7480.0,2026-09-02,0.03707000017166138,0.013,0.18327385337829585,304.95000000000005,301.3,308.6,7.300000000000011,10.0,0.0,yahoo,0.16448852921782928,True
SPX,european,SPXW260902C07490000,call,2026-08-13,7748.5,7490.0,2026-09-02,0.03707000017166138,0.013,0.1795125994873047,295.4,292.0,298.8,6.800000000000011,10.0,0.0,yahoo,0.16153017546635964,True
SPX,european,SPXW260902C07500000,call,2026-08-13,7748.5,7500.0,2026-09-02,0.03707000017166138,0.013,0.17829953788757327,286.79999999999995,283.2,290.4,7.199999999999989,6.0,0.0,yahoo,0.1605416876276697,True
SPX,european,SPXW260902C07525000,call,2026-08-13,7748.5,7525.0,2026-09-02,0.03707000017166138,0.013,0.1724859973907471,264.45000000000005,260.8,268.1,7.300000000000011,6.0,0.0,yahoo,0.1557834407711632,True
SPX,european,SPXW260902C07575000,call,2026-08-13,7748.5,7575.0,2026-09-02,0.03707000017166138,0.013,0.1596344108200073,220.25,216.8,223.7,6.899999999999977,32.0,0.0,yahoo,0.14531469966365954,True
SPX,european,SPXW260902C07600000,call,2026-08-13,7748.5,7600.0,2026-09-02,0.03707000017166138,0.013,0.1536339520263672,199.95,197.6,202.3,4.700000000000017,5.0,0.0,yahoo,0.14215118838403015,True
SPX,european,SPXW260902C07620000,call,2026-08-13,7748.5,7620.0,2026-09-02,0.03707000017166138,0.013,0.15034380853652957,184.1,181.7,186.5,4.800000000000011,32.0,0.0,yahoo,0.13955667029712068,True
SPX,european,SPXW260902C07625000,call,2026-08-13,7748.5,7625.0,2026-09-02,0.03707000017166138,0.013,0.14951030551910405,180.14999999999998,177.7,182.6,4.900000000000006,5.0,0.0,yahoo,0.13882551187977035,True
SPX,european,SPXW260902C07675000,call,2026-08-13,7748.5,7675.0,2026-09-02,0.03707000017166138,0.013,0.13658624042510992,141.5,141.2,141.8,0.6000000000000227,20.0,0.0,yahoo,0.13052208748937172,True
SPX,european,SPXW260902C07700000,call,2026-08-13,7748.5,7700.0,2026-09-02,0.03707000017166138,0.013,0.13289746505737304,124.1,123.8,124.4,0.6000000000000085,8.0,0.0,yahoo,0.12749452339134154,True
SPX,european,SPXW260902C07740000,call,2026-08-13,7748.5,7740.0,2026-09-02,0.03707000017166138,0.013,0.12693896751403808,98.1,97.8,98.4,0.6000000000000085,122.0,0.0,yahoo,0.12246449187755888,True
SPX,european,SPXW260902C07750000,call,2026-08-13,7748.5,7750.0,2026-09-02,0.03707000017166138,0.013,0.1255885781860352,92.1,91.8,92.4,0.6000000000000085,112.0,0.0,yahoo,0.12132692189976728,True
SPX,european,SPXW260902C07760000,call,2026-08-13,7748.5,7760.0,2026-09-02,0.03707000017166138,0.013,0.12428015010833741,86.3,86.0,86.6,0.5999999999999943,70.0,0.0,yahoo,0.12022143424972194,True
SPX,european,SPXW260902C07770000,call,2026-08-13,7748.5,7770.0,2026-09-02,0.03707000017166138,0.013,0.12300605396270752,80.7,80.4,81.0,0.5999999999999943,10.0,0.0,yahoo,0.11914133790291544,True
SPX,european,SPXW260902C07775000,call,2026-08-13,7748.5,7775.0,2026-09-02,0.03707000017166138,0.013,0.12186928554534913,77.55000000000001,77.2,77.9,0.7000000000000028,21.0,0.0,yahoo,0.1180200060361068,True
SPX,european,SPXW260902C07790000,call,2026-08-13,7748.5,7790.0,2026-09-02,0.03707000017166138,0.013,0.12012217166900634,69.75,69.4,70.1,0.6999999999999886,9.0,0.0,yahoo,0.11654530211466466,True
SPX,european,SPXW260902C07800000,call,2026-08-13,7748.5,7800.0,2026-09-02,0.03707000017166138,0.013,0.1193230005836487,65.1,64.8,65.4,0.6000000000000085,11.0,0.0,yahoo,0.11599570966326968,True
SPX,european,SPXW260902C07850000,call,2026-08-13,7748.5,7850.0,2026-09-02,0.03707000017166138,0.013,0.1146004525947571,43.900000000000006,43.6,44.2,0.6000000000000014,51.0,0.0,yahoo,0.11201874608829399,True
SPX,european,SPXW260902C07875000,call,2026-08-13,7748.5,7875.0,2026-09-02,0.03707000017166138,0.013,0.11256533195495605,35.3,35.0,35.6,0.6000000000000014,6.0,0.0,yahoo,0.11028507088796143,True
SPX,european,SPXW260902C07880000,call,2026-08-13,7748.5,7880.0,2026-09-02,0.03707000017166138,0.013,0.11245470684051513,33.95,33.7,34.2,0.5,14.0,0.0,yahoo,0.11031166697351576,True
SPX,european,SPXW260902C07900000,call,2026-08-13,7748.5,7900.0,2026-09-02,0.03707000017166138,0.013,0.11096317512512205,28.15,27.9,28.4,0.5,11.0,0.0,yahoo,0.10902527683156707,True
SPX,european,SPXW260902C07925000,call,2026-08-13,7748.5,7925.0,2026-09-02,0.03707000017166138,0.013,0.10942968215942384,22.05,21.8,22.3,0.5,31.0,0.0,yahoo,0.10770980688643196,True
SPX,european,SPXW260902C07950000,call,2026-08-13,7748.5,7950.0,2026-09-02,0.03707000017166138,0.013,0.10856756919860841,17.25,17.0,17.5,0.5,31.0,0.0,yahoo,0.10703235813663663,True
SPX,european,SPXW260902C07975000,call,2026-08-13,7748.5,7975.0,2026-09-02,0.03707000017166138,0.013,0.10739265419006347,13.2,13.0,13.4,0.40000000000000036,15.0,0.0,yahoo,0.10611527709018018,True
SPX,european,SPXW260902C08025000,call,2026-08-13,7748.5,8025.0,2026-09-02,0.03707000017166138,0.013,0.10667549827575684,7.75,7.6,7.9,0.3000000000000007,10.0,0.0,yahoo,0.10575759317393096,True
SPX,european,SPXW260902C08050000,call,2026-08-13,7748.5,8050.0,2026-09-02,0.03707000017166138,0.013,0.10653054122924804,5.8,5.6,6.0,0.40000000000000036,135.0,0.0,yahoo,0.10546463416121049,True
SPX,european,SPXW260902C08075000,call,2026-08-13,7748.5,8075.0,2026-09-02,0.03707000017166138,0.013,0.10733161964416504,4.5,4.3,4.7,0.40000000000000036,45.0,0.0,yahoo,0.10626560127256597,True
SPX,european,SPXW260902C08100000,call,2026-08-13,7748.5,8100.0,2026-09-02,0.03707000017166138,0.013,0.10833106033325196,3.55,3.4,3.7,0.30000000000000027,6.0,0.0,yahoo,0.10751545906751793,True
SPX,european,SPXW260902C08175000,call,2026-08-13,7748.5,8175.0,2026-09-02,0.03707000017166138,0.013,0.11254244400024413,1.775,1.65,1.9,0.25,5.0,0.0,yahoo,0.11174884156654641,True
SPX,european,SPXW260902P06300000,put,2026-08-13,7748.5,6300.0,2026-09-02,0.03707000017166138,0.013,0.3430851824951171,1.025,0.95,1.1,0.15000000000000013,98.0,0.0,yahoo,0.35080371290128753,True
SPX,european,SPXW260902P06500000,put,2026-08-13,7748.5,6500.0,2026-09-02,0.03707000017166138,0.013,0.3087227331542969,1.4500000000000002,1.35,1.55,0.19999999999999996,81.0,0.0,yahoo,0.31585784592846256,True
SPX,european,SPXW260902P06700000,put,2026-08-13,7748.5,6700.0,2026-09-02,0.03707000017166138,0.013,0.273444765625,2.1,2.0,2.2,0.20000000000000018,28.0,0.0,yahoo,0.28065044329057054,True
SPX,european,SPXW260902P06725000,put,2026-08-13,7748.5,6725.0,2026-09-02,0.03707000017166138,0.013,0.2697521755981446,2.25,2.15,2.35,0.20000000000000018,19.0,0.0,yahoo,0.2770029006272595,True
SPX,european,SPXW260902P06775000,put,2026-08-13,7748.5,6775.0,2026-09-02,0.03707000017166138,0.013,0.2611463046264648,2.5,2.4,2.6,0.20000000000000018,8.0,0.0,yahoo,0.2683834816396686,True
SPX,european,SPXW260902P06925000,put,2026-08-13,7748.5,6925.0,2026-09-02,0.03707000017166138,0.013,0.2353439503479004,3.5,3.4,3.6,0.20000000000000018,9.0,0.0,yahoo,0.24250344881012093,True
SPX,european,SPXW260902P06950000,put,2026-08-13,7748.5,6950.0,2026-09-02,0.03707000017166138,0.013,0.23090368713378906,3.7,3.6,3.8,0.19999999999999973,7.0,0.0,yahoo,0.23803640983556806,True
SPX,european,SPXW260902P07000000,put,2026-08-13,7748.5,7000.0,2026-09-02,0.03707000017166138,0.013,0.22159591888427732,4.1,4.0,4.2,0.20000000000000018,78.0,0.0,yahoo,0.22864655013819124,True
SPX,european,SPXW260902P07025000,put,2026-08-13,7748.5,7025.0,2026-09-02,0.03707000017166138,0.013,0.21839160522460935,4.449999999999999,4.3,4.6,0.2999999999999998,8.0,0.0,yahoo,0.2250451480677018,True
SPX,european,SPXW260902P07050000,put,2026-08-13,7748.5,7050.0,2026-09-02,0.03707000017166138,0.013,0.21334099655151367,4.65,4.5,4.8,0.2999999999999998,711.0,0.0,yahoo,0.21994511122389374,True
SPX,european,SPXW260902P07075000,put,2026-08-13,7748.5,7075.0,2026-09-02,0.03707000017166138,0.013,0.20963314788818355,5.0,4.8,5.2,0.40000000000000036,6.0,0.0,yahoo,0.21588396259910822,True
SPX,european,SPXW260902P07125000,put,2026-08-13,7748.5,7125.0,2026-09-02,0.03707000017166138,0.013,0.20076788009643554,5.7,5.5,5.9,0.40000000000000036,12.0,0.0,yahoo,0.20705125376367195,True
SPX,european,SPXW260902P07150000,put,2026-08-13,7748.5,7150.0,2026-09-02,0.03707000017166138,0.013,0.19573253005981445,6.050000000000001,5.9,6.2,0.2999999999999998,19.0,0.0,yahoo,0.20231274956427137,True
SPX,european,SPXW260902P07175000,put,2026-08-13,7748.5,7175.0,2026-09-02,0.03707000017166138,0.013,0.191688991394043,6.5,6.3,6.7,0.40000000000000036,156.0,0.0,yahoo,0.19797676976785777,True
SPX,european,SPXW260902P07180000,put,2026-08-13,7748.5,7180.0,2026-09-02,0.03707000017166138,0.013,0.19084976638793943,6.65,6.5,6.8,0.2999999999999998,8.0,0.0,yahoo,0.19743126627982507,True
SPX,european,SPXW260902P07190000,put,2026-08-13,7748.5,7190.0,2026-09-02,0.03707000017166138,0.013,0.18912554046630858,6.85,6.7,7.0,0.2999999999999998,5.0,0.0,yahoo,0.19570932345413963,True
SPX,european,SPXW260902P07200000,put,2026-08-13,7748.5,7200.0,2026-09-02,0.03707000017166138,0.013,0.1873631679534912,7.050000000000001,6.9,7.2,0.2999999999999998,23.0,0.0,yahoo,0.19394250498980625,True
SPX,european,SPXW260902P07230000,put,2026-08-13,7748.5,7230.0,2026-09-02,0.03707000017166138,0.013,0.1818319122314453,7.65,7.5,7.8,0.2999999999999998,9.0,0.0,yahoo,0.188385300842712,True
SPX,european,SPXW260902P07250000,put,2026-08-13,7748.5,7250.0,2026-09-02,0.03707000017166138,0.013,0.17841397766113282,8.15,8.0,8.3,0.3000000000000007,8.0,0.0,yahoo,0.18496669057001316,True
SPX,european,SPXW260902P07275000,put,2026-08-13,7748.5,7275.0,2026-09-02,0.03707000017166138,0.013,0.17419496467590334,8.8,8.6,9.0,0.40000000000000036,9.0,0.0,yahoo,0.1805235113963291,True
SPX,european,SPXW260902P07300000,put,2026-08-13,7748.5,7300.0,2026-09-02,0.03707000017166138,0.013,0.17046422805786138,9.7,9.5,9.9,0.40000000000000036,14.0,0.0,yahoo,0.17683066426124527,True
SPX,european,SPXW260902P07310000,put,2026-08-13,7748.5,7310.0,2026-09-02,0.03707000017166138,0.013,0.1682212084960938,9.899999999999999,9.7,10.1,0.40000000000000036,6.0,0.0,yahoo,0.17457308050454975,True
SPX,european,SPXW260902P07325000,put,2026-08-13,7748.5,7325.0,2026-09-02,0.03707000017166138,0.013,0.16594004234313967,10.55,10.4,10.7,0.29999999999999893,79.0,0.0,yahoo,0.17250971684956867,True
SPX,european,SPXW260902P07330000,put,2026-08-13,7748.5,7330.0,2026-09-02,0.03707000017166138,0.013,0.1651389639282227,10.65,10.4,10.9,0.5,13.0,0.0,yahoo,0.1713286747501549,True
SPX,european,SPXW260902P07340000,put,2026-08-13,7748.5,7340.0,2026-09-02,0.03707000017166138,0.013,0.16313245323181155,11.0,10.8,11.2,0.3999999999999986,11.0,0.0,yahoo,0.1695111716462591,True
SPX,european,SPXW260902P07360000,put,2026-08-13,7748.5,7360.0,2026-09-02,0.03707000017166138,0.013,0.16000443275451662,11.95,11.8,12.1,0.29999999999999893,8.0,0.0,yahoo,0.16659069451320047,True
SPX,european,SPXW260902P07370000,put,2026-08-13,7748.5,7370.0,2026-09-02,0.03707000017166138,0.013,0.15849764240264896,12.399999999999999,12.2,12.6,0.40000000000000036,80.0,0.0,yahoo,0.16492151981882786,True
SPX,european,SPXW260902P07375000,put,2026-08-13,7748.5,7375.0,2026-09-02,0.03707000017166138,0.013,0.1575477922821045,12.65,12.5,12.8,0.3000000000000007,265.0,0.0,yahoo,0.16414421412248223,True
SPX,european,SPXW260902P07380000,put,2026-08-13,7748.5,7380.0,2026-09-02,0.03707000017166138,0.013,0.15658649818420414,12.85,12.7,13.0,0.3000000000000007,51.0,0.0,yahoo,0.1631793017779759,True
SPX,european,SPXW260902P07390000,put,2026-08-13,7748.5,7390.0,2026-09-02,0.03707000017166138,0.013,0.154930936126709,13.35,13.2,13.5,0.3000000000000007,77.0,0.0,yahoo,0.16152865976783193,True
SPX,european,SPXW260902P07400000,put,2026-08-13,7748.5,7400.0,2026-09-02,0.03707000017166138,0.013,0.15349662429809574,13.899999999999999,13.7,14.1,0.40000000000000036,297.0,0.0,yahoo,0.15995745736739558,True
SPX,european,SPXW260902P07420000,put,2026-08-13,7748.5,7420.0,2026-09-02,0.03707000017166138,0.013,0.1500786897277832,15.05,14.9,15.2,0.29999999999999893,33.0,0.0,yahoo,0.15671130573073258,True
SPX,european,SPXW260902P07425000,put,2026-08-13,7748.5,7425.0,2026-09-02,0.03707000017166138,0.013,0.14924327938079834,15.35,15.2,15.5,0.3000000000000007,135.0,0.0,yahoo,0.1558829601667019,True
SPX,european,SPXW260902P07440000,put,2026-08-13,7748.5,7440.0,2026-09-02,0.03707000017166138,0.013,0.1471490315246582,16.4,16.2,16.6,0.40000000000000213,5.0,0.0,yahoo,0.15368749554084934,True
SPX,european,SPXW260902P07450000,put,2026-08-13,7748.5,7450.0,2026-09-02,0.03707000017166138,0.013,0.14553924537658688,17.05,16.8,17.3,0.5,13.0,0.0,yahoo,0.15196361120959884,True
SPX,european,SPXW260902P07470000,put,2026-08-13,7748.5,7470.0,2026-09-02,0.03707000017166138,0.013,0.1422891558074951,18.6,18.4,18.8,0.40000000000000213,5.0,0.0,yahoo,0.14889105865481927,True
SPX,european,SPXW260902P07475000,put,2026-08-13,7748.5,7475.0,2026-09-02,0.03707000017166138,0.013,0.14147663341522215,19.0,18.8,19.2,0.3999999999999986,92.0,0.0,yahoo,0.1480896931143921,True
SPX,european,SPXW260902P07510000,put,2026-08-13,7748.5,7510.0,2026-09-02,0.03707000017166138,0.013,0.13617425724029542,22.25,22.0,22.5,0.5,10.0,0.0,yahoo,0.142791355235453,True
SPX,european,SPXW260902P07520000,put,2026-08-13,7748.5,7520.0,2026-09-02,0.03707000017166138,0.013,0.13452632450103763,23.25,23.0,23.5,0.5,24.0,0.0,yahoo,0.1411794079443,True
SPX,european,SPXW260902P07525000,put,2026-08-13,7748.5,7525.0,2026-09-02,0.03707000017166138,0.013,0.13366039688110354,23.8,23.6,24.0,0.3999999999999986,19.0,0.0,yahoo,0.14043770786775536,True
SPX,european,SPXW260902P07530000,put,2026-08-13,7748.5,7530.0,2026-09-02,0.03707000017166138,0.013,0.13317593517303467,24.45,24.2,24.7,0.5,25.0,0.0,yahoo,0.1398774038545175,True
SPX,european,SPXW260902P07550000,put,2026-08-13,7748.5,7550.0,2026-09-02,0.03707000017166138,0.013,0.13007080265045162,26.85,26.6,27.1,0.5,77.0,0.0,yahoo,0.13686373990302678,True
SPX,european,SPXW260902P07560000,put,2026-08-13,7748.5,7560.0,2026-09-02,0.03707000017166138,0.013,0.12851060707092285,28.2,28.0,28.4,0.3999999999999986,34.0,0.0,yahoo,0.13545331597217752,True
SPX,european,SPXW260902P07570000,put,2026-08-13,7748.5,7570.0,2026-09-02,0.03707000017166138,0.013,0.12700000205993653,29.6,29.4,29.8,0.40000000000000213,6.0,0.0,yahoo,0.13399471901010315,True
SPX,european,SPXW260902P07575000,put,2026-08-13,7748.5,7575.0,2026-09-02,0.03707000017166138,0.013,0.12618747966766353,30.25,30.0,30.5,0.5,24.0,0.0,yahoo,0.13311671151803836,True
SPX,european,SPXW260902P07580000,put,2026-08-13,7748.5,7580.0,2026-09-02,0.03707000017166138,0.013,0.12551991432189943,31.05,30.8,31.3,0.5,131.0,0.0,yahoo,0.13248370837943949,True
SPX,european,SPXW260902P07590000,put,2026-08-13,7748.5,7590.0,2026-09-02,0.03707000017166138,0.013,0.12424200351715088,32.75,32.5,33.0,0.5,8.0,0.0,yahoo,0.13127757771125026,True
SPX,european,SPXW260902P07600000,put,2026-08-13,7748.5,7600.0,2026-09-02,0.03707000017166138,0.013,0.12262840270996095,34.35,34.1,34.6,0.5,5.0,0.0,yahoo,0.1297282719010951,True
SPX,european,SPXW260902P07610000,put,2026-08-13,7748.5,7610.0,2026-09-02,0.03707000017166138,0.013,0.121190276222229,36.15,35.9,36.4,0.5,13.0,0.0,yahoo,0.12836788979569566,True
SPX,european,SPXW260902P07620000,put,2026-08-13,7748.5,7620.0,2026-09-02,0.03707000017166138,0.013,0.1199085507583618,38.15,37.9,38.4,0.5,21.0,0.0,yahoo,0.12717405568675422,True
SPX,european,SPXW260902P07625000,put,2026-08-13,7748.5,7625.0,2026-09-02,0.03707000017166138,0.013,0.11919902416229249,39.15,38.9,39.4,0.5,42.0,0.0,yahoo,0.126508797743808,True
SPX,european,SPXW260902P07630000,put,2026-08-13,7748.5,7630.0,2026-09-02,0.03707000017166138,0.013,0.11828732063293457,40.05,39.8,40.3,0.5,33.0,0.0,yahoo,0.1256346116593871,True
SPX,european,SPXW260902P07640000,put,2026-08-13,7748.5,7640.0,2026-09-02,0.03707000017166138,0.013,0.1169560046005249,42.25,42.0,42.5,0.5,9.0,0.0,yahoo,0.12440463927117942,True
SPX,european,SPXW260902P07650000,put,2026-08-13,7748.5,7650.0,2026-09-02,0.03707000017166138,0.013,0.11528518390655519,44.3,44.0,44.6,0.6000000000000014,5.0,0.0,yahoo,0.12274842552224896,True
SPX,european,SPXW260902P07660000,put,2026-08-13,7748.5,7660.0,2026-09-02,0.03707000017166138,0.013,0.11402253173828125,46.85,46.6,47.1,0.5,5.0,0.0,yahoo,0.12168288461683671,True
SPX,european,SPXW260902P07675000,put,2026-08-13,7748.5,7675.0,2026-09-02,0.03707000017166138,0.013,0.11181384410858154,50.599999999999994,50.3,50.9,0.6000000000000014,10.0,0.0,yahoo,0.11958220004242379,True
SPX,european,SPXW260902P07700000,put,2026-08-13,7748.5,7700.0,2026-09-02,0.03707000017166138,0.013,0.10884985397338867,58.2,57.9,58.5,0.6000000000000014,10.0,0.0,yahoo,0.1170053238440491,True
SPX,european,SPXW260902P07710000,put,2026-08-13,7748.5,7710.0,2026-09-02,0.03707000017166138,0.013,0.10692535844802858,61.0,60.7,61.3,0.5999999999999943,13.0,0.0,yahoo,0.11523309402857773,True
SPX,european,SPXW260902P07720000,put,2026-08-13,7748.5,7720.0,2026-09-02,0.03707000017166138,0.013,0.10586297588348388,64.6,64.3,64.9,0.6000000000000085,32.0,0.0,yahoo,0.11436628971896881,True
SPX,european,SPXW260902P07725000,put,2026-08-13,7748.5,7725.0,2026-09-02,0.03707000017166138,0.013,0.10496271633148192,66.2,65.9,66.5,0.5999999999999943,240.0,0.0,yahoo,0.11355862180515196,True
SPX,european,SPXW260902P07740000,put,2026-08-13,7748.5,7740.0,2026-09-02,0.03707000017166138,0.013,0.10309353336334227,71.9,71.6,72.2,0.6000000000000085,152.0,0.0,yahoo,0.11202196517638935,True
SPX,european,SPXW260902P07750000,put,2026-08-13,7748.5,7750.0,2026-09-02,0.03707000017166138,0.013,0.10218182983398436,76.15,75.8,76.5,0.7000000000000028,84.0,0.0,yahoo,0.1112970796763945,True
SPX,european,SPXW260902P07760000,put,2026-08-13,7748.5,7760.0,2026-09-02,0.03707000017166138,0.013,0.10044806726455688,80.1,79.8,80.4,0.6000000000000085,8.0,0.0,yahoo,0.1098887758219727,True
SPX,european,SPXW260902P07770000,put,2026-08-13,7748.5,7770.0,2026-09-02,0.03707000017166138,0.013,0.09950012447357177,84.75,84.4,85.1,0.6999999999999886,7.0,0.0,yahoo,0.10917437445435699,True
SPX,european,SPXW260902P07800000,put,2026-08-13,7748.5,7800.0,2026-09-02,0.03707000017166138,0.013,0.09533833137512207,99.3,99.0,99.6,0.5999999999999943,28.0,0.0,yahoo,0.10615032135409172,True
SPX,european,SPXW260903C07275000,call,2026-08-13,7748.5,7275.0,2026-09-03,0.03707000017166138,0.013,0.2365493826293945,500.70000000000005,497.1,504.3,7.199999999999989,5.0,0.0,yahoo,0.20851835852082323,True
SPX,european,SPXW260903C07350000,call,2026-08-13,7748.5,7350.0,2026-09-03,0.03707000017166138,0.013,0.21633550395965573,428.70000000000005,425.1,432.3,7.199999999999989,6.0,0.0,yahoo,0.19175446201191534,True
SPX,european,SPXW260903C07360000,call,2026-08-13,7748.5,7360.0,2026-09-03,0.03707000017166138,0.013,0.21241403438568113,418.35,414.5,422.2,7.699999999999989,5.0,0.0,yahoo,0.1872899319685417,True
SPX,european,SPXW260903C07370000,call,2026-08-13,7748.5,7370.0,2026-09-03,0.03707000017166138,0.013,0.21194864597320556,409.9,406.1,413.7,7.599999999999966,18.0,0.0,yahoo,0.1879726555638411,True
SPX,european,SPXW260903C07380000,call,2026-08-13,7748.5,7380.0,2026-09-03,0.03707000017166138,0.013,0.20840482765197746,400.25,396.7,403.8,7.100000000000023,5.0,0.0,yahoo,0.18533962459454395,True
SPX,european,SPXW260903C07460000,call,2026-08-13,7748.5,7460.0,2026-09-03,0.03707000017166138,0.013,0.18838931125640868,325.70000000000005,322.1,329.3,7.199999999999989,5.0,0.0,yahoo,0.16894245050896242,True
SPX,european,SPXW260903C07525000,call,2026-08-13,7748.5,7525.0,2026-09-03,0.03707000017166138,0.013,0.1729552004623413,267.15,263.6,270.7,7.099999999999966,7.0,0.0,yahoo,0.15650373605034645,True
SPX,european,SPXW260903C07550000,call,2026-08-13,7748.5,7550.0,2026-09-03,0.03707000017166138,0.013,0.16725609973907474,245.35000000000002,241.9,248.8,6.900000000000006,7.0,0.0,yahoo,0.15204172639892408,True
SPX,european,SPXW260903C07600000,call,2026-08-13,7748.5,7600.0,2026-09-03,0.03707000017166138,0.013,0.15572057056427002,203.6,201.2,206.0,4.800000000000011,15.0,0.0,yahoo,0.144140071920583,True
SPX,european,SPXW260903C07670000,call,2026-08-13,7748.5,7670.0,2026-09-03,0.03707000017166138,0.013,0.13974096351623536,149.05,148.7,149.4,0.700000000000017,20.0,0.0,yahoo,0.133269036966064,True
SPX,european,SPXW260903C07700000,call,2026-08-13,7748.5,7700.0,2026-09-03,0.03707000017166138,0.013,0.13495738098144533,127.85,127.5,128.2,0.6999999999999886,16.0,0.0,yahoo,0.12925151634426726,True
SPX,european,SPXW260903C07710000,call,2026-08-13,7748.5,7710.0,2026-09-03,0.03707000017166138,0.013,0.1333666681289673,121.1,120.8,121.4,0.6000000000000085,10.0,0.0,yahoo,0.12796801192073862,True
SPX,european,SPXW260903C07720000,call,2026-08-13,7748.5,7720.0,2026-09-03,0.03707000017166138,0.013,0.13119231243133544,113.94999999999999,113.6,114.3,0.7000000000000028,10.0,0.0,yahoo,0.12593234728657626,True
SPX,european,SPXW260903C07725000,call,2026-08-13,7748.5,7725.0,2026-09-03,0.03707000017166138,0.013,0.1311598878288269,111.3,111.0,111.6,0.5999999999999943,36.0,0.0,yahoo,0.12610518067163545,True
SPX,european,SPXW260903C07740000,call,2026-08-13,7748.5,7740.0,2026-09-03,0.03707000017166138,0.013,0.12863649082183837,101.55000000000001,101.2,101.9,0.7000000000000028,15.0,0.0,yahoo,0.12383243272954621,True
SPX,european,SPXW260903C07750000,call,2026-08-13,7748.5,7750.0,2026-09-03,0.03707000017166138,0.013,0.12704959262847904,95.35,95.0,95.7,0.7000000000000028,72.0,0.0,yahoo,0.1224486660174986,True
SPX,european,SPXW260903C07760000,call,2026-08-13,7748.5,7760.0,2026-09-03,0.03707000017166138,0.013,0.12643161785125728,90.1,89.8,90.4,0.6000000000000085,17.0,0.0,yahoo,0.12211789559749603,True
SPX,european,SPXW260903C07775000,call,2026-08-13,7748.5,7775.0,2026-09-03,0.03707000017166138,0.013,0.12396734806060791,81.25,80.9,81.6,0.6999999999999886,8.0,0.0,yahoo,0.11986021785857748,True
SPX,european,SPXW260903C07850000,call,2026-08-13,7748.5,7850.0,2026-09-03,0.03707000017166138,0.013,0.11706662971496581,47.400000000000006,47.1,47.7,0.6000000000000014,64.0,0.0,yahoo,0.11423545180268772,True
SPX,european,SPXW260903C07875000,call,2026-08-13,7748.5,7875.0,2026-09-03,0.03707000017166138,0.013,0.1147911855506897,38.400000000000006,38.1,38.7,0.6000000000000014,36.0,0.0,yahoo,0.11226606066551753,True
SPX,european,SPXW260903C07900000,call,2026-08-13,7748.5,7900.0,2026-09-03,0.03707000017166138,0.013,0.11311845752716064,30.9,30.6,31.2,0.5999999999999979,63.0,0.0,yahoo,0.11085891720840677,True
SPX,european,SPXW260903C07925000,call,2026-08-13,7748.5,7925.0,2026-09-03,0.03707000017166138,0.013,0.11154681797027587,24.5,24.2,24.8,0.6000000000000014,32.0,0.0,yahoo,0.10950817443711265,True
SPX,european,SPXW260903C08000000,call,2026-08-13,7748.5,8000.0,2026-09-03,0.03707000017166138,0.013,0.10878881942749025,11.65,11.4,11.9,0.5,9.0,0.0,yahoo,0.10729812252322633,True
SPX,european,SPXW260903C08025000,call,2026-08-13,7748.5,8025.0,2026-09-03,0.03707000017166138,0.013,0.10837683624267577,9.0,8.8,9.2,0.3999999999999986,5.0,0.0,yahoo,0.10711077279373397,True
SPX,european,SPXW260903C08050000,call,2026-08-13,7748.5,8050.0,2026-09-03,0.03707000017166138,0.013,0.10787330123901367,6.85,6.7,7.0,0.2999999999999998,11.0,0.0,yahoo,0.10684184253080466,True
SPX,european,SPXW260903C08100000,call,2026-08-13,7748.5,8100.0,2026-09-03,0.03707000017166138,0.013,0.10902532829284667,4.15,4.0,4.3,0.2999999999999998,5.0,0.0,yahoo,0.10806628762233848,True
SPX,european,SPXW260903C08150000,call,2026-08-13,7748.5,8150.0,2026-09-03,0.03707000017166138,0.013,0.1110165803527832,2.55,2.4,2.7,0.30000000000000027,11.0,0.0,yahoo,0.10998752562348597,True
SPX,european,SPXW260903C08175000,call,2026-08-13,7748.5,8175.0,2026-09-03,0.03707000017166138,0.013,0.11258821990966797,2.075,1.95,2.2,0.2500000000000002,19.0,0.0,yahoo,0.11170089149251015,True
SPX,european,SPXW260903C08200000,call,2026-08-13,7748.5,8200.0,2026-09-03,0.03707000017166138,0.013,0.11469391174316407,1.725,1.6,1.85,0.25,47.0,0.0,yahoo,0.1137595722226412,True
SPX,european,SPXW260903P06200000,put,2026-08-13,7748.5,6200.0,2026-09-03,0.03707000017166138,0.013,0.36023588989257804,1.075,1.0,1.15,0.1499999999999999,24.0,0.0,yahoo,0.36799736610694056,True
SPX,european,SPXW260903P06400000,put,2026-08-13,7748.5,6400.0,2026-09-03,0.03707000017166138,0.013,0.3251410260009765,1.475,1.4,1.55,0.15000000000000013,31.0,0.0,yahoo,0.3329558865183941,True
SPX,european,SPXW260903P06450000,put,2026-08-13,7748.5,6450.0,2026-09-03,0.03707000017166138,0.013,0.3169623968505859,1.6,1.5,1.7,0.19999999999999996,5.0,0.0,yahoo,0.3241576418335069,True
SPX,european,SPXW260903P06500000,put,2026-08-13,7748.5,6500.0,2026-09-03,0.03707000017166138,0.013,0.3083870431518554,1.75,1.65,1.85,0.20000000000000018,64.0,0.0,yahoo,0.31562497895248304,True
SPX,european,SPXW260903P06550000,put,2026-08-13,7748.5,6550.0,2026-09-03,0.03707000017166138,0.013,0.3004525521850586,1.95,1.85,2.05,0.19999999999999973,200.0,0.0,yahoo,0.3077600395478023,True
SPX,european,SPXW260903P06600000,put,2026-08-13,7748.5,6600.0,2026-09-03,0.03707000017166138,0.013,0.291175301208496,2.1,2.0,2.2,0.20000000000000018,10.0,0.0,yahoo,0.2984577027473424,True
SPX,european,SPXW260903P06625000,put,2026-08-13,7748.5,6625.0,2026-09-03,0.03707000017166138,0.013,0.2868723657226562,2.2,2.1,2.3,0.19999999999999973,16.0,0.0,yahoo,0.29415073833912997,True
SPX,european,SPXW260903P06750000,put,2026-08-13,7748.5,6750.0,2026-09-03,0.03707000017166138,0.013,0.2660138096618652,2.85,2.75,2.95,0.20000000000000018,11.0,0.0,yahoo,0.2732822749405553,True
SPX,european,SPXW260903P06925000,put,2026-08-13,7748.5,6925.0,2026-09-03,0.03707000017166138,0.013,0.235710157623291,4.05,3.9,4.2,0.30000000000000027,17.0,0.0,yahoo,0.24235301176356153,True
SPX,european,SPXW260903P06950000,put,2026-08-13,7748.5,6950.0,2026-09-03,0.03707000017166138,0.013,0.2310867907714844,4.300000000000001,4.2,4.4,0.20000000000000018,25.0,0.0,yahoo,0.23816659201089133,True
SPX,european,SPXW260903P06975000,put,2026-08-13,7748.5,6975.0,2026-09-03,0.03707000017166138,0.013,0.22716532119750976,4.550000000000001,4.4,4.7,0.2999999999999998,10.0,0.0,yahoo,0.23380405692787976,True
SPX,european,SPXW260903P07100000,put,2026-08-13,7748.5,7100.0,2026-09-03,0.03707000017166138,0.013,0.20539124694824218,6.15,6.0,6.3,0.2999999999999998,11.0,0.0,yahoo,0.21200309663802414,True
SPX,european,SPXW260903P07125000,put,2026-08-13,7748.5,7125.0,2026-09-03,0.03707000017166138,0.013,0.20098913032531737,6.550000000000001,6.4,6.7,0.2999999999999998,5.0,0.0,yahoo,0.20758718493929415,True
SPX,european,SPXW260903P07150000,put,2026-08-13,7748.5,7150.0,2026-09-03,0.03707000017166138,0.013,0.19693033302307125,7.0,6.8,7.2,0.40000000000000036,22.0,0.0,yahoo,0.203246624606054,True
SPX,european,SPXW260903P07175000,put,2026-08-13,7748.5,7175.0,2026-09-03,0.03707000017166138,0.013,0.19261976821899413,7.5,7.3,7.7,0.40000000000000036,9.0,0.0,yahoo,0.19894368036966645,True
SPX,european,SPXW260903P07200000,put,2026-08-13,7748.5,7200.0,2026-09-03,0.03707000017166138,0.013,0.18806506523132324,8.05,7.9,8.2,0.29999999999999893,33.0,0.0,yahoo,0.19464445990446833,True
SPX,european,SPXW260903P07275000,put,2026-08-13,7748.5,7275.0,2026-09-03,0.03707000017166138,0.013,0.17552246604919433,10.100000000000001,9.9,10.3,0.40000000000000036,7.0,0.0,yahoo,0.18189884231534842,True
SPX,european,SPXW260903P07300000,put,2026-08-13,7748.5,7300.0,2026-09-03,0.03707000017166138,0.013,0.17112797874450683,10.899999999999999,10.7,11.1,0.40000000000000036,9.0,0.0,yahoo,0.1775117245906535,True
SPX,european,SPXW260903P07320000,put,2026-08-13,7748.5,7320.0,2026-09-03,0.03707000017166138,0.013,0.1679465530395508,11.7,11.5,11.9,0.40000000000000036,12.0,0.0,yahoo,0.17435715553307618,True
SPX,european,SPXW260903P07340000,put,2026-08-13,7748.5,7340.0,2026-09-03,0.03707000017166138,0.013,0.16452098915100097,12.5,12.3,12.7,0.3999999999999986,7.0,0.0,yahoo,0.17094512068041867,True
SPX,european,SPXW260903P07350000,put,2026-08-13,7748.5,7350.0,2026-09-03,0.03707000017166138,0.013,0.16304471607208254,13.0,12.8,13.2,0.3999999999999986,7.0,0.0,yahoo,0.16948492733578086,True
SPX,european,SPXW260903P07390000,put,2026-08-13,7748.5,7390.0,2026-09-03,0.03707000017166138,0.013,0.15611348045349124,14.95,14.8,15.1,0.29999999999999893,26.0,0.0,yahoo,0.1627420968993877,True
SPX,european,SPXW260903P07420000,put,2026-08-13,7748.5,7420.0,2026-09-03,0.03707000017166138,0.013,0.15151300155639652,16.8,16.6,17.0,0.3999999999999986,6.0,0.0,yahoo,0.15805070842040583,True
SPX,european,SPXW260903P07425000,put,2026-08-13,7748.5,7425.0,2026-09-03,0.03707000017166138,0.013,0.15089121212005618,17.15,16.9,17.4,0.5,7.0,0.0,yahoo,0.15730984508529317,True
SPX,european,SPXW260903P07430000,put,2026-08-13,7748.5,7430.0,2026-09-03,0.03707000017166138,0.013,0.14998713790893559,17.45,17.2,17.7,0.5,56.0,0.0,yahoo,0.15641140143964716,True
SPX,european,SPXW260903P07450000,put,2026-08-13,7748.5,7450.0,2026-09-03,0.03707000017166138,0.013,0.14690870800018307,18.95,18.7,19.2,0.5,5.0,0.0,yahoo,0.15339214991046254,True
SPX,european,SPXW260903P07470000,put,2026-08-13,7748.5,7470.0,2026-09-03,0.03707000017166138,0.013,0.1437005796813965,20.55,20.3,20.8,0.5,6.0,0.0,yahoo,0.15023998760234597,True
SPX,european,SPXW260903P07490000,put,2026-08-13,7748.5,7490.0,2026-09-03,0.03707000017166138,0.013,0.1407747361373901,22.45,22.2,22.7,0.5,11.0,0.0,yahoo,0.14738857419608586,True
SPX,european,SPXW260903P07500000,put,2026-08-13,7748.5,7500.0,2026-09-03,0.03707000017166138,0.013,0.13904669555664065,23.35,23.1,23.6,0.5,25.0,0.0,yahoo,0.145688690955604,True
SPX,european,SPXW260903P07520000,put,2026-08-13,7748.5,7520.0,2026-09-03,0.03707000017166138,0.013,0.1360979640579224,25.55,25.3,25.8,0.5,8.0,0.0,yahoo,0.14282628637842976,True
SPX,european,SPXW260903P07530000,put,2026-08-13,7748.5,7530.0,2026-09-03,0.03707000017166138,0.013,0.13464457893371584,26.75,26.5,27.0,0.5,12.0,0.0,yahoo,0.14142031876432695,True
SPX,european,SPXW260903P07540000,put,2026-08-13,7748.5,7540.0,2026-09-03,0.03707000017166138,0.013,0.13306912471771237,27.95,27.7,28.2,0.5,8.0,0.0,yahoo,0.13988925389904727,True
SPX,european,SPXW260903P07575000,put,2026-08-13,7748.5,7575.0,2026-09-03,0.03707000017166138,0.013,0.1278277830886841,32.85,32.6,33.1,0.5,15.0,0.0,yahoo,0.1348451947171262,True
SPX,european,SPXW260903P07610000,put,2026-08-13,7748.5,7610.0,2026-09-03,0.03707000017166138,0.013,0.12288779953002929,38.95,38.7,39.2,0.5,16.0,0.0,yahoo,0.13016306796478,True
SPX,european,SPXW260903P07625000,put,2026-08-13,7748.5,7625.0,2026-09-03,0.03707000017166138,0.013,0.12078973701477053,41.900000000000006,41.6,42.2,0.6000000000000014,8.0,0.0,yahoo,0.12811758039899898,True
SPX,european,SPXW260903P07630000,put,2026-08-13,7748.5,7630.0,2026-09-03,0.03707000017166138,0.013,0.12016031826019287,43.0,42.7,43.3,0.5999999999999943,6.0,0.0,yahoo,0.12753765731074024,True
SPX,european,SPXW260903P07650000,put,2026-08-13,7748.5,7650.0,2026-09-03,0.03707000017166138,0.013,0.11704564908981321,47.35,47.1,47.6,0.5,6.0,0.0,yahoo,0.12469667154883841,True
SPX,european,SPXW260903P07660000,put,2026-08-13,7748.5,7660.0,2026-09-03,0.03707000017166138,0.013,0.11587454874038697,49.95,49.7,50.2,0.5,10.0,0.0,yahoo,0.12364846588974533,True
SPX,european,SPXW260903P07670000,put,2026-08-13,7748.5,7670.0,2026-09-03,0.03707000017166138,0.013,0.11436394372940065,52.400000000000006,52.1,52.7,0.6000000000000014,10.0,0.0,yahoo,0.12218375142173908,True
SPX,european,SPXW260903P07675000,put,2026-08-13,7748.5,7675.0,2026-09-03,0.03707000017166138,0.013,0.11388711133956908,53.900000000000006,53.6,54.2,0.6000000000000014,57.0,0.0,yahoo,0.12178116705487751,True
SPX,european,SPXW260903P07700000,put,2026-08-13,7748.5,7700.0,2026-09-03,0.03707000017166138,0.013,0.11056263591766356,61.3,61.0,61.6,0.6000000000000014,12.0,0.0,yahoo,0.11883193712768969,True
SPX,european,SPXW260903P07720000,put,2026-08-13,7748.5,7720.0,2026-09-03,0.03707000017166138,0.013,0.10809836612701415,68.1,67.8,68.4,0.6000000000000085,27.0,0.0,yahoo,0.11673266241638806,True
SPX,european,SPXW260903P07730000,put,2026-08-13,7748.5,7730.0,2026-09-03,0.03707000017166138,0.013,0.10651146793365479,71.5,71.2,71.8,0.5999999999999943,29.0,0.0,yahoo,0.11534275501181676,True
SPX,european,SPXW260903P07740000,put,2026-08-13,7748.5,7740.0,2026-09-03,0.03707000017166138,0.013,0.10521066917419433,75.25,74.9,75.6,0.6999999999999886,29.0,0.0,yahoo,0.11419621303497383,True
SPX,european,SPXW260903P07750000,put,2026-08-13,7748.5,7750.0,2026-09-03,0.03707000017166138,0.013,0.1039194070625305,79.25,78.9,79.6,0.6999999999999886,67.0,0.0,yahoo,0.11314570868939326,True
SPX,european,SPXW260903P07770000,put,2026-08-13,7748.5,7770.0,2026-09-03,0.03707000017166138,0.013,0.1009229923248291,87.6,87.3,87.9,0.6000000000000085,14.0,0.0,yahoo,0.11076122272216159,True
SPX,european,SPXW260903P07775000,put,2026-08-13,7748.5,7775.0,2026-09-03,0.03707000017166138,0.013,0.10056250703811645,90.05000000000001,89.7,90.4,0.7000000000000028,15.0,0.0,yahoo,0.11049223058024574,True
SPX,european,SPXW260903P07825000,put,2026-08-13,7748.5,7825.0,2026-09-03,0.03707000017166138,0.013,0.09327269346237183,115.44999999999999,115.1,115.8,0.7000000000000028,5.0,0.0,yahoo,0.10524220969658266,True
SPX,european,SPXW260903P07850000,put,2026-08-13,7748.5,7850.0,2026-09-03,0.03707000017166138,0.013,0.08991388610839844,130.7,130.4,131.0,0.5999999999999943,5.0,0.0,yahoo,0.10346130511340385,True
